scene,seed,time,mode,mission_state,x,y,z,roll,pitch,yaw,goal_x,goal_y,cmd_vx,cmd_vy,cmd_wz,slope_deg,obstacle_density,traversability_mean,traversability_true,traversability_uncertainty,terrain_cost,visibility_confidence,stuck_risk_prior,J_ground,J_air,risk_cvar,energy_term,switch_reason,battery,power_w,energy_j,ground_energy_j,air_energy_j,takeoff_energy_j,land_energy_j,switch_energy_j,path_length,ground_distance_m,air_distance_m,switch_count,collision_count,stuck_count,stuck_event_count,slip_ratio,shield_override_count,override_reason,safe_landing_margin_j,unsafe_action_count,irreversible_failure,entered_unrecoverable_set,recoverability_margin_min,final_distance,success,timeout,air_backend,legacy_energy_model,energy_model,flight_phase,calibration_trial_id,calibration_split,rotors_cmd_omega_0_rad_s,rotors_cmd_omega_1_rad_s,rotors_cmd_omega_2_rad_s,rotors_cmd_omega_3_rad_s,rotors_actual_omega_0_rad_s,rotors_actual_omega_1_rad_s,rotors_actual_omega_2_rad_s,rotors_actual_omega_3_rad_s,rotors_cmd_omega_mean_rad_s,rotors_actual_omega_mean_rad_s,rotors_total_thrust_n,rotors_mechanical_power_w,rotors_mechanical_energy_j,rotors_trial_mechanical_energy_j,rotors_trial_flight_duration_s,rotors_trial_distance_m,rotors_takeoff_mechanical_energy_j,rotors_hover_mechanical_energy_j,rotors_translation_mechanical_energy_j,rotors_return_mechanical_energy_j,rotors_landing_mechanical_energy_j,rotors_takeoff_duration_s,rotors_hover_duration_s,rotors_translation_duration_s,rotors_return_duration_s,rotors_landing_duration_s,rotors_altitude_m,rotors_velocity_x_m_s,rotors_velocity_y_m_s,rotors_velocity_z_m_s,rotors_speed_m_s,rotor_force_constant_n_per_rad_s_sq,rotor_moment_constant_m,rotor_velocity_slowdown_sim,rotors_energy_valid,supervisor_energy_backend,supervisor_energy_model,supervisor_predicted_consumption_j,supervisor_actual_consumption_j,supervisor_reserve_j,supervisor_block_reason,rotors_mechanical_budget_j,rotors_mechanical_remaining_j
scene_a,-1,0.201,GROUND,NAVIGATE,0.0000,0.0000,0.1448,0.0000,-0.0000,0.0000,2.0000,0.0000,0.4500,-0.0000,-0.0000,0.00,0.050,0.967,0.967,0.065,0.032,0.958,0.065,0.0000,0.0000,0.0000,0.0000,ground_only,1.000,0.0000,0.0000,0.0000,0.0000,0.0000,0.0000,0.0000,0.0000,0.0000,0.0000,0,0,0,0,0.0000,0,ok,32400.0000,0,0,0,37000.0000,2.0000,0,0,rotors,legacy_task_distance_hover_proxy_v1,rotors_aero_shaft_mechanical_proxy_v1,GROUND,,,0.000000,0.000000,0.000000,0.000000,0.000000,0.000000,0.000000,0.000000,0.000000,0.000000,0.000000,0.000000,0.000000,0.000000,0.000000,0.000000,0.000000,0.000000,0.000000,0.000000,0.000000,0.000000,0.000000,0.000000,0.000000,0.000000,0.144826,-0.000000,-0.000000,-0.313600,0.313600,1.568e-05,0.06,10,1,rotors,rotors_aero_shaft_mechanical_proxy_v1,0.000000,0.000000,37000.000000,none,37000.000000,37000.000000
scene_a,-1,0.400,GROUND,NAVIGATE,0.0000,0.0000,0.0440,-0.0000,0.0000,0.0000,2.0000,0.0000,0.4500,-0.0000,-0.0000,0.00,0.050,0.967,0.967,0.065,0.032,0.958,0.065,0.0000,0.0000,0.0000,0.0000,ground_only,1.000,0.1575,0.0313,0.0313,0.0000,0.0000,0.0000,0.0000,0.0000,0.0000,0.0000,0,0,0,0,1.0000,0,ok,32400.0000,0,0,0,37000.0000,2.0000,0,0,rotors,legacy_task_distance_hover_proxy_v1,rotors_aero_shaft_mechanical_proxy_v1,GROUND,,,0.000000,0.000000,0.000000,0.000000,0.000000,0.000000,0.000000,0.000000,0.000000,0.000000,0.000000,0.000000,0.000000,0.000000,0.000000,0.000000,0.000000,0.000000,0.000000,0.000000,0.000000,0.000000,0.000000,0.000000,0.000000,0.000000,0.043991,0.000000,-0.000000,-0.009262,0.009262,1.568e-05,0.06,10,1,rotors,rotors_aero_shaft_mechanical_proxy_v1,0.000000,0.000000,37000.000000,none,37000.000000,37000.000000
scene_a,-1,0.600,GROUND,NAVIGATE,0.0864,-0.0000,0.0450,-0.0000,0.0234,-0.0000,2.0000,0.0000,0.4500,0.0000,0.0000,0.00,0.050,0.967,0.967,0.065,0.032,0.958,0.065,0.0000,0.0000,0.0000,0.0000,ground_only,1.000,0.1575,0.0628,0.0628,0.0000,0.0000,0.0000,0.0000,0.0864,0.0864,0.0000,0,0,0,0,0.5189,0,ok,32400.0000,0,0,0,37000.0000,1.9136,0,0,rotors,legacy_task_distance_hover_proxy_v1,rotors_aero_shaft_mechanical_proxy_v1,GROUND,,,0.000000,0.000000,0.000000,0.000000,0.000000,0.000000,0.000000,0.000000,0.000000,0.000000,0.000000,0.000000,0.000000,0.000000,0.000000,0.000000,0.000000,0.000000,0.000000,0.000000,0.000000,0.000000,0.000000,0.000000,0.000000,0.000000,0.045032,0.448807,0.000002,0.056296,0.452324,1.568e-05,0.06,10,1,rotors,rotors_aero_shaft_mechanical_proxy_v1,0.000000,0.000000,37000.000000,none,37000.000000,37000.000000
scene_a,-1,0.800,GROUND,NAVIGATE,0.1731,-0.0000,0.0464,-0.0000,0.0527,-0.0000,2.0000,0.0000,0.4500,0.0000,0.0000,0.00,0.050,0.967,0.967,0.065,0.032,0.958,0.065,0.0000,0.0000,0.0000,0.0000,ground_only,1.000,0.1575,0.0943,0.0943,0.0000,0.0000,0.0000,0.0000,0.1731,0.1731,0.0000,0,0,0,0,0.3579,0,ok,32400.0000,0,0,0,37000.0000,1.8269,0,0,rotors,legacy_task_distance_hover_proxy_v1,rotors_aero_shaft_mechanical_proxy_v1,GROUND,,,0.000000,0.000000,0.000000,0.000000,0.000000,0.000000,0.000000,0.000000,0.000000,0.000000,0.000000,0.000000,0.000000,0.000000,0.000000,0.000000,0.000000,0.000000,0.000000,0.000000,0.000000,0.000000,0.000000,0.000000,0.000000,0.000000,0.046384,0.446760,0.000009,0.073248,0.452725,1.568e-05,0.06,10,1,rotors,rotors_aero_shaft_mechanical_proxy_v1,0.000000,0.000000,37000.000000,none,37000.000000,37000.000000
scene_a,-1,1.000,GROUND,NAVIGATE,0.2605,-0.0000,0.0477,-0.0000,0.0742,-0.0000,2.0000,0.0000,0.4500,0.0000,0.0000,0.00,0.050,0.967,0.967,0.065,0.032,0.958,0.065,0.0000,0.0000,0.0000,0.0000,ground_only,1.000,0.1575,0.1258,0.1258,0.0000,0.0000,0.0000,0.0000,0.2609,0.2609,0.0000,0,0,0,0,0.2756,0,ok,32400.0000,0,0,0,37000.0000,1.7395,0,0,rotors,legacy_task_distance_hover_proxy_v1,rotors_aero_shaft_mechanical_proxy_v1,GROUND,,,0.000000,0.000000,0.000000,0.000000,0.000000,0.000000,0.000000,0.000000,0.000000,0.000000,0.000000,0.000000,0.000000,0.000000,0.000000,0.000000,0.000000,0.000000,0.000000,0.000000,0.000000,0.000000,0.000000,0.000000,0.000000,0.000000,0.047665,0.448120,0.000007,0.042002,0.450084,1.568e-05,0.06,10,1,rotors,rotors_aero_shaft_mechanical_proxy_v1,0.000000,0.000000,37000.000000,none,37000.000000,37000.000000
scene_a,-1,1.200,GROUND,NAVIGATE,0.3480,-0.0000,0.0482,-0.0000,0.0979,-0.0000,2.0000,0.0000,0.4500,0.0000,0.0000,0.00,0.050,0.967,0.967,0.065,0.032,0.958,0.065,0.0000,0.0000,0.0000,0.0000,ground_only,1.000,0.1575,0.1573,0.1573,0.0000,0.0000,0.0000,0.0000,0.3480,0.3480,0.0000,0,0,0,0,0.2259,0,ok,32400.0000,0,0,0,37000.0000,1.6520,0,0,rotors,legacy_task_distance_hover_proxy_v1,rotors_aero_shaft_mechanical_proxy_v1,GROUND,,,0.000000,0.000000,0.000000,0.000000,0.000000,0.000000,0.000000,0.000000,0.000000,0.000000,0.000000,0.000000,0.000000,0.000000,0.000000,0.000000,0.000000,0.000000,0.000000,0.000000,0.000000,0.000000,0.000000,0.000000,0.000000,0.000000,0.048161,0.438325,0.000005,0.140875,0.460407,1.568e-05,0.06,10,1,rotors,rotors_aero_shaft_mechanical_proxy_v1,0.000000,0.000000,37000.000000,none,37000.000000,37000.000000
scene_a,-1,1.400,GROUND,NAVIGATE,0.4359,-0.0000,0.0491,-0.0000,0.1192,-0.0000,2.0000,0.0000,0.4500,0.0000,0.0000,0.00,0.050,0.967,0.967,0.065,0.032,0.958,0.065,0.0000,0.0000,0.0000,0.0000,ground_only,1.000,0.1575,0.1888,0.1888,0.0000,0.0000,0.0000,0.0000,0.4359,0.4359,0.0000,0,0,0,0,0.1921,0,ok,32400.0000,0,0,0,37000.0000,1.5641,0,0,rotors,legacy_task_distance_hover_proxy_v1,rotors_aero_shaft_mechanical_proxy_v1,GROUND,,,0.000000,0.000000,0.000000,0.000000,0.000000,0.000000,0.000000,0.000000,0.000000,0.000000,0.000000,0.000000,0.000000,0.000000,0.000000,0.000000,0.000000,0.000000,0.000000,0.000000,0.000000,0.000000,0.000000,0.000000,0.000000,0.000000,0.049052,0.456189,0.000003,-0.024813,0.456863,1.568e-05,0.06,10,1,rotors,rotors_aero_shaft_mechanical_proxy_v1,0.000000,0.000000,37000.000000,none,37000.000000,37000.000000
scene_a,-1,1.600,GROUND,NAVIGATE,0.5235,-0.0000,0.0503,-0.0000,0.1439,-0.0000,2.0000,0.0000,0.4500,0.0000,0.0000,0.00,0.050,0.967,0.967,0.065,0.032,0.958,0.065,0.0000,0.0000,0.0000,0.0000,ground_only,1.000,0.1575,0.2203,0.2203,0.0000,0.0000,0.0000,0.0000,0.5239,0.5239,0.0000,0,0,0,0,0.1685,0,ok,32400.0000,0,0,0,37000.0000,1.4765,0,0,rotors,legacy_task_distance_hover_proxy_v1,rotors_aero_shaft_mechanical_proxy_v1,GROUND,,,0.000000,0.000000,0.000000,0.000000,0.000000,0.000000,0.000000,0.000000,0.000000,0.000000,0.000000,0.000000,0.000000,0.000000,0.000000,0.000000,0.000000,0.000000,0.000000,0.000000,0.000000,0.000000,0.000000,0.000000,0.000000,0.000000,0.050341,0.445413,0.000002,0.064090,0.450000,1.568e-05,0.06,10,1,rotors,rotors_aero_shaft_mechanical_proxy_v1,0.000000,0.000000,37000.000000,none,37000.000000,37000.000000
scene_a,-1,1.800,GROUND,NAVIGATE,0.6111,-0.0000,0.0510,-0.0000,0.1689,-0.0000,2.0000,0.0000,0.4500,0.0000,0.0000,0.00,0.050,0.967,0.967,0.065,0.032,0.958,0.065,0.0000,0.0000,0.0000,0.0000,ground_only,1.000,0.1575,0.2518,0.2518,0.0000,0.0000,0.0000,0.0000,0.6116,0.6116,0.0000,0,0,0,0,0.1507,0,ok,32400.0000,0,0,0,37000.0000,1.3889,0,0,rotors,legacy_task_distance_hover_proxy_v1,rotors_aero_shaft_mechanical_proxy_v1,GROUND,,,0.000000,0.000000,0.000000,0.000000,0.000000,0.000000,0.000000,0.000000,0.000000,0.000000,0.000000,0.000000,0.000000,0.000000,0.000000,0.000000,0.000000,0.000000,0.000000,0.000000,0.000000,0.000000,0.000000,0.000000,0.000000,0.000000,0.051000,0.432160,0.000002,0.142695,0.455108,1.568e-05,0.06,10,1,rotors,rotors_aero_shaft_mechanical_proxy_v1,0.000000,0.000000,37000.000000,none,37000.000000,37000.000000
scene_a,-1,2.000,GROUND,NAVIGATE,0.6991,-0.0000,0.0515,-0.0000,0.1910,-0.0000,2.0000,0.0000,0.4500,0.0000,0.0000,0.00,0.050,0.967,0.967,0.065,0.032,0.958,0.065,0.0000,0.0000,0.0000,0.0000,ground_only,1.000,0.1575,0.2833,0.2833,0.0000,0.0000,0.0000,0.0000,0.6991,0.6991,0.0000,0,0,0,0,0.1364,0,ok,32400.0000,0,0,0,37000.0000,1.3009,0,0,rotors,legacy_task_distance_hover_proxy_v1,rotors_aero_shaft_mechanical_proxy_v1,GROUND,,,0.000000,0.000000,0.000000,0.000000,0.000000,0.000000,0.000000,0.000000,0.000000,0.000000,0.000000,0.000000,0.000000,0.000000,0.000000,0.000000,0.000000,0.000000,0.000000,0.000000,0.000000,0.000000,0.000000,0.000000,0.000000,0.000000,0.051526,0.460585,0.000001,-0.011651,0.460733,1.568e-05,0.06,10,1,rotors,rotors_aero_shaft_mechanical_proxy_v1,0.000000,0.000000,37000.000000,none,37000.000000,37000.000000
scene_a,-1,2.200,GROUND,NAVIGATE,0.7868,-0.0000,0.0529,-0.0000,0.2162,-0.0000,2.0000,0.0000,0.4500,0.0000,0.0000,0.00,0.050,0.967,0.967,0.065,0.032,0.958,0.065,0.0000,0.0000,0.0000,0.0000,ground_only,1.000,0.1575,0.3148,0.3148,0.0000,0.0000,0.0000,0.0000,0.7873,0.7873,0.0000,0,0,0,0,0.1253,0,ok,32400.0000,0,0,0,37000.0000,1.2132,0,0,rotors,legacy_task_distance_hover_proxy_v1,rotors_aero_shaft_mechanical_proxy_v1,GROUND,,,0.000000,0.000000,0.000000,0.000000,0.000000,0.000000,0.000000,0.000000,0.000000,0.000000,0.000000,0.000000,0.000000,0.000000,0.000000,0.000000,0.000000,0.000000,0.000000,0.000000,0.000000,0.000000,0.000000,0.000000,0.000000,0.000000,0.052948,0.446114,0.000001,0.066529,0.451048,1.568e-05,0.06,10,1,rotors,rotors_aero_shaft_mechanical_proxy_v1,0.000000,0.000000,37000.000000,none,37000.000000,37000.000000
scene_a,-1,2.400,GROUND,NAVIGATE,0.8745,-0.0000,0.0537,-0.0000,0.2414,-0.0000,2.0000,0.0000,0.4500,0.0000,0.0000,0.00,0.050,0.967,0.967,0.065,0.032,0.958,0.065,0.0000,0.0000,0.0000,0.0000,ground_only,1.000,0.1575,0.3463,0.3463,0.0000,0.0000,0.0000,0.0000,0.8745,0.8745,0.0000,0,0,0,0,0.1162,0,ok,32400.0000,0,0,0,37000.0000,1.1255,0,0,rotors,legacy_task_distance_hover_proxy_v1,rotors_aero_shaft_mechanical_proxy_v1,GROUND,,,0.000000,0.000000,0.000000,0.000000,0.000000,0.000000,0.000000,0.000000,0.000000,0.000000,0.000000,0.000000,0.000000,0.000000,0.000000,0.000000,0.000000,0.000000,0.000000,0.000000,0.000000,0.000000,0.000000,0.000000,0.000000,0.000000,0.053733,0.423357,0.000001,0.162789,0.453576,1.568e-05,0.06,10,1,rotors,rotors_aero_shaft_mechanical_proxy_v1,0.000000,0.000000,37000.000000,none,37000.000000,37000.000000
scene_a,-1,2.600,GROUND,NAVIGATE,0.9626,-0.0000,0.0538,-0.0000,0.2634,-0.0000,2.0000,0.0000,0.4500,0.0000,0.0000,0.00,0.050,0.967,0.967,0.065,0.032,0.958,0.065,0.0000,0.0000,0.0000,0.0000,ground_only,1.000,0.1575,0.3778,0.3778,0.0000,0.0000,0.0000,0.0000,0.9626,0.9626,0.0000,0,0,0,0,0.1084,0,ok,32400.0000,0,0,0,37000.0000,1.0374,0,0,rotors,legacy_task_distance_hover_proxy_v1,rotors_aero_shaft_mechanical_proxy_v1,GROUND,,,0.000000,0.000000,0.000000,0.000000,0.000000,0.000000,0.000000,0.000000,0.000000,0.000000,0.000000,0.000000,0.000000,0.000000,0.000000,0.000000,0.000000,0.000000,0.000000,0.000000,0.000000,0.000000,0.000000,0.000000,0.000000,0.000000,0.053832,0.465784,0.000000,0.001087,0.465785,1.568e-05,0.06,10,1,rotors,rotors_aero_shaft_mechanical_proxy_v1,0.000000,0.000000,37000.000000,none,37000.000000,37000.000000
scene_a,-1,2.800,GROUND,NAVIGATE,1.0503,-0.0000,0.0554,-0.0000,0.2884,-0.0000,2.0000,0.0000,0.4500,0.0000,0.0000,0.00,0.050,0.967,0.967,0.065,0.032,0.958,0.065,0.0000,0.0000,0.0000,0.0000,ground_only,1.000,0.1575,0.4093,0.4093,0.0000,0.0000,0.0000,0.0000,1.0508,1.0508,0.0000,0,0,0,0,0.1019,0,ok,32400.0000,0,0,0,37000.0000,0.9497,0,0,rotors,legacy_task_distance_hover_proxy_v1,rotors_aero_shaft_mechanical_proxy_v1,GROUND,,,0.000000,0.000000,0.000000,0.000000,0.000000,0.000000,0.000000,0.000000,0.000000,0.000000,0.000000,0.000000,0.000000,0.000000,0.000000,0.000000,0.000000,0.000000,0.000000,0.000000,0.000000,0.000000,0.000000,0.000000,0.000000,0.000000,0.055363,0.443574,0.000000,0.087003,0.452026,1.568e-05,0.06,10,1,rotors,rotors_aero_shaft_mechanical_proxy_v1,0.000000,0.000000,37000.000000,none,37000.000000,37000.000000
scene_a,-1,3.000,GROUND,NAVIGATE,1.1385,-0.0000,0.0563,-0.0000,0.3132,-0.0000,2.0000,0.0000,0.4500,0.0000,0.0000,0.00,0.050,0.967,0.967,0.065,0.032,0.958,0.065,0.0000,0.0000,0.0000,0.0000,ground_only,1.000,0.1575,0.4408,0.4408,0.0000,0.0000,0.0000,0.0000,1.1385,1.1385,0.0000,0,0,0,0,0.0961,0,ok,32400.0000,0,0,0,37000.0000,0.8615,0,0,rotors,legacy_task_distance_hover_proxy_v1,rotors_aero_shaft_mechanical_proxy_v1,GROUND,,,0.000000,0.000000,0.000000,0.000000,0.000000,0.000000,0.000000,0.000000,0.000000,0.000000,0.000000,0.000000,0.000000,0.000000,0.000000,0.000000,0.000000,0.000000,0.000000,0.000000,0.000000,0.000000,0.000000,0.000000,0.000000,0.000000,0.056282,0.417456,0.000000,0.171545,0.451328,1.568e-05,0.06,10,1,rotors,rotors_aero_shaft_mechanical_proxy_v1,0.000000,0.000000,37000.000000,none,37000.000000,37000.000000
scene_a,-1,3.200,GROUND,NAVIGATE,1.2259,-0.0000,0.0569,-0.0000,0.3389,-0.0000,2.0000,0.0000,0.4500,0.0000,0.0000,0.00,0.050,0.967,0.967,0.065,0.032,0.958,0.065,0.0000,0.0000,0.0000,0.0000,ground_only,1.000,0.1575,0.4723,0.4723,0.0000,0.0000,0.0000,0.0000,1.2264,1.2264,0.0000,0,0,0,0,0.0916,0,ok,32400.0000,0,0,0,37000.0000,0.7741,0,0,rotors,legacy_task_distance_hover_proxy_v1,rotors_aero_shaft_mechanical_proxy_v1,GROUND,,,0.000000,0.000000,0.000000,0.000000,0.000000,0.000000,0.000000,0.000000,0.000000,0.000000,0.000000,0.000000,0.000000,0.000000,0.000000,0.000000,0.000000,0.000000,0.000000,0.000000,0.000000,0.000000,0.000000,0.000000,0.000000,0.000000,0.056905,0.400265,0.000000,0.218091,0.455824,1.568e-05,0.06,10,1,rotors,rotors_aero_shaft_mechanical_proxy_v1,0.000000,0.000000,37000.000000,none,37000.000000,37000.000000
scene_a,-1,3.400,GROUND,NAVIGATE,1.3143,-0.0000,0.0578,-0.0000,0.3659,-0.0000,2.0000,0.0000,0.4500,0.0000,0.0000,0.00,0.050,0.967,0.967,0.065,0.032,0.958,0.065,0.0000,0.0000,0.0000,0.0000,ground_only,1.000,0.1575,0.5038,0.5038,0.0000,0.0000,0.0000,0.0000,1.3143,1.3143,0.0000,0,0,0,0,0.0870,0,ok,32400.0000,0,0,0,37000.0000,0.6857,0,0,rotors,legacy_task_distance_hover_proxy_v1,rotors_aero_shaft_mechanical_proxy_v1,GROUND,,,0.000000,0.000000,0.000000,0.000000,0.000000,0.000000,0.000000,0.000000,0.000000,0.000000,0.000000,0.000000,0.000000,0.000000,0.000000,0.000000,0.000000,0.000000,0.000000,0.000000,0.000000,0.000000,0.000000,0.000000,0.000000,0.000000,0.057840,0.397964,0.000000,0.219062,0.454273,1.568e-05,0.06,10,1,rotors,rotors_aero_shaft_mechanical_proxy_v1,0.000000,0.000000,37000.000000,none,37000.000000,37000.000000
scene_a,-1,3.600,GROUND,NAVIGATE,1.4004,-0.0000,0.0587,-0.0000,0.3925,-0.0000,2.0000,0.0000,0.4273,0.0000,0.0000,0.00,0.050,0.967,0.967,0.065,0.032,0.958,0.065,0.0000,0.0000,0.0000,0.0000,ground_only,1.000,0.1495,0.5338,0.5338,0.0000,0.0000,0.0000,0.0000,1.4008,1.4008,0.0000,0,0,0,0,0.0819,0,ok,32400.0000,0,0,0,37000.0000,0.5996,0,0,rotors,legacy_task_distance_hover_proxy_v1,rotors_aero_shaft_mechanical_proxy_v1,GROUND,,,0.000000,0.000000,0.000000,0.000000,0.000000,0.000000,0.000000,0.000000,0.000000,0.000000,0.000000,0.000000,0.000000,0.000000,0.000000,0.000000,0.000000,0.000000,0.000000,0.000000,0.000000,0.000000,0.000000,0.000000,0.000000,0.000000,0.058748,0.388522,0.000000,0.178560,0.427589,1.568e-05,0.06,10,1,rotors,rotors_aero_shaft_mechanical_proxy_v1,0.000000,0.000000,37000.000000,none,37000.000000,37000.000000
scene_a,-1,3.800,GROUND,NAVIGATE,1.4769,-0.0000,0.0594,-0.0000,0.4190,-0.0000,2.0000,0.0000,0.3714,0.0000,0.0000,0.00,0.050,0.967,0.967,0.065,0.032,0.958,0.065,0.0000,0.0000,0.0000,0.0000,ground_only,1.000,0.1300,0.5598,0.5598,0.0000,0.0000,0.0000,0.0000,1.4769,1.4769,0.0000,0,0,0,0,0.0773,0,ok,32400.0000,0,0,0,37000.0000,0.5231,0,0,rotors,legacy_task_distance_hover_proxy_v1,rotors_aero_shaft_mechanical_proxy_v1,GROUND,,,0.000000,0.000000,0.000000,0.000000,0.000000,0.000000,0.000000,0.000000,0.000000,0.000000,0.000000,0.000000,0.000000,0.000000,0.000000,0.000000,0.000000,0.000000,0.000000,0.000000,0.000000,0.000000,0.000000,0.000000,0.000000,0.000000,0.059412,0.343138,0.000000,0.142521,0.371559,1.568e-05,0.06,10,1,rotors,rotors_aero_shaft_mechanical_proxy_v1,0.000000,0.000000,37000.000000,none,37000.000000,37000.000000
scene_a,-1,4.000,GROUND,NAVIGATE,1.5434,-0.0000,0.0598,-0.0000,0.4472,-0.0000,2.0000,0.0000,0.3230,0.0000,0.0000,0.00,0.050,0.967,0.967,0.065,0.032,0.958,0.065,0.0000,0.0000,0.0000,0.0000,ground_only,1.000,0.1131,0.5824,0.5824,0.0000,0.0000,0.0000,0.0000,1.5434,1.5434,0.0000,0,0,0,0,0.0733,0,ok,32400.0000,0,0,0,37000.0000,0.4566,0,0,rotors,legacy_task_distance_hover_proxy_v1,rotors_aero_shaft_mechanical_proxy_v1,GROUND,,,0.000000,0.000000,0.000000,0.000000,0.000000,0.000000,0.000000,0.000000,0.000000,0.000000,0.000000,0.000000,0.000000,0.000000,0.000000,0.000000,0.000000,0.000000,0.000000,0.000000,0.000000,0.000000,0.000000,0.000000,0.000000,0.000000,0.059823,0.326424,0.000000,0.065856,0.333001,1.568e-05,0.06,10,1,rotors,rotors_aero_shaft_mechanical_proxy_v1,0.000000,0.000000,37000.000000,none,37000.000000,37000.000000
scene_a,-1,4.200,GROUND,NAVIGATE,1.6181,0.0250,0.0607,0.0000,0.4745,0.1093,5.0000,1.5000,0.4248,0.1486,0.6056,0.00,0.050,0.967,0.967,0.065,0.032,0.958,0.065,0.0000,0.0000,0.0000,0.0000,ground_only,1.000,0.1575,0.6139,0.6139,0.0000,0.0000,0.0000,0.0000,1.6233,1.6233,0.0000,0,0,0,0,0.0758,0,ok,32400.0000,0,0,0,37000.0000,3.6896,0,0,rotors,legacy_task_distance_hover_proxy_v1,rotors_aero_shaft_mechanical_proxy_v1,GROUND,,,0.000000,0.000000,0.000000,0.000000,0.000000,0.000000,0.000000,0.000000,0.000000,0.000000,0.000000,0.000000,0.000000,0.000000,0.000000,0.000000,0.000000,0.000000,0.000000,0.000000,0.000000,0.000000,0.000000,0.000000,0.000000,0.000000,0.060722,0.356709,0.141287,0.235438,0.450149,1.568e-05,0.06,10,1,rotors,rotors_aero_shaft_mechanical_proxy_v1,0.000000,0.000000,37000.000000,none,37000.000000,37000.000000
scene_a,-1,4.400,GROUND,NAVIGATE,1.6990,0.0593,0.0614,-0.0000,0.5036,0.2139,5.0000,1.5000,0.4391,0.0986,0.3978,0.00,0.050,0.967,0.967,0.065,0.032,0.958,0.065,0.0000,0.0000,0.0000,0.0000,ground_only,1.000,0.1575,0.6454,0.6454,0.0000,0.0000,0.0000,0.0000,1.7114,1.7114,0.0000,0,0,0,0,0.0733,0,ok,32400.0000,0,0,0,37000.0000,3.6017,0,0,rotors,legacy_task_distance_hover_proxy_v1,rotors_aero_shaft_mechanical_proxy_v1,GROUND,,,0.000000,0.000000,0.000000,0.000000,0.000000,0.000000,0.000000,0.000000,0.000000,0.000000,0.000000,0.000000,0.000000,0.000000,0.000000,0.000000,0.000000,0.000000,0.000000,0.000000,0.000000,0.000000,0.000000,0.000000,0.000000,0.000000,0.061433,0.410861,0.093643,0.164220,0.452266,1.568e-05,0.06,10,1,rotors,rotors_aero_shaft_mechanical_proxy_v1,0.000000,0.000000,37000.000000,none,37000.000000,37000.000000
scene_a,-1,4.600,GROUND,NAVIGATE,1.7789,0.0936,0.0627,0.0000,0.5410,0.2769,5.0000,1.5000,0.4450,0.0671,0.2693,0.00,0.050,0.967,0.967,0.065,0.032,0.958,0.065,0.0000,0.0000,0.0000,0.0000,ground_only,1.000,0.1575,0.6769,0.6769,0.0000,0.0000,0.0000,0.0000,1.7988,1.7988,0.0000,0,0,0,0,0.0715,0,ok,32400.0000,0,0,0,37000.0000,3.5147,0,0,rotors,legacy_task_distance_hover_proxy_v1,rotors_aero_shaft_mechanical_proxy_v1,GROUND,,,0.000000,0.000000,0.000000,0.000000,0.000000,0.000000,0.000000,0.000000,0.000000,0.000000,0.000000,0.000000,0.000000,0.000000,0.000000,0.000000,0.000000,0.000000,0.000000,0.000000,0.000000,0.000000,0.000000,0.000000,0.000000,0.000000,0.062733,0.400885,0.063522,0.196820,0.451090,1.568e-05,0.06,10,1,rotors,rotors_aero_shaft_mechanical_proxy_v1,0.000000,0.000000,37000.000000,none,37000.000000,37000.000000
scene_a,-1,4.800,GROUND,NAVIGATE,1.8598,0.1286,0.0634,-0.0000,0.5768,0.3171,5.0000,1.5000,0.4476,0.0466,0.1868,0.00,0.050,0.967,0.967,0.065,0.032,0.958,0.065,0.0000,0.0000,0.0000,0.0000,ground_only,1.000,0.1575,0.7084,0.7084,0.0000,0.0000,0.0000,0.0000,1.8866,1.8866,0.0000,0,0,0,0,0.0693,0,ok,32400.0000,0,0,0,37000.0000,3.4266,0,0,rotors,legacy_task_distance_hover_proxy_v1,rotors_aero_shaft_mechanical_proxy_v1,GROUND,,,0.000000,0.000000,0.000000,0.000000,0.000000,0.000000,0.000000,0.000000,0.000000,0.000000,0.000000,0.000000,0.000000,0.000000,0.000000,0.000000,0.000000,0.000000,0.000000,0.000000,0.000000,0.000000,0.000000,0.000000,0.000000,0.000000,0.063388,0.430995,0.044030,0.157630,0.461023,1.568e-05,0.06,10,1,rotors,rotors_aero_shaft_mechanical_proxy_v1,0.000000,0.000000,37000.000000,none,37000.000000,37000.000000
scene_a,-1,5.000,GROUND,NAVIGATE,1.9402,0.1634,0.0646,-0.0000,0.6098,0.3451,5.0000,1.5000,0.4488,0.0329,0.1315,0.00,0.050,0.967,0.967,0.065,0.032,0.958,0.065,0.0000,0.0000,0.0000,0.0000,ground_only,1.000,0.1575,0.7399,0.7399,0.0000,0.0000,0.0000,0.0000,1.9741,1.9741,0.0000,0,0,0,0,0.0675,0,ok,32400.0000,0,0,0,37000.0000,3.3390,0,0,rotors,legacy_task_distance_hover_proxy_v1,rotors_aero_shaft_mechanical_proxy_v1,GROUND,,,0.000000,0.000000,0.000000,0.000000,0.000000,0.000000,0.000000,0.000000,0.000000,0.000000,0.000000,0.000000,0.000000,0.000000,0.000000,0.000000,0.000000,0.000000,0.000000,0.000000,0.000000,0.000000,0.000000,0.000000,0.000000,0.000000,0.064563,0.338015,0.030957,0.299836,0.452895,1.568e-05,0.06,10,1,rotors,rotors_aero_shaft_mechanical_proxy_v1,0.000000,0.000000,37000.000000,none,37000.000000,37000.000000
scene_a,-1,5.200,GROUND,NAVIGATE,2.0209,0.1985,0.0650,0.0000,0.6432,0.3649,5.0000,1.5000,0.4494,0.0232,0.0928,0.00,0.050,0.967,0.967,0.065,0.032,0.958,0.065,0.0000,0.0000,0.0000,0.0000,ground_only,1.000,0.1575,0.7714,0.7714,0.0000,0.0000,0.0000,0.0000,2.0627,2.0627,0.0000,0,0,0,0,0.0657,0,ok,32400.0000,0,0,0,37000.0000,3.2509,0,0,rotors,legacy_task_distance_hover_proxy_v1,rotors_aero_shaft_mechanical_proxy_v1,GROUND,,,0.000000,0.000000,0.000000,0.000000,0.000000,0.000000,0.000000,0.000000,0.000000,0.000000,0.000000,0.000000,0.000000,0.000000,0.000000,0.000000,0.000000,0.000000,0.000000,0.000000,0.000000,0.000000,0.000000,0.000000,0.000000,0.000000,0.064994,0.412499,0.021804,0.198968,0.458497,1.568e-05,0.06,10,1,rotors,rotors_aero_shaft_mechanical_proxy_v1,0.000000,0.000000,37000.000000,none,37000.000000,37000.000000
scene_a,-1,5.400,GROUND,NAVIGATE,2.1020,0.2338,0.0657,-0.0000,0.6809,0.3788,5.0000,1.5000,0.4497,0.0164,0.0655,0.00,0.050,0.967,0.967,0.065,0.032,0.958,0.065,0.0000,0.0000,0.0000,0.0000,ground_only,1.000,0.1575,0.8029,0.8029,0.0000,0.0000,0.0000,0.0000,2.1506,2.1506,0.0000,0,0,0,0,0.0638,0,ok,32400.0000,0,0,0,37000.0000,3.1625,0,0,rotors,legacy_task_distance_hover_proxy_v1,rotors_aero_shaft_mechanical_proxy_v1,GROUND,,,0.000000,0.000000,0.000000,0.000000,0.000000,0.000000,0.000000,0.000000,0.000000,0.000000,0.000000,0.000000,0.000000,0.000000,0.000000,0.000000,0.000000,0.000000,0.000000,0.000000,0.000000,0.000000,0.000000,0.000000,0.000000,0.000000,0.065743,0.401814,0.015354,0.218414,0.457597,1.568e-05,0.06,10,1,rotors,rotors_aero_shaft_mechanical_proxy_v1,0.000000,0.000000,37000.000000,none,37000.000000,37000.000000
scene_a,-1,5.600,GROUND,NAVIGATE,2.1822,0.2687,0.0669,0.0000,0.7102,0.3886,5.0000,1.5000,0.4499,0.0115,0.0461,0.00,0.050,0.967,0.967,0.065,0.032,0.958,0.065,0.0000,0.0000,0.0000,0.0000,ground_only,1.000,0.1575,0.8344,0.8344,0.0000,0.0000,0.0000,0.0000,2.2381,2.2381,0.0000,0,0,0,0,0.0625,0,ok,32400.0000,0,0,0,37000.0000,3.0751,0,0,rotors,legacy_task_distance_hover_proxy_v1,rotors_aero_shaft_mechanical_proxy_v1,GROUND,,,0.000000,0.000000,0.000000,0.000000,0.000000,0.000000,0.000000,0.000000,0.000000,0.000000,0.000000,0.000000,0.000000,0.000000,0.000000,0.000000,0.000000,0.000000,0.000000,0.000000,0.000000,0.000000,0.000000,0.000000,0.000000,0.000000,0.066945,0.242637,0.010794,0.407793,0.474641,1.568e-05,0.06,10,1,rotors,rotors_aero_shaft_mechanical_proxy_v1,0.000000,0.000000,37000.000000,none,37000.000000,37000.000000
scene_a,-1,5.800,GROUND,NAVIGATE,2.2632,0.3041,0.0681,0.0000,0.7264,0.3956,5.0000,1.5000,0.4499,0.0081,0.0323,0.00,0.050,0.967,0.967,0.065,0.032,0.958,0.065,0.0000,0.0000,0.0000,0.0000,ground_only,1.000,0.1575,0.8659,0.8659,0.0000,0.0000,0.0000,0.0000,2.3265,2.3265,0.0000,0,0,0,0,0.0609,0,ok,32400.0000,0,0,0,37000.0000,2.9867,0,0,rotors,legacy_task_distance_hover_proxy_v1,rotors_aero_shaft_mechanical_proxy_v1,GROUND,,,0.000000,0.000000,0.000000,0.000000,0.000000,0.000000,0.000000,0.000000,0.000000,0.000000,0.000000,0.000000,0.000000,0.000000,0.000000,0.000000,0.000000,0.000000,0.000000,0.000000,0.000000,0.000000,0.000000,0.000000,0.000000,0.000000,0.068093,0.249368,0.007545,0.396737,0.468660,1.568e-05,0.06,10,1,rotors,rotors_aero_shaft_mechanical_proxy_v1,0.000000,0.000000,37000.000000,none,37000.000000,37000.000000
scene_a,-1,6.000,GROUND,NAVIGATE,2.3446,0.3396,0.0693,0.0000,0.7425,0.4006,5.0000,1.5000,0.4500,0.0056,0.0226,0.00,0.050,0.967,0.967,0.065,0.032,0.958,0.065,0.0000,0.0000,0.0000,0.0000,ground_only,1.000,0.1575,0.8974,0.8974,0.0000,0.0000,0.0000,0.0000,2.4153,2.4153,0.0000,0,0,0,0,0.0593,0,ok,32400.0000,0,0,0,37000.0000,2.8979,0,0,rotors,legacy_task_distance_hover_proxy_v1,rotors_aero_shaft_mechanical_proxy_v1,GROUND,,,0.000000,0.000000,0.000000,0.000000,0.000000,0.000000,0.000000,0.000000,0.000000,0.000000,0.000000,0.000000,0.000000,0.000000,0.000000,0.000000,0.000000,0.000000,0.000000,0.000000,0.000000,0.000000,0.000000,0.000000,0.000000,0.000000,0.069274,0.256776,0.005275,0.385693,0.463380,1.568e-05,0.06,10,1,rotors,rotors_aero_shaft_mechanical_proxy_v1,0.000000,0.000000,37000.000000,none,37000.000000,37000.000000
scene_a,-1,6.200,GROUND,NAVIGATE,2.4256,0.3750,0.0703,0.0000,0.7583,0.4040,5.0000,1.5000,0.4500,0.0040,0.0158,0.00,0.050,0.967,0.967,0.065,0.032,0.958,0.065,0.0000,0.0000,0.0000,0.0000,ground_only,1.000,0.1575,0.9289,0.9289,0.0000,0.0000,0.0000,0.0000,2.5037,2.5037,0.0000,0,0,0,0,0.0579,0,ok,32400.0000,0,0,0,37000.0000,2.8095,0,0,rotors,legacy_task_distance_hover_proxy_v1,rotors_aero_shaft_mechanical_proxy_v1,GROUND,,,0.000000,0.000000,0.000000,0.000000,0.000000,0.000000,0.000000,0.000000,0.000000,0.000000,0.000000,0.000000,0.000000,0.000000,0.000000,0.000000,0.000000,0.000000,0.000000,0.000000,0.000000,0.000000,0.000000,0.000000,0.000000,0.000000,0.070259,0.264811,0.003687,0.374777,0.458907,1.568e-05,0.06,10,1,rotors,rotors_aero_shaft_mechanical_proxy_v1,0.000000,0.000000,37000.000000,none,37000.000000,37000.000000
scene_a,-1,6.400,GROUND,NAVIGATE,2.5062,0.4102,0.0711,0.0000,0.7738,0.4064,5.0000,1.5000,0.4500,0.0028,0.0111,0.00,0.050,0.967,0.967,0.065,0.032,0.958,0.065,0.0000,0.0000,0.0000,0.0000,ground_only,1.000,0.1575,0.9604,0.9604,0.0000,0.0000,0.0000,0.0000,2.5916,2.5916,0.0000,0,0,0,0,0.0568,0,ok,32400.0000,0,0,0,37000.0000,2.7215,0,0,rotors,legacy_task_distance_hover_proxy_v1,rotors_aero_shaft_mechanical_proxy_v1,GROUND,,,0.000000,0.000000,0.000000,0.000000,0.000000,0.000000,0.000000,0.000000,0.000000,0.000000,0.000000,0.000000,0.000000,0.000000,0.000000,0.000000,0.000000,0.000000,0.000000,0.000000,0.000000,0.000000,0.000000,0.000000,0.000000,0.000000,0.071107,0.273478,0.002577,0.364002,0.455296,1.568e-05,0.06,10,1,rotors,rotors_aero_shaft_mechanical_proxy_v1,0.000000,0.000000,37000.000000,none,37000.000000,37000.000000
scene_a,-1,6.600,GROUND,NAVIGATE,2.5870,0.4447,0.0708,-0.0041,0.7810,0.4144,5.0000,1.5000,0.4500,0.0009,0.0037,0.00,0.050,0.967,0.967,0.065,0.032,0.958,0.065,0.0000,0.0000,0.0000,0.0000,ground_only,1.000,0.1575,0.9919,0.9919,0.0000,0.0000,0.0000,0.0000,2.6796,2.6796,0.0000,0,0,0,0,0.0557,0,ok,32400.0000,0,0,0,37000.0000,2.6336,0,0,rotors,legacy_task_distance_hover_proxy_v1,rotors_aero_shaft_mechanical_proxy_v1,GROUND,,,0.000000,0.000000,0.000000,0.000000,0.000000,0.000000,0.000000,0.000000,0.000000,0.000000,0.000000,0.000000,0.000000,0.000000,0.000000,0.000000,0.000000,0.000000,0.000000,0.000000,0.000000,0.000000,0.000000,0.000000,0.000000,0.000000,0.070845,0.264874,-0.000633,0.371738,0.456452,1.568e-05,0.06,10,1,rotors,rotors_aero_shaft_mechanical_proxy_v1,0.000000,0.000000,37000.000000,none,37000.000000,37000.000000
scene_a,-1,6.800,GROUND,NAVIGATE,2.6671,0.4788,0.0704,-0.0005,0.7783,0.4154,5.0000,1.5000,0.4500,-0.0058,-0.0233,0.00,0.050,0.967,0.967,0.065,0.032,0.958,0.065,0.0000,0.0000,0.0000,0.0000,ground_only,0.999,0.1575,1.0234,1.0234,0.0000,0.0000,0.0000,0.0000,2.7668,2.7668,0.0000,0,0,0,0,0.0550,0,ok,32400.0000,0,0,0,37000.0000,2.5466,0,0,rotors,legacy_task_distance_hover_proxy_v1,rotors_aero_shaft_mechanical_proxy_v1,GROUND,,,0.000000,0.000000,0.000000,0.000000,0.000000,0.000000,0.000000,0.000000,0.000000,0.000000,0.000000,0.000000,0.000000,0.000000,0.000000,0.000000,0.000000,0.000000,0.000000,0.000000,0.000000,0.000000,0.000000,0.000000,0.000000,0.000000,0.070385,0.143772,-0.100750,0.267469,0.319939,1.568e-05,0.06,10,1,rotors,rotors_aero_shaft_mechanical_proxy_v1,0.000000,0.000000,37000.000000,none,37000.000000,37000.000000
scene_a,-1,7.000,GROUND,NAVIGATE,2.7478,0.5130,0.0711,-0.0069,0.7798,0.4219,5.0000,1.5000,0.4500,-0.0037,-0.0147,0.00,0.050,0.967,0.967,0.065,0.032,0.958,0.065,0.0000,0.0000,0.0000,0.0000,ground_only,0.999,0.1575,1.0549,1.0549,0.0000,0.0000,0.0000,0.0000,2.8545,2.8545,0.0000,0,0,0,0,0.0542,0,ok,32400.0000,0,0,0,37000.0000,2.4590,0,0,rotors,legacy_task_distance_hover_proxy_v1,rotors_aero_shaft_mechanical_proxy_v1,GROUND,,,0.000000,0.000000,0.000000,0.000000,0.000000,0.000000,0.000000,0.000000,0.000000,0.000000,0.000000,0.000000,0.000000,0.000000,0.000000,0.000000,0.000000,0.000000,0.000000,0.000000,0.000000,0.000000,0.000000,0.000000,0.000000,0.000000,0.071116,0.282319,-0.005774,0.353847,0.452709,1.568e-05,0.06,10,1,rotors,rotors_aero_shaft_mechanical_proxy_v1,0.000000,0.000000,37000.000000,none,37000.000000,37000.000000
scene_a,-1,7.200,GROUND,NAVIGATE,2.8277,0.5470,0.0709,-0.0111,0.7736,0.4058,5.0000,1.5000,0.4500,-0.0018,-0.0070,0.00,0.050,0.967,0.967,0.065,0.032,0.958,0.065,0.0000,0.0000,0.0000,0.0000,ground_only,0.999,0.1575,1.0864,1.0864,0.0000,0.0000,0.0000,0.0000,2.9415,2.9415,0.0000,0,0,0,0,0.0536,0,ok,32400.0000,0,0,0,37000.0000,2.3721,0,0,rotors,legacy_task_distance_hover_proxy_v1,rotors_aero_shaft_mechanical_proxy_v1,GROUND,,,0.000000,0.000000,0.000000,0.000000,0.000000,0.000000,0.000000,0.000000,0.000000,0.000000,0.000000,0.000000,0.000000,0.000000,0.000000,0.000000,0.000000,0.000000,0.000000,0.000000,0.000000,0.000000,0.000000,0.000000,0.000000,0.000000,0.070864,0.269247,-0.004817,0.366329,0.454658,1.568e-05,0.06,10,1,rotors,rotors_aero_shaft_mechanical_proxy_v1,0.000000,0.000000,37000.000000,none,37000.000000,37000.000000
scene_a,-1,7.400,GROUND,NAVIGATE,2.9082,0.5817,0.0713,-0.0000,0.7772,0.4244,5.0000,1.5000,0.4500,-0.0055,-0.0220,0.00,0.050,0.967,0.967,0.065,0.032,0.958,0.065,0.0000,0.0000,0.0000,0.0000,ground_only,0.999,0.1575,1.1179,1.1179,0.0000,0.0000,0.0000,0.0000,3.0293,3.0293,0.0000,0,0,0,0,0.0529,0,ok,32400.0000,0,0,0,37000.0000,2.2845,0,0,rotors,legacy_task_distance_hover_proxy_v1,rotors_aero_shaft_mechanical_proxy_v1,GROUND,,,0.000000,0.000000,0.000000,0.000000,0.000000,0.000000,0.000000,0.000000,0.000000,0.000000,0.000000,0.000000,0.000000,0.000000,0.000000,0.000000,0.000000,0.000000,0.000000,0.000000,0.000000,0.000000,0.000000,0.000000,0.000000,0.000000,0.071319,0.299265,-0.005119,0.337416,0.451038,1.568e-05,0.06,10,1,rotors,rotors_aero_shaft_mechanical_proxy_v1,0.000000,0.000000,37000.000000,none,37000.000000,37000.000000
scene_a,-1,7.600,GROUND,NAVIGATE,2.9887,0.6162,0.0704,0.0064,0.7707,0.4400,5.0000,1.5000,0.4500,-0.0038,-0.0152,0.00,0.050,0.967,0.967,0.065,0.032,0.958,0.065,0.0000,0.0000,0.0000,0.0000,ground_only,0.999,0.1575,1.1494,1.1494,0.0000,0.0000,0.0000,0.0000,3.1175,3.1175,0.0000,0,0,0,0,0.0522,0,ok,32400.0000,0,0,0,37000.0000,2.1969,0,0,rotors,legacy_task_distance_hover_proxy_v1,rotors_aero_shaft_mechanical_proxy_v1,GROUND,,,0.000000,0.000000,0.000000,0.000000,0.000000,0.000000,0.000000,0.000000,0.000000,0.000000,0.000000,0.000000,0.000000,0.000000,0.000000,0.000000,0.000000,0.000000,0.000000,0.000000,0.000000,0.000000,0.000000,0.000000,0.000000,0.000000,0.070367,0.302223,-0.008805,0.294275,0.421917,1.568e-05,0.06,10,1,rotors,rotors_aero_shaft_mechanical_proxy_v1,0.000000,0.000000,37000.000000,none,37000.000000,37000.000000
scene_a,-1,7.800,GROUND,NAVIGATE,3.0654,0.6487,0.0714,-0.0130,0.7765,0.4126,5.0000,1.5000,0.4500,-0.0048,-0.0193,0.00,0.050,0.967,0.967,0.065,0.032,0.958,0.065,0.0000,0.0000,0.0000,0.0000,ground_only,0.999,0.1575,1.1809,1.1809,0.0000,0.0000,0.0000,0.0000,3.2005,3.2005,0.0000,0,0,0,0,0.0528,0,ok,32400.0000,0,0,0,37000.0000,2.1136,0,0,rotors,legacy_task_distance_hover_proxy_v1,rotors_aero_shaft_mechanical_proxy_v1,GROUND,,,0.000000,0.000000,0.000000,0.000000,0.000000,0.000000,0.000000,0.000000,0.000000,0.000000,0.000000,0.000000,0.000000,0.000000,0.000000,0.000000,0.000000,0.000000,0.000000,0.000000,0.000000,0.000000,0.000000,0.000000,0.000000,0.000000,0.071352,0.279441,-0.008930,0.357291,0.453678,1.568e-05,0.06,10,1,rotors,rotors_aero_shaft_mechanical_proxy_v1,0.000000,0.000000,37000.000000,none,37000.000000,37000.000000
scene_a,-1,8.000,GROUND,NAVIGATE,3.1492,0.6849,0.0706,0.0161,0.7630,0.4518,5.0000,1.5000,0.4499,-0.0076,-0.0306,0.00,0.050,0.967,0.967,0.065,0.032,0.958,0.065,0.0000,0.0000,0.0000,0.0000,ground_only,0.999,0.1575,1.2124,1.2124,0.0000,0.0000,0.0000,0.0000,3.2919,3.2919,0.0000,0,0,0,0,0.0514,0,ok,32400.0000,0,0,0,37000.0000,2.0223,0,0,rotors,legacy_task_distance_hover_proxy_v1,rotors_aero_shaft_mechanical_proxy_v1,GROUND,,,0.000000,0.000000,0.000000,0.000000,0.000000,0.000000,0.000000,0.000000,0.000000,0.000000,0.000000,0.000000,0.000000,0.000000,0.000000,0.000000,0.000000,0.000000,0.000000,0.000000,0.000000,0.000000,0.000000,0.000000,0.000000,0.000000,0.070571,0.307028,-0.007831,0.295339,0.426090,1.568e-05,0.06,10,1,rotors,rotors_aero_shaft_mechanical_proxy_v1,0.000000,0.000000,37000.000000,none,37000.000000,37000.000000
scene_a,-1,8.200,GROUND,NAVIGATE,3.2298,0.7188,0.0715,-0.0131,0.7800,0.4116,5.0000,1.5000,0.4500,0.0051,0.0205,35.00,0.050,0.618,0.618,0.265,0.382,0.898,0.515,0.0000,0.0000,0.0000,0.0000,ground_only,0.999,0.1575,1.2439,1.2439,0.0000,0.0000,0.0000,0.0000,3.3795,3.3795,0.0000,0,0,0,0,0.0508,0,ok,32400.0000,0,0,0,37000.0000,1.9349,0,0,rotors,legacy_task_distance_hover_proxy_v1,rotors_aero_shaft_mechanical_proxy_v1,GROUND,,,0.000000,0.000000,0.000000,0.000000,0.000000,0.000000,0.000000,0.000000,0.000000,0.000000,0.000000,0.000000,0.000000,0.000000,0.000000,0.000000,0.000000,0.000000,0.000000,0.000000,0.000000,0.000000,0.000000,0.000000,0.000000,0.000000,0.071493,0.343284,0.000946,0.292851,0.451228,1.568e-05,0.06,10,1,rotors,rotors_aero_shaft_mechanical_proxy_v1,0.000000,0.000000,37000.000000,none,37000.000000,37000.000000
scene_a,-1,8.400,GROUND,NAVIGATE,3.3105,0.7540,0.0708,-0.0041,0.7806,0.4294,5.0000,1.5000,0.4500,-0.0062,-0.0248,35.00,0.050,0.618,0.618,0.265,0.382,0.898,0.515,0.0000,0.0000,0.0000,0.0000,ground_only,0.999,0.1575,1.2754,1.2754,0.0000,0.0000,0.0000,0.0000,3.4681,3.4681,0.0000,0,0,0,0,0.0501,0,ok,32400.0000,0,0,0,37000.0000,1.8468,0,0,rotors,legacy_task_distance_hover_proxy_v1,rotors_aero_shaft_mechanical_proxy_v1,GROUND,,,0.000000,0.000000,0.000000,0.000000,0.000000,0.000000,0.000000,0.000000,0.000000,0.000000,0.000000,0.000000,0.000000,0.000000,0.000000,0.000000,0.000000,0.000000,0.000000,0.000000,0.000000,0.000000,0.000000,0.000000,0.000000,0.000000,0.070756,0.366113,-0.007330,0.257679,0.447762,1.568e-05,0.06,10,1,rotors,rotors_aero_shaft_mechanical_proxy_v1,0.000000,0.000000,37000.000000,none,37000.000000,37000.000000
scene_a,-1,8.600,GROUND,NAVIGATE,3.3902,0.7880,0.0710,-0.0107,0.7727,0.4155,5.0000,1.5000,0.4500,-0.0065,-0.0259,35.00,0.050,0.618,0.618,0.265,0.382,0.898,0.515,0.0000,0.0000,0.0000,0.0000,ground_only,0.999,0.1575,1.3069,1.3069,0.0000,0.0000,0.0000,0.0000,3.5544,3.5544,0.0000,0,0,0,0,0.0498,0,ok,32400.0000,0,0,0,37000.0000,1.7602,0,0,rotors,legacy_task_distance_hover_proxy_v1,rotors_aero_shaft_mechanical_proxy_v1,GROUND,,,0.000000,0.000000,0.000000,0.000000,0.000000,0.000000,0.000000,0.000000,0.000000,0.000000,0.000000,0.000000,0.000000,0.000000,0.000000,0.000000,0.000000,0.000000,0.000000,0.000000,0.000000,0.000000,0.000000,0.000000,0.000000,0.000000,0.071039,0.322157,-0.009319,0.313414,0.449555,1.568e-05,0.06,10,1,rotors,rotors_aero_shaft_mechanical_proxy_v1,0.000000,0.000000,37000.000000,none,37000.000000,37000.000000
scene_a,-1,8.800,GROUND,NAVIGATE,3.4709,0.8230,0.0713,0.0002,0.7752,0.4382,5.0000,1.5000,0.4500,-0.0036,-0.0145,35.00,0.050,0.618,0.618,0.265,0.382,0.898,0.515,0.0000,0.0000,0.0000,0.0000,ground_only,0.999,0.1575,1.3384,1.3384,0.0000,0.0000,0.0000,0.0000,3.6425,3.6425,0.0000,0,0,0,0,0.0492,0,ok,32400.0000,0,0,0,37000.0000,1.6723,0,0,rotors,legacy_task_distance_hover_proxy_v1,rotors_aero_shaft_mechanical_proxy_v1,GROUND,,,0.000000,0.000000,0.000000,0.000000,0.000000,0.000000,0.000000,0.000000,0.000000,0.000000,0.000000,0.000000,0.000000,0.000000,0.000000,0.000000,0.000000,0.000000,0.000000,0.000000,0.000000,0.000000,0.000000,0.000000,0.000000,0.000000,0.071344,0.308854,-0.003360,0.327609,0.450255,1.568e-05,0.06,10,1,rotors,rotors_aero_shaft_mechanical_proxy_v1,0.000000,0.000000,37000.000000,none,37000.000000,37000.000000
scene_a,-1,9.000,GROUND,NAVIGATE,3.5520,0.8536,0.0737,-0.0324,0.7875,0.3757,5.0000,1.5000,0.4500,-0.0046,-0.0183,35.00,0.050,0.618,0.618,0.265,0.382,0.898,0.515,0.0000,0.0000,0.0000,0.0000,ground_only,0.999,0.1575,1.3699,1.3699,0.0000,0.0000,0.0000,0.0000,3.7295,3.7295,0.0000,0,0,0,0,0.0489,0,ok,32400.0000,0,0,0,37000.0000,1.5857,0,0,rotors,legacy_task_distance_hover_proxy_v1,rotors_aero_shaft_mechanical_proxy_v1,GROUND,,,0.000000,0.000000,0.000000,0.000000,0.000000,0.000000,0.000000,0.000000,0.000000,0.000000,0.000000,0.000000,0.000000,0.000000,0.000000,0.000000,0.000000,0.000000,0.000000,0.000000,0.000000,0.000000,0.000000,0.000000,0.000000,0.000000,0.073730,0.291382,-0.017512,0.340356,0.448388,1.568e-05,0.06,10,1,rotors,rotors_aero_shaft_mechanical_proxy_v1,0.000000,0.000000,37000.000000,none,37000.000000,37000.000000
scene_a,-1,9.200,GROUND,NAVIGATE,3.6357,0.8722,0.0901,-0.2195,0.7932,0.0786,5.0000,1.5000,0.4335,0.1207,0.4886,35.00,0.050,0.618,0.618,0.265,0.382,0.898,0.515,0.0000,0.0000,0.0000,0.0000,ground_only,0.999,0.1575,1.4014,1.4014,0.0000,0.0000,0.0000,0.0000,3.8154,3.8154,0.0000,0,0,0,0,0.0489,0,ok,32400.0000,0,0,0,37000.0000,1.5019,0,0,rotors,legacy_task_distance_hover_proxy_v1,rotors_aero_shaft_mechanical_proxy_v1,GROUND,,,0.000000,0.000000,0.000000,0.000000,0.000000,0.000000,0.000000,0.000000,0.000000,0.000000,0.000000,0.000000,0.000000,0.000000,0.000000,0.000000,0.000000,0.000000,0.000000,0.000000,0.000000,0.000000,0.000000,0.000000,0.000000,0.000000,0.090145,0.211334,-0.035761,0.392089,0.446850,1.568e-05,0.06,10,1,rotors,rotors_aero_shaft_mechanical_proxy_v1,0.000000,0.000000,37000.000000,none,37000.000000,37000.000000
scene_a,-1,9.400,GROUND,NAVIGATE,3.7199,0.8792,0.1146,-0.3345,0.7912,-0.0068,5.0000,1.5000,0.4082,0.1894,0.7821,35.00,0.050,0.618,0.618,0.265,0.382,0.898,0.515,0.0000,0.0000,0.0000,0.0000,ground_only,0.999,0.1575,1.4329,1.4329,0.0000,0.0000,0.0000,0.0000,3.9007,3.9007,0.0000,0,0,0,0,0.0491,0,ok,32400.0000,0,0,0,37000.0000,1.4227,0,0,rotors,legacy_task_distance_hover_proxy_v1,rotors_aero_shaft_mechanical_proxy_v1,GROUND,,,0.000000,0.000000,0.000000,0.000000,0.000000,0.000000,0.000000,0.000000,0.000000,0.000000,0.000000,0.000000,0.000000,0.000000,0.000000,0.000000,0.000000,0.000000,0.000000,0.000000,0.000000,0.000000,0.000000,0.000000,0.000000,0.000000,0.114596,0.113508,-0.057538,0.496132,0.512193,1.568e-05,0.06,10,1,rotors,rotors_aero_shaft_mechanical_proxy_v1,0.000000,0.000000,37000.000000,none,37000.000000,37000.000000
scene_a,-1,9.600,GROUND,NAVIGATE,3.8050,0.8831,0.2342,-0.5924,0.8059,-0.0254,5.0000,1.5000,0.3865,0.2304,0.9675,35.00,0.050,0.618,0.618,0.265,0.382,0.898,0.515,0.0000,0.0000,0.0000,0.0000,ground_only,0.999,0.1575,1.4644,1.4644,0.0000,0.0000,0.0000,0.0000,3.9872,3.9872,0.0000,0,0,0,0,0.0492,0,ok,32400.0000,0,0,0,37000.0000,1.3448,0,0,rotors,legacy_task_distance_hover_proxy_v1,rotors_aero_shaft_mechanical_proxy_v1,GROUND,,,0.000000,0.000000,0.000000,0.000000,0.000000,0.000000,0.000000,0.000000,0.000000,0.000000,0.000000,0.000000,0.000000,0.000000,0.000000,0.000000,0.000000,0.000000,0.000000,0.000000,0.000000,0.000000,0.000000,0.000000,0.000000,0.000000,0.234232,-0.404191,-0.438800,0.891362,1.072587,1.568e-05,0.06,10,1,rotors,rotors_aero_shaft_mechanical_proxy_v1,0.000000,0.000000,37000.000000,none,37000.000000,37000.000000
scene_a,-1,9.800,GROUND,NAVIGATE,3.8899,0.9061,0.4980,-0.9629,0.7936,0.0545,5.0000,1.5000,0.4090,0.1876,0.7742,35.00,0.050,0.618,0.618,0.265,0.382,0.898,0.515,0.0000,0.0000,0.0000,0.0000,ground_only,0.999,0.1575,1.4959,1.4959,0.0000,0.0000,0.0000,0.0000,4.0761,4.0761,0.0000,0,0,0,0,0.0487,0,ok,32400.0000,0,0,0,37000.0000,1.2590,0,0,rotors,legacy_task_distance_hover_proxy_v1,rotors_aero_shaft_mechanical_proxy_v1,GROUND,,,0.000000,0.000000,0.000000,0.000000,0.000000,0.000000,0.000000,0.000000,0.000000,0.000000,0.000000,0.000000,0.000000,0.000000,0.000000,0.000000,0.000000,0.000000,0.000000,0.000000,0.000000,0.000000,0.000000,0.000000,0.000000,0.000000,0.497996,-0.700096,-0.985429,0.851024,1.478325,1.568e-05,0.06,10,1,rotors,rotors_aero_shaft_mechanical_proxy_v1,0.000000,0.000000,37000.000000,none,37000.000000,37000.000000
scene_a,-1,10.000,GROUND,NAVIGATE,3.9737,0.9417,0.7492,-1.2664,0.7977,0.0475,5.0000,1.5000,0.4088,0.1881,0.7764,35.00,0.050,0.618,0.618,0.265,0.382,0.898,0.515,0.0000,0.0000,0.0000,0.0000,ground_only,0.999,0.1575,1.5274,1.5274,0.0000,0.0000,0.0000,0.0000,4.1673,4.1673,0.0000,0,0,0,0,0.0477,0,ok,32400.0000,0,0,0,37000.0000,1.1683,0,0,rotors,legacy_task_distance_hover_proxy_v1,rotors_aero_shaft_mechanical_proxy_v1,GROUND,,,0.000000,0.000000,0.000000,0.000000,0.000000,0.000000,0.000000,0.000000,0.000000,0.000000,0.000000,0.000000,0.000000,0.000000,0.000000,0.000000,0.000000,0.000000,0.000000,0.000000,0.000000,0.000000,0.000000,0.000000,0.000000,0.000000,0.749180,-0.469379,-0.948701,0.489786,1.166294,1.568e-05,0.06,10,1,rotors,rotors_aero_shaft_mechanical_proxy_v1,0.000000,0.000000,37000.000000,none,37000.000000,37000.000000
scene_a,-1,10.200,GROUND,NAVIGATE,4.0569,0.9799,0.8984,-1.5686,0.8147,-0.0158,5.0000,1.5000,0.3976,0.2107,0.8771,35.00,0.050,0.618,0.618,0.265,0.382,0.898,0.515,0.0000,0.0000,0.0000,0.0000,ground_only,0.999,0.1575,1.5589,1.5589,0.0000,0.0000,0.0000,0.0000,4.2589,4.2589,0.0000,0,0,0,0,0.0467,0,ok,32400.0000,0,0,0,37000.0000,1.0770,0,0,rotors,legacy_task_distance_hover_proxy_v1,rotors_aero_shaft_mechanical_proxy_v1,GROUND,,,0.000000,0.000000,0.000000,0.000000,0.000000,0.000000,0.000000,0.000000,0.000000,0.000000,0.000000,0.000000,0.000000,0.000000,0.000000,0.000000,0.000000,0.000000,0.000000,0.000000,0.000000,0.000000,0.000000,0.000000,0.000000,0.000000,0.898366,-0.036789,-0.606982,0.210331,0.643443,1.568e-05,0.06,10,1,rotors,rotors_aero_shaft_mechanical_proxy_v1,0.000000,0.000000,37000.000000,none,37000.000000,37000.000000
scene_a,-1,10.400,GROUND,NAVIGATE,4.1397,1.0230,0.9110,-1.5936,0.8172,0.1286,5.0000,1.5000,0.4146,0.1749,0.7187,35.00,0.050,0.618,0.618,0.265,0.382,0.898,0.515,0.0000,0.0000,0.0000,0.0000,ground_only,0.999,0.1575,1.5904,1.5904,0.0000,0.0000,0.0000,0.0000,4.3523,4.3523,0.0000,0,0,0,0,0.0458,0,ok,32400.0000,0,0,0,37000.0000,0.9837,0,0,rotors,legacy_task_distance_hover_proxy_v1,rotors_aero_shaft_mechanical_proxy_v1,GROUND,,,0.000000,0.000000,0.000000,0.000000,0.000000,0.000000,0.000000,0.000000,0.000000,0.000000,0.000000,0.000000,0.000000,0.000000,0.000000,0.000000,0.000000,0.000000,0.000000,0.000000,0.000000,0.000000,0.000000,0.000000,0.000000,0.000000,0.910984,0.291573,-0.320244,0.166481,0.463990,1.568e-05,0.06,10,1,rotors,rotors_aero_shaft_mechanical_proxy_v1,0.000000,0.000000,37000.000000,none,37000.000000,37000.000000
scene_a,-1,10.600,GROUND,NAVIGATE,4.2208,1.0667,0.9071,-1.5204,0.8227,0.2901,5.0000,1.5000,0.4374,0.1058,0.4270,35.00,0.050,0.618,0.618,0.265,0.382,0.898,0.515,0.0000,0.0000,0.0000,0.0000,ground_only,0.999,0.1575,1.6219,1.6219,0.0000,0.0000,0.0000,0.0000,4.4444,4.4444,0.0000,0,0,0,0,0.0449,0,ok,32400.0000,0,0,0,37000.0000,0.8916,0,0,rotors,legacy_task_distance_hover_proxy_v1,rotors_aero_shaft_mechanical_proxy_v1,GROUND,,,0.000000,0.000000,0.000000,0.000000,0.000000,0.000000,0.000000,0.000000,0.000000,0.000000,0.000000,0.000000,0.000000,0.000000,0.000000,0.000000,0.000000,0.000000,0.000000,0.000000,0.000000,0.000000,0.000000,0.000000,0.000000,0.000000,0.907079,0.335343,-0.292564,0.119153,0.460702,1.568e-05,0.06,10,1,rotors,rotors_aero_shaft_mechanical_proxy_v1,0.000000,0.000000,37000.000000,none,37000.000000,37000.000000
scene_a,-1,10.800,GROUND,NAVIGATE,4.3004,1.1098,0.9002,-1.3937,0.8233,0.4359,5.0000,1.5000,0.4485,0.0362,0.1451,35.00,0.050,0.618,0.618,0.265,0.382,0.898,0.515,0.0000,0.0000,0.0000,0.0000,ground_only,0.999,0.1575,1.6534,1.6534,0.0000,0.0000,0.0000,0.0000,4.5350,4.5350,0.0000,0,0,0,0,0.0441,0,ok,32400.0000,0,0,0,37000.0000,0.8010,0,0,rotors,legacy_task_distance_hover_proxy_v1,rotors_aero_shaft_mechanical_proxy_v1,GROUND,,,0.000000,0.000000,0.000000,0.000000,0.000000,0.000000,0.000000,0.000000,0.000000,0.000000,0.000000,0.000000,0.000000,0.000000,0.000000,0.000000,0.000000,0.000000,0.000000,0.000000,0.000000,0.000000,0.000000,0.000000,0.000000,0.000000,0.900175,0.316333,-0.311366,0.090729,0.453042,1.568e-05,0.06,10,1,rotors,rotors_aero_shaft_mechanical_proxy_v1,0.000000,0.000000,37000.000000,none,37000.000000,37000.000000
scene_a,-1,11.000,GROUND,NAVIGATE,4.3807,1.1515,0.8988,-1.3646,0.8262,0.4695,5.0000,1.5000,0.4500,0.0037,0.0148,35.00,0.050,0.618,0.618,0.265,0.382,0.898,0.515,0.0000,0.0000,0.0000,0.0000,ground_only,0.999,0.1575,1.6849,1.6849,0.0000,0.0000,0.0000,0.0000,4.6255,4.6255,0.0000,0,0,0,0,0.0433,0,ok,32400.0000,0,0,0,37000.0000,0.7106,0,0,rotors,legacy_task_distance_hover_proxy_v1,rotors_aero_shaft_mechanical_proxy_v1,GROUND,,,0.000000,0.000000,0.000000,0.000000,0.000000,0.000000,0.000000,0.000000,0.000000,0.000000,0.000000,0.000000,0.000000,0.000000,0.000000,0.000000,0.000000,0.000000,0.000000,0.000000,0.000000,0.000000,0.000000,0.000000,0.000000,0.000000,0.898847,0.292646,-0.334601,0.068883,0.449827,1.568e-05,0.06,10,1,rotors,rotors_aero_shaft_mechanical_proxy_v1,0.000000,0.000000,37000.000000,none,37000.000000,37000.000000
scene_a,-1,11.200,GROUND,NAVIGATE,4.4604,1.1926,0.8295,-1.3749,0.8218,0.4646,5.0000,1.5000,0.4466,0.0092,0.0372,35.00,0.050,0.618,0.618,0.265,0.382,0.898,0.515,0.0000,0.0000,0.0000,0.0000,ground_only,0.999,0.1563,1.7161,1.7161,0.0000,0.0000,0.0000,0.0000,4.7151,4.7151,0.0000,0,0,0,0,0.0425,0,ok,32400.0000,0,0,0,37000.0000,0.6210,0,0,rotors,legacy_task_distance_hover_proxy_v1,rotors_aero_shaft_mechanical_proxy_v1,GROUND,,,0.000000,0.000000,0.000000,0.000000,0.000000,0.000000,0.000000,0.000000,0.000000,0.000000,0.000000,0.000000,0.000000,0.000000,0.000000,0.000000,0.000000,0.000000,0.000000,0.000000,0.000000,0.000000,0.000000,0.000000,0.000000,0.000000,0.829546,1.161300,0.461734,-0.082402,1.252441,1.568e-05,0.06,10,1,rotors,rotors_aero_shaft_mechanical_proxy_v1,0.000000,0.000000,37000.000000,none,37000.000000,37000.000000
scene_a,-1,11.400,GROUND,NAVIGATE,4.5320,1.2293,0.8204,-1.4440,0.8834,0.4108,5.0000,1.5000,0.3872,0.0241,0.1121,35.00,0.050,0.618,0.618,0.265,0.382,0.898,0.515,0.0000,0.0000,0.0000,0.0000,ground_only,0.999,0.1358,1.7433,1.7433,0.0000,0.0000,0.0000,0.0000,4.7956,4.7956,0.0000,0,0,0,0,0.0417,0,ok,32400.0000,0,0,0,37000.0000,0.5407,0,0,rotors,legacy_task_distance_hover_proxy_v1,rotors_aero_shaft_mechanical_proxy_v1,GROUND,,,0.000000,0.000000,0.000000,0.000000,0.000000,0.000000,0.000000,0.000000,0.000000,0.000000,0.000000,0.000000,0.000000,0.000000,0.000000,0.000000,0.000000,0.000000,0.000000,0.000000,0.000000,0.000000,0.000000,0.000000,0.000000,0.000000,0.820414,0.246647,-0.296193,0.061686,0.390346,1.568e-05,0.06,10,1,rotors,rotors_aero_shaft_mechanical_proxy_v1,0.000000,0.000000,37000.000000,none,37000.000000,37000.000000
scene_a,-1,11.600,GROUND,NAVIGATE,4.5950,1.2427,0.8195,-1.4054,0.9428,0.3770,8.0000,-1.0000,0.2569,-0.3695,-1.2000,35.00,0.050,0.618,0.618,0.265,0.382,0.898,0.515,0.0000,0.0000,0.0000,0.0000,ground_only,0.999,0.1575,1.7748,1.7748,0.0000,0.0000,0.0000,0.0000,4.8688,4.8688,0.0000,0,0,0,0,0.0460,0,ok,32400.0000,0,0,0,37000.0000,4.0773,0,0,rotors,legacy_task_distance_hover_proxy_v1,rotors_aero_shaft_mechanical_proxy_v1,GROUND,,,0.000000,0.000000,0.000000,0.000000,0.000000,0.000000,0.000000,0.000000,0.000000,0.000000,0.000000,0.000000,0.000000,0.000000,0.000000,0.000000,0.000000,0.000000,0.000000,0.000000,0.000000,0.000000,0.000000,0.000000,0.000000,0.000000,0.819491,0.108071,-0.179028,-0.273089,0.343960,1.568e-05,0.06,10,1,rotors,rotors_aero_shaft_mechanical_proxy_v1,0.000000,0.000000,37000.000000,none,37000.000000,37000.000000
scene_a,-1,11.800,GROUND,NAVIGATE,4.6554,1.1965,0.8120,-1.0348,1.1092,0.3568,8.0000,-1.0000,0.2647,-0.3639,-1.2000,35.00,0.050,0.618,0.618,0.265,0.382,0.898,0.515,0.0000,0.0000,0.0000,0.0000,ground_only,0.999,0.1575,1.8063,1.8063,0.0000,0.0000,0.0000,0.0000,4.9446,4.9446,0.0000,0,0,0,0,0.0478,0,ok,32400.0000,0,0,0,37000.0000,4.0013,0,0,rotors,legacy_task_distance_hover_proxy_v1,rotors_aero_shaft_mechanical_proxy_v1,GROUND,,,0.000000,0.000000,0.000000,0.000000,0.000000,0.000000,0.000000,0.000000,0.000000,0.000000,0.000000,0.000000,0.000000,0.000000,0.000000,0.000000,0.000000,0.000000,0.000000,0.000000,0.000000,0.000000,0.000000,0.000000,0.000000,0.000000,0.811971,0.191705,-0.330348,-0.211750,0.436714,1.568e-05,0.06,10,1,rotors,rotors_aero_shaft_mechanical_proxy_v1,0.000000,0.000000,37000.000000,none,37000.000000,37000.000000
scene_a,-1,12.000,GROUND,NAVIGATE,4.7183,1.1537,0.8028,-0.5971,1.1133,0.4741,8.0000,-1.0000,0.2199,-0.3926,-1.2000,35.00,0.050,0.618,0.618,0.265,0.382,0.898,0.515,0.0000,0.0000,0.0000,0.0000,ground_only,0.999,0.1575,1.8378,1.8378,0.0000,0.0000,0.0000,0.0000,5.0211,5.0211,0.0000,0,0,0,0,0.0497,0,ok,32400.0000,0,0,0,37000.0000,3.9253,0,0,rotors,legacy_task_distance_hover_proxy_v1,rotors_aero_shaft_mechanical_proxy_v1,GROUND,,,0.000000,0.000000,0.000000,0.000000,0.000000,0.000000,0.000000,0.000000,0.000000,0.000000,0.000000,0.000000,0.000000,0.000000,0.000000,0.000000,0.000000,0.000000,0.000000,0.000000,0.000000,0.000000,0.000000,0.000000,0.000000,0.000000,0.802824,0.159135,-0.394174,-0.072753,0.431265,1.568e-05,0.06,10,1,rotors,rotors_aero_shaft_mechanical_proxy_v1,0.000000,0.000000,37000.000000,none,37000.000000,37000.000000
scene_a,-1,12.200,GROUND,NAVIGATE,4.7867,1.1162,0.7818,-0.1401,0.8572,0.7265,8.0000,-1.0000,0.1497,-0.4244,-1.2000,35.00,0.050,0.618,0.618,0.265,0.382,0.898,0.515,0.0000,0.0000,0.0000,0.0000,ground_only,0.999,0.1575,1.8693,1.8693,0.0000,0.0000,0.0000,0.0000,5.0989,5.0989,0.0000,0,0,0,0,0.0511,0,ok,32400.0000,0,0,0,37000.0000,3.8475,0,0,rotors,legacy_task_distance_hover_proxy_v1,rotors_aero_shaft_mechanical_proxy_v1,GROUND,,,0.000000,0.000000,0.000000,0.000000,0.000000,0.000000,0.000000,0.000000,0.000000,0.000000,0.000000,0.000000,0.000000,0.000000,0.000000,0.000000,0.000000,0.000000,0.000000,0.000000,0.000000,0.000000,0.000000,0.000000,0.000000,0.000000,0.781818,0.281382,-0.391249,-0.107690,0.493811,1.568e-05,0.06,10,1,rotors,rotors_aero_shaft_mechanical_proxy_v1,0.000000,0.000000,37000.000000,none,37000.000000,37000.000000
scene_a,-1,12.400,GROUND,NAVIGATE,4.8557,1.0739,0.7676,0.0369,0.6865,0.6744,8.0000,-1.0000,0.1149,-0.4351,-1.2000,35.00,0.050,0.618,0.618,0.265,0.382,0.898,0.515,0.0000,0.0000,0.0000,0.0000,ground_only,0.999,0.1575,1.9008,1.9008,0.0000,0.0000,0.0000,0.0000,5.1802,5.1802,0.0000,0,0,0,0,0.0519,0,ok,32400.0000,0,0,0,37000.0000,3.7666,0,0,rotors,legacy_task_distance_hover_proxy_v1,rotors_aero_shaft_mechanical_proxy_v1,GROUND,,,0.000000,0.000000,0.000000,0.000000,0.000000,0.000000,0.000000,0.000000,0.000000,0.000000,0.000000,0.000000,0.000000,0.000000,0.000000,0.000000,0.000000,0.000000,0.000000,0.000000,0.000000,0.000000,0.000000,0.000000,0.000000,0.000000,0.767606,0.102962,-0.414322,0.073107,0.433138,1.568e-05,0.06,10,1,rotors,rotors_aero_shaft_mechanical_proxy_v1,0.000000,0.000000,37000.000000,none,37000.000000,37000.000000
scene_a,-1,12.600,GROUND,NAVIGATE,4.9251,1.0269,0.7659,0.0667,0.6837,0.4691,8.0000,-1.0000,0.2011,-0.4026,-1.2000,35.00,0.050,0.618,0.618,0.265,0.382,0.898,0.515,0.0000,0.0000,0.0000,0.0000,ground_only,0.999,0.1575,1.9323,1.9323,0.0000,0.0000,0.0000,0.0000,5.2640,5.2640,0.0000,0,0,0,0,0.0521,0,ok,32400.0000,0,0,0,37000.0000,3.6829,0,0,rotors,legacy_task_distance_hover_proxy_v1,rotors_aero_shaft_mechanical_proxy_v1,GROUND,,,0.000000,0.000000,0.000000,0.000000,0.000000,0.000000,0.000000,0.000000,0.000000,0.000000,0.000000,0.000000,0.000000,0.000000,0.000000,0.000000,0.000000,0.000000,0.000000,0.000000,0.000000,0.000000,0.000000,0.000000,0.000000,0.000000,0.765932,0.162113,-0.375128,0.148208,0.434704,1.568e-05,0.06,10,1,rotors,rotors_aero_shaft_mechanical_proxy_v1,0.000000,0.000000,37000.000000,none,37000.000000,37000.000000
scene_a,-1,12.800,GROUND,NAVIGATE,4.9960,0.9809,0.7601,0.1340,0.6887,0.2942,8.0000,-1.0000,0.2725,-0.3581,-1.2000,35.00,0.050,0.618,0.618,0.265,0.382,0.898,0.515,0.0000,0.0000,0.0000,0.0000,ground_only,0.999,0.1575,1.9638,1.9638,0.0000,0.0000,0.0000,0.0000,5.3485,5.3485,0.0000,0,0,0,0,0.0523,0,ok,32400.0000,0,0,0,37000.0000,3.5984,0,0,rotors,legacy_task_distance_hover_proxy_v1,rotors_aero_shaft_mechanical_proxy_v1,GROUND,,,0.000000,0.000000,0.000000,0.000000,0.000000,0.000000,0.000000,0.000000,0.000000,0.000000,0.000000,0.000000,0.000000,0.000000,0.000000,0.000000,0.000000,0.000000,0.000000,0.000000,0.000000,0.000000,0.000000,0.000000,0.000000,0.000000,0.760107,0.228911,-0.296403,0.178326,0.414796,1.568e-05,0.06,10,1,rotors,rotors_aero_shaft_mechanical_proxy_v1,0.000000,0.000000,37000.000000,none,37000.000000,37000.000000
scene_a,-1,13.000,GROUND,NAVIGATE,5.0678,0.9355,0.7476,0.2278,0.7052,0.1516,8.0000,-1.0000,0.3215,-0.3148,-1.2000,35.00,0.050,0.618,0.618,0.265,0.382,0.898,0.515,0.0000,0.0000,0.0000,0.0000,ground_only,0.999,0.1575,1.9953,1.9953,0.0000,0.0000,0.0000,0.0000,5.4335,5.4335,0.0000,0,0,0,0,0.0523,0,ok,32400.0000,0,0,0,37000.0000,3.5134,0,0,rotors,legacy_task_distance_hover_proxy_v1,rotors_aero_shaft_mechanical_proxy_v1,GROUND,,,0.000000,0.000000,0.000000,0.000000,0.000000,0.000000,0.000000,0.000000,0.000000,0.000000,0.000000,0.000000,0.000000,0.000000,0.000000,0.000000,0.000000,0.000000,0.000000,0.000000,0.000000,0.000000,0.000000,0.000000,0.000000,0.000000,0.747566,0.309801,-0.256670,0.204882,0.451479,1.568e-05,0.06,10,1,rotors,rotors_aero_shaft_mechanical_proxy_v1,0.000000,0.000000,37000.000000,none,37000.000000,37000.000000
scene_a,-1,13.200,GROUND,NAVIGATE,5.1411,0.8851,0.5445,0.2807,0.6333,-0.0791,8.0000,-1.0000,0.3829,-0.2364,-0.9954,35.00,0.050,0.618,0.618,0.265,0.382,0.898,0.515,0.0000,0.0000,0.0000,0.0000,ground_only,0.999,0.1575,2.0268,2.0268,0.0000,0.0000,0.0000,0.0000,5.5226,5.5226,0.0000,0,0,0,0,0.0517,0,ok,32400.0000,0,0,0,37000.0000,3.4245,0,0,rotors,legacy_task_distance_hover_proxy_v1,rotors_aero_shaft_mechanical_proxy_v1,GROUND,,,0.000000,0.000000,0.000000,0.000000,0.000000,0.000000,0.000000,0.000000,0.000000,0.000000,0.000000,0.000000,0.000000,0.000000,0.000000,0.000000,0.000000,0.000000,0.000000,0.000000,0.000000,0.000000,0.000000,0.000000,0.000000,0.000000,0.544508,1.480804,-0.590072,-1.244692,2.022430,1.568e-05,0.06,10,1,rotors,rotors_aero_shaft_mechanical_proxy_v1,0.000000,0.000000,37000.000000,none,37000.000000,37000.000000
scene_a,-1,13.400,GROUND,NAVIGATE,5.2170,0.8388,0.0842,0.2443,0.6482,-0.2578,8.0000,-1.0000,0.4175,-0.1679,-0.6882,35.00,0.050,0.618,0.618,0.265,0.382,0.898,0.515,0.0000,0.0000,0.0000,0.0000,ground_only,0.999,0.1575,2.0583,2.0583,0.0000,0.0000,0.0000,0.0000,5.6143,5.6143,0.0000,0,0,0,0,0.0511,0,ok,32400.0000,0,0,0,37000.0000,3.3357,0,0,rotors,legacy_task_distance_hover_proxy_v1,rotors_aero_shaft_mechanical_proxy_v1,GROUND,,,0.000000,0.000000,0.000000,0.000000,0.000000,0.000000,0.000000,0.000000,0.000000,0.000000,0.000000,0.000000,0.000000,0.000000,0.000000,0.000000,0.000000,0.000000,0.000000,0.000000,0.000000,0.000000,0.000000,0.000000,0.000000,0.000000,0.084200,0.371666,-0.103126,0.238906,0.453703,1.568e-05,0.06,10,1,rotors,rotors_aero_shaft_mechanical_proxy_v1,0.000000,0.000000,37000.000000,none,37000.000000,37000.000000
scene_a,-1,13.600,GROUND,NAVIGATE,5.2910,0.7916,0.0850,0.2504,0.6852,-0.3727,8.0000,-1.0000,0.4374,-0.1057,-0.4268,35.00,0.050,0.618,0.618,0.265,0.382,0.898,0.515,0.0000,0.0000,0.0000,0.0000,ground_only,0.999,0.1575,2.0898,2.0898,0.0000,0.0000,0.0000,0.0000,5.7022,5.7022,0.0000,0,0,0,0,0.0507,0,ok,32400.0000,0,0,0,37000.0000,3.2479,0,0,rotors,legacy_task_distance_hover_proxy_v1,rotors_aero_shaft_mechanical_proxy_v1,GROUND,,,0.000000,0.000000,0.000000,0.000000,0.000000,0.000000,0.000000,0.000000,0.000000,0.000000,0.000000,0.000000,0.000000,0.000000,0.000000,0.000000,0.000000,0.000000,0.000000,0.000000,0.000000,0.000000,0.000000,0.000000,0.000000,0.000000,0.084957,0.345737,-0.028769,0.287935,0.450853,1.568e-05,0.06,10,1,rotors,rotors_aero_shaft_mechanical_proxy_v1,0.000000,0.000000,37000.000000,none,37000.000000,37000.000000
scene_a,-1,13.800,GROUND,NAVIGATE,5.3649,0.7434,0.0845,0.2350,0.7224,-0.4779,8.0000,-1.0000,0.4456,-0.0630,-0.2530,35.00,0.050,0.618,0.618,0.265,0.382,0.898,0.515,0.0000,0.0000,0.0000,0.0000,ground_only,0.999,0.1575,2.1213,2.1213,0.0000,0.0000,0.0000,0.0000,5.7906,5.7906,0.0000,0,0,0,0,0.0503,0,ok,32400.0000,0,0,0,37000.0000,3.1596,0,0,rotors,legacy_task_distance_hover_proxy_v1,rotors_aero_shaft_mechanical_proxy_v1,GROUND,,,0.000000,0.000000,0.000000,0.000000,0.000000,0.000000,0.000000,0.000000,0.000000,0.000000,0.000000,0.000000,0.000000,0.000000,0.000000,0.000000,0.000000,0.000000,0.000000,0.000000,0.000000,0.000000,0.000000,0.000000,0.000000,0.000000,0.084475,0.366829,0.003758,0.264828,0.452451,1.568e-05,0.06,10,1,rotors,rotors_aero_shaft_mechanical_proxy_v1,0.000000,0.000000,37000.000000,none,37000.000000,37000.000000
scene_a,-1,14.000,GROUND,NAVIGATE,5.4375,0.6943,0.0790,0.1633,0.7286,-0.5967,8.0000,-1.0000,0.4500,0.0017,0.0069,35.00,0.050,0.618,0.618,0.265,0.382,0.898,0.515,0.0000,0.0000,0.0000,0.0000,ground_only,0.999,0.1575,2.1528,2.1528,0.0000,0.0000,0.0000,0.0000,5.8782,5.8782,0.0000,0,0,0,0,0.0499,0,ok,32400.0000,0,0,0,37000.0000,3.0720,0,0,rotors,legacy_task_distance_hover_proxy_v1,rotors_aero_shaft_mechanical_proxy_v1,GROUND,,,0.000000,0.000000,0.000000,0.000000,0.000000,0.000000,0.000000,0.000000,0.000000,0.000000,0.000000,0.000000,0.000000,0.000000,0.000000,0.000000,0.000000,0.000000,0.000000,0.000000,0.000000,0.000000,0.000000,0.000000,0.000000,0.000000,0.079050,0.340409,0.049487,0.290167,0.450027,1.568e-05,0.06,10,1,rotors,rotors_aero_shaft_mechanical_proxy_v1,0.000000,0.000000,37000.000000,none,37000.000000,37000.000000
scene_a,-1,14.200,GROUND,NAVIGATE,5.5099,0.6464,0.0761,0.1172,0.7487,-0.6667,8.0000,-1.0000,0.4489,0.0310,0.1239,0.00,0.050,0.967,0.967,0.065,0.032,0.958,0.065,0.0000,0.0000,0.0000,0.0000,ground_only,0.999,0.1575,2.1843,2.1843,0.0000,0.0000,0.0000,0.0000,5.9655,5.9655,0.0000,0,0,0,0,0.0497,0,ok,32400.0000,0,0,0,37000.0000,2.9852,0,0,rotors,legacy_task_distance_hover_proxy_v1,rotors_aero_shaft_mechanical_proxy_v1,GROUND,,,0.000000,0.000000,0.000000,0.000000,0.000000,0.000000,0.000000,0.000000,0.000000,0.000000,0.000000,0.000000,0.000000,0.000000,0.000000,0.000000,0.000000,0.000000,0.000000,0.000000,0.000000,0.000000,0.000000,0.000000,0.000000,0.000000,0.076053,0.302906,0.068562,0.324410,0.449104,1.568e-05,0.06,10,1,rotors,rotors_aero_shaft_mechanical_proxy_v1,0.000000,0.000000,37000.000000,none,37000.000000,37000.000000
scene_a,-1,14.400,GROUND,NAVIGATE,5.5834,0.5982,0.0738,0.0741,0.7552,-0.7070,8.0000,-1.0000,0.4478,0.0448,0.1796,0.00,0.050,0.967,0.967,0.065,0.032,0.958,0.065,0.0000,0.0000,0.0000,0.0000,ground_only,0.999,0.1575,2.2158,2.2158,0.0000,0.0000,0.0000,0.0000,6.0531,6.0531,0.0000,0,0,0,0,0.0493,0,ok,32400.0000,0,0,0,37000.0000,2.8973,0,0,rotors,legacy_task_distance_hover_proxy_v1,rotors_aero_shaft_mechanical_proxy_v1,GROUND,,,0.000000,0.000000,0.000000,0.000000,0.000000,0.000000,0.000000,0.000000,0.000000,0.000000,0.000000,0.000000,0.000000,0.000000,0.000000,0.000000,0.000000,0.000000,0.000000,0.000000,0.000000,0.000000,0.000000,0.000000,0.000000,0.000000,0.073781,0.296556,0.066851,0.333263,0.451086,1.568e-05,0.06,10,1,rotors,rotors_aero_shaft_mechanical_proxy_v1,0.000000,0.000000,37000.000000,none,37000.000000,37000.000000
scene_a,-1,14.600,GROUND,NAVIGATE,5.6564,0.5500,0.0715,0.0305,0.7629,-0.7353,8.0000,-1.0000,0.4456,0.0630,0.2527,0.00,0.050,0.967,0.967,0.065,0.032,0.958,0.065,0.0000,0.0000,0.0000,0.0000,ground_only,0.999,0.1575,2.2473,2.2473,0.0000,0.0000,0.0000,0.0000,6.1406,6.1406,0.0000,0,0,0,0,0.0490,0,ok,32400.0000,0,0,0,37000.0000,2.8098,0,0,rotors,legacy_task_distance_hover_proxy_v1,rotors_aero_shaft_mechanical_proxy_v1,GROUND,,,0.000000,0.000000,0.000000,0.000000,0.000000,0.000000,0.000000,0.000000,0.000000,0.000000,0.000000,0.000000,0.000000,0.000000,0.000000,0.000000,0.000000,0.000000,0.000000,0.000000,0.000000,0.000000,0.000000,0.000000,0.000000,0.000000,0.071548,0.302790,0.069813,0.322825,0.448075,1.568e-05,0.06,10,1,rotors,rotors_aero_shaft_mechanical_proxy_v1,0.000000,0.000000,37000.000000,none,37000.000000,37000.000000
scene_a,-1,14.800,GROUND,NAVIGATE,5.7282,0.5020,0.0706,-0.0059,0.7755,-0.7398,8.0000,-1.0000,0.4440,0.0732,0.2939,0.00,0.050,0.967,0.967,0.065,0.032,0.958,0.065,0.0000,0.0000,0.0000,0.0000,ground_only,0.999,0.1575,2.2788,2.2788,0.0000,0.0000,0.0000,0.0000,6.2271,6.2271,0.0000,0,0,0,0,0.0489,0,ok,32400.0000,0,0,0,37000.0000,2.7234,0,0,rotors,legacy_task_distance_hover_proxy_v1,rotors_aero_shaft_mechanical_proxy_v1,GROUND,,,0.000000,0.000000,0.000000,0.000000,0.000000,0.000000,0.000000,0.000000,0.000000,0.000000,0.000000,0.000000,0.000000,0.000000,0.000000,0.000000,0.000000,0.000000,0.000000,0.000000,0.000000,0.000000,0.000000,0.000000,0.000000,0.000000,0.070568,0.322891,0.066879,0.303742,0.448320,1.568e-05,0.06,10,1,rotors,rotors_aero_shaft_mechanical_proxy_v1,0.000000,0.000000,37000.000000,none,37000.000000,37000.000000
scene_a,-1,15.000,GROUND,NAVIGATE,5.8020,0.4548,0.0712,0.0521,0.7321,-0.6620,8.0000,-1.0000,0.4486,0.0352,0.1411,0.00,0.050,0.967,0.967,0.065,0.032,0.958,0.065,0.0000,0.0000,0.0000,0.0000,ground_only,0.999,0.1575,2.3103,2.3103,0.0000,0.0000,0.0000,0.0000,6.3147,6.3147,0.0000,0,0,0,0,0.0486,0,ok,32400.0000,0,0,0,37000.0000,2.6359,0,0,rotors,legacy_task_distance_hover_proxy_v1,rotors_aero_shaft_mechanical_proxy_v1,GROUND,,,0.000000,0.000000,0.000000,0.000000,0.000000,0.000000,0.000000,0.000000,0.000000,0.000000,0.000000,0.000000,0.000000,0.000000,0.000000,0.000000,0.000000,0.000000,0.000000,0.000000,0.000000,0.000000,0.000000,0.000000,0.000000,0.000000,0.071205,0.369343,0.046352,0.257901,0.452853,1.568e-05,0.06,10,1,rotors,rotors_aero_shaft_mechanical_proxy_v1,0.000000,0.000000,37000.000000,none,37000.000000,37000.000000
scene_a,-1,15.200,GROUND,NAVIGATE,5.8754,0.4073,0.0722,0.0340,0.7710,-0.6754,8.0000,-1.0000,0.4483,0.0392,0.1572,0.00,0.050,0.967,0.967,0.065,0.032,0.958,0.065,0.0000,0.0000,0.0000,0.0000,ground_only,0.999,0.1575,2.3418,2.3418,0.0000,0.0000,0.0000,0.0000,6.4024,6.4024,0.0000,0,0,0,0,0.0483,0,ok,32400.0000,0,0,0,37000.0000,2.5484,0,0,rotors,legacy_task_distance_hover_proxy_v1,rotors_aero_shaft_mechanical_proxy_v1,GROUND,,,0.000000,0.000000,0.000000,0.000000,0.000000,0.000000,0.000000,0.000000,0.000000,0.000000,0.000000,0.000000,0.000000,0.000000,0.000000,0.000000,0.000000,0.000000,0.000000,0.000000,0.000000,0.000000,0.000000,0.000000,0.000000,0.000000,0.072151,0.299367,0.047963,0.333599,0.450788,1.568e-05,0.06,10,1,rotors,rotors_aero_shaft_mechanical_proxy_v1,0.000000,0.000000,37000.000000,none,37000.000000,37000.000000
scene_a,-1,15.400,GROUND,NAVIGATE,5.9473,0.3597,0.0706,-0.0039,0.7782,-0.6950,8.0000,-1.0000,0.4467,0.0548,0.2196,0.00,0.050,0.967,0.967,0.065,0.032,0.958,0.065,0.0000,0.0000,0.0000,0.0000,ground_only,0.999,0.1575,2.3733,2.3733,0.0000,0.0000,0.0000,0.0000,6.4887,6.4887,0.0000,0,0,0,0,0.0483,0,ok,32400.0000,0,0,0,37000.0000,2.4622,0,0,rotors,legacy_task_distance_hover_proxy_v1,rotors_aero_shaft_mechanical_proxy_v1,GROUND,,,0.000000,0.000000,0.000000,0.000000,0.000000,0.000000,0.000000,0.000000,0.000000,0.000000,0.000000,0.000000,0.000000,0.000000,0.000000,0.000000,0.000000,0.000000,0.000000,0.000000,0.000000,0.000000,0.000000,0.000000,0.000000,0.000000,0.070589,0.292147,0.048428,0.299260,0.421013,1.568e-05,0.06,10,1,rotors,rotors_aero_shaft_mechanical_proxy_v1,0.000000,0.000000,37000.000000,none,37000.000000,37000.000000
scene_a,-1,15.600,GROUND,NAVIGATE,6.0203,0.3126,0.0713,0.0342,0.7551,-0.6586,8.0000,-1.0000,0.4490,0.0306,0.1226,0.00,0.050,0.967,0.967,0.065,0.032,0.958,0.065,0.0000,0.0000,0.0000,0.0000,ground_only,0.999,0.1575,2.4048,2.4048,0.0000,0.0000,0.0000,0.0000,6.5761,6.5761,0.0000,0,0,0,0,0.0481,0,ok,32400.0000,0,0,0,37000.0000,2.3753,0,0,rotors,legacy_task_distance_hover_proxy_v1,rotors_aero_shaft_mechanical_proxy_v1,GROUND,,,0.000000,0.000000,0.000000,0.000000,0.000000,0.000000,0.000000,0.000000,0.000000,0.000000,0.000000,0.000000,0.000000,0.000000,0.000000,0.000000,0.000000,0.000000,0.000000,0.000000,0.000000,0.000000,0.000000,0.000000,0.000000,0.000000,0.071331,0.296542,0.040197,0.338690,0.451956,1.568e-05,0.06,10,1,rotors,rotors_aero_shaft_mechanical_proxy_v1,0.000000,0.000000,37000.000000,none,37000.000000,37000.000000
scene_a,-1,15.800,GROUND,NAVIGATE,6.0935,0.2643,0.0699,-0.0034,0.7650,-0.6950,8.0000,-1.0000,0.4473,0.0496,0.1987,0.00,0.050,0.967,0.967,0.065,0.032,0.958,0.065,0.0000,0.0000,0.0000,0.0000,ground_only,0.999,0.1575,2.4363,2.4363,0.0000,0.0000,0.0000,0.0000,6.6636,6.6636,0.0000,0,0,0,0,0.0478,0,ok,32400.0000,0,0,0,37000.0000,2.2876,0,0,rotors,legacy_task_distance_hover_proxy_v1,rotors_aero_shaft_mechanical_proxy_v1,GROUND,,,0.000000,0.000000,0.000000,0.000000,0.000000,0.000000,0.000000,0.000000,0.000000,0.000000,0.000000,0.000000,0.000000,0.000000,0.000000,0.000000,0.000000,0.000000,0.000000,0.000000,0.000000,0.000000,0.000000,0.000000,0.000000,0.000000,0.069920,0.327459,0.038041,0.304020,0.448447,1.568e-05,0.06,10,1,rotors,rotors_aero_shaft_mechanical_proxy_v1,0.000000,0.000000,37000.000000,none,37000.000000,37000.000000
scene_a,-1,16.000,GROUND,NAVIGATE,6.1659,0.2166,0.0705,0.0078,0.7699,-0.6478,8.0000,-1.0000,0.4484,0.0382,0.1529,0.00,0.050,0.967,0.967,0.065,0.032,0.958,0.065,0.0000,0.0000,0.0000,0.0000,ground_only,0.999,0.1575,2.4678,2.4678,0.0000,0.0000,0.0000,0.0000,6.7503,6.7503,0.0000,0,0,0,0,0.0477,0,ok,32400.0000,0,0,0,37000.0000,2.2009,0,0,rotors,legacy_task_distance_hover_proxy_v1,rotors_aero_shaft_mechanical_proxy_v1,GROUND,,,0.000000,0.000000,0.000000,0.000000,0.000000,0.000000,0.000000,0.000000,0.000000,0.000000,0.000000,0.000000,0.000000,0.000000,0.000000,0.000000,0.000000,0.000000,0.000000,0.000000,0.000000,0.000000,0.000000,0.000000,0.000000,0.000000,0.070499,0.337117,0.036726,0.294150,0.448911,1.568e-05,0.06,10,1,rotors,rotors_aero_shaft_mechanical_proxy_v1,0.000000,0.000000,37000.000000,none,37000.000000,37000.000000
scene_a,-1,16.200,GROUND,NAVIGATE,6.2389,0.1687,0.0706,-0.0079,0.7739,-0.6685,8.0000,-1.0000,0.4487,0.0346,0.1386,0.00,0.050,0.967,0.967,0.065,0.032,0.958,0.065,0.0000,0.0000,0.0000,0.0000,ground_only,0.999,0.1575,2.4993,2.4993,0.0000,0.0000,0.0000,0.0000,6.8376,6.8376,0.0000,0,0,0,0,0.0474,0,ok,32400.0000,0,0,0,37000.0000,2.1136,0,0,rotors,legacy_task_distance_hover_proxy_v1,rotors_aero_shaft_mechanical_proxy_v1,GROUND,,,0.000000,0.000000,0.000000,0.000000,0.000000,0.000000,0.000000,0.000000,0.000000,0.000000,0.000000,0.000000,0.000000,0.000000,0.000000,0.000000,0.000000,0.000000,0.000000,0.000000,0.000000,0.000000,0.000000,0.000000,0.000000,0.000000,0.070604,0.320352,0.029955,0.313898,0.449505,1.568e-05,0.06,10,1,rotors,rotors_aero_shaft_mechanical_proxy_v1,0.000000,0.000000,37000.000000,none,37000.000000,37000.000000
scene_a,-1,16.400,GROUND,NAVIGATE,6.3110,0.1217,0.0711,-0.0120,0.7783,-0.6513,8.0000,-1.0000,0.4492,0.0272,0.1090,0.00,0.050,0.967,0.967,0.065,0.032,0.958,0.065,0.0000,0.0000,0.0000,0.0000,ground_only,0.999,0.1575,2.5308,2.5308,0.0000,0.0000,0.0000,0.0000,6.9238,6.9238,0.0000,0,0,0,0,0.0474,0,ok,32400.0000,0,0,0,37000.0000,2.0275,0,0,rotors,legacy_task_distance_hover_proxy_v1,rotors_aero_shaft_mechanical_proxy_v1,GROUND,,,0.000000,0.000000,0.000000,0.000000,0.000000,0.000000,0.000000,0.000000,0.000000,0.000000,0.000000,0.000000,0.000000,0.000000,0.000000,0.000000,0.000000,0.000000,0.000000,0.000000,0.000000,0.000000,0.000000,0.000000,0.000000,0.000000,0.071083,0.326089,0.021679,0.308810,0.449631,1.568e-05,0.06,10,1,rotors,rotors_aero_shaft_mechanical_proxy_v1,0.000000,0.000000,37000.000000,none,37000.000000,37000.000000
scene_a,-1,16.600,GROUND,NAVIGATE,6.3831,0.0745,0.0706,-0.0033,0.7794,-0.6200,8.0000,-1.0000,0.4496,0.0184,0.0735,0.00,0.050,0.967,0.967,0.065,0.032,0.958,0.065,0.0000,0.0000,0.0000,0.0000,ground_only,0.999,0.1575,2.5623,2.5623,0.0000,0.0000,0.0000,0.0000,7.0100,7.0100,0.0000,0,0,0,0,0.0473,0,ok,32400.0000,0,0,0,37000.0000,1.9413,0,0,rotors,legacy_task_distance_hover_proxy_v1,rotors_aero_shaft_mechanical_proxy_v1,GROUND,,,0.000000,0.000000,0.000000,0.000000,0.000000,0.000000,0.000000,0.000000,0.000000,0.000000,0.000000,0.000000,0.000000,0.000000,0.000000,0.000000,0.000000,0.000000,0.000000,0.000000,0.000000,0.000000,0.000000,0.000000,0.000000,0.000000,0.070614,0.292980,0.017503,0.302454,0.421452,1.568e-05,0.06,10,1,rotors,rotors_aero_shaft_mechanical_proxy_v1,0.000000,0.000000,37000.000000,none,37000.000000,37000.000000
scene_a,-1,16.800,GROUND,NAVIGATE,6.4553,0.0271,0.0710,-0.0127,0.7753,-0.6159,8.0000,-1.0000,0.4499,0.0113,0.0450,0.00,0.050,0.967,0.967,0.065,0.032,0.958,0.065,0.0000,0.0000,0.0000,0.0000,ground_only,0.999,0.1575,2.5938,2.5938,0.0000,0.0000,0.0000,0.0000,7.0963,7.0963,0.0000,0,0,0,0,0.0473,0,ok,32400.0000,0,0,0,37000.0000,1.8550,0,0,rotors,legacy_task_distance_hover_proxy_v1,rotors_aero_shaft_mechanical_proxy_v1,GROUND,,,0.000000,0.000000,0.000000,0.000000,0.000000,0.000000,0.000000,0.000000,0.000000,0.000000,0.000000,0.000000,0.000000,0.000000,0.000000,0.000000,0.000000,0.000000,0.000000,0.000000,0.000000,0.000000,0.000000,0.000000,0.000000,0.000000,0.070981,0.310178,0.008281,0.305509,0.435447,1.568e-05,0.06,10,1,rotors,rotors_aero_shaft_mechanical_proxy_v1,0.000000,0.000000,37000.000000,none,37000.000000,37000.000000
scene_a,-1,17.000,GROUND,NAVIGATE,6.5276,-0.0204,0.0706,-0.0064,0.7757,-0.6002,8.0000,-1.0000,0.4500,0.0024,0.0096,0.00,0.050,0.967,0.967,0.065,0.032,0.958,0.065,0.0000,0.0000,0.0000,0.0000,ground_only,0.999,0.1575,2.6253,2.6253,0.0000,0.0000,0.0000,0.0000,7.1828,7.1828,0.0000,0,0,0,0,0.0471,0,ok,32400.0000,0,0,0,37000.0000,1.7685,0,0,rotors,legacy_task_distance_hover_proxy_v1,rotors_aero_shaft_mechanical_proxy_v1,GROUND,,,0.000000,0.000000,0.000000,0.000000,0.000000,0.000000,0.000000,0.000000,0.000000,0.000000,0.000000,0.000000,0.000000,0.000000,0.000000,0.000000,0.000000,0.000000,0.000000,0.000000,0.000000,0.000000,0.000000,0.000000,0.000000,0.000000,0.070605,0.327281,0.000706,0.307579,0.449131,1.568e-05,0.06,10,1,rotors,rotors_aero_shaft_mechanical_proxy_v1,0.000000,0.000000,37000.000000,none,37000.000000,37000.000000
scene_a,-1,17.200,GROUND,NAVIGATE,6.5997,-0.0678,0.0709,-0.0105,0.7766,-0.6020,8.0000,-1.0000,0.4500,0.0031,0.0124,0.00,0.050,0.967,0.967,0.065,0.032,0.958,0.065,0.0000,0.0000,0.0000,0.0000,ground_only,0.999,0.1575,2.6568,2.6568,0.0000,0.0000,0.0000,0.0000,7.2691,7.2691,0.0000,0,0,0,0,0.0471,0,ok,32400.0000,0,0,0,37000.0000,1.6822,0,0,rotors,legacy_task_distance_hover_proxy_v1,rotors_aero_shaft_mechanical_proxy_v1,GROUND,,,0.000000,0.000000,0.000000,0.000000,0.000000,0.000000,0.000000,0.000000,0.000000,0.000000,0.000000,0.000000,0.000000,0.000000,0.000000,0.000000,0.000000,0.000000,0.000000,0.000000,0.000000,0.000000,0.000000,0.000000,0.000000,0.000000,0.070904,0.324655,-0.000315,0.311450,0.449891,1.568e-05,0.06,10,1,rotors,rotors_aero_shaft_mechanical_proxy_v1,0.000000,0.000000,37000.000000,none,37000.000000,37000.000000
scene_a,-1,17.400,GROUND,NAVIGATE,6.6635,-0.1174,0.1249,-0.1233,0.9059,-0.6090,8.0000,-1.0000,0.4500,0.0047,0.0189,0.00,0.050,0.967,0.967,0.065,0.032,0.958,0.065,0.0000,0.0000,0.0000,0.0000,ground_only,0.999,0.1575,2.6883,2.6883,0.0000,0.0000,0.0000,0.0000,7.3506,7.3506,0.0000,0,0,0,0,0.0477,0,ok,32400.0000,0,0,0,37000.0000,1.6016,0,0,rotors,legacy_task_distance_hover_proxy_v1,rotors_aero_shaft_mechanical_proxy_v1,GROUND,,,0.000000,0.000000,0.000000,0.000000,0.000000,0.000000,0.000000,0.000000,0.000000,0.000000,0.000000,0.000000,0.000000,0.000000,0.000000,0.000000,0.000000,0.000000,0.000000,0.000000,0.000000,0.000000,0.000000,0.000000,0.000000,0.000000,0.124944,-0.837400,-0.147580,1.218465,1.485825,1.568e-05,0.06,10,1,rotors,rotors_aero_shaft_mechanical_proxy_v1,0.000000,0.000000,37000.000000,none,37000.000000,37000.000000
scene_a,-1,17.600,GROUND,NAVIGATE,6.7249,-0.1737,0.6544,-0.7286,1.2123,-0.9720,8.0000,-1.0000,0.4335,0.1208,0.4892,0.00,0.050,0.967,0.967,0.065,0.032,0.958,0.065,0.0000,0.0000,0.0000,0.0000,ground_only,0.999,0.1575,2.7198,2.7198,0.0000,0.0000,0.0000,0.0000,7.4350,7.4350,0.0000,0,0,0,0,0.0480,0,ok,32400.0000,0,0,0,37000.0000,1.5194,0,0,rotors,legacy_task_distance_hover_proxy_v1,rotors_aero_shaft_mechanical_proxy_v1,GROUND,,,0.000000,0.000000,0.000000,0.000000,0.000000,0.000000,0.000000,0.000000,0.000000,0.000000,0.000000,0.000000,0.000000,0.000000,0.000000,0.000000,0.000000,0.000000,0.000000,0.000000,0.000000,0.000000,0.000000,0.000000,0.000000,0.000000,0.654437,-3.015213,-1.003482,1.228821,3.407123,1.568e-05,0.06,10,1,rotors,rotors_aero_shaft_mechanical_proxy_v1,0.000000,0.000000,37000.000000,none,37000.000000,37000.000000
scene_a,-1,17.800,GROUND,NAVIGATE,6.7975,-0.2283,1.2772,-1.0122,1.2570,-1.0375,8.0000,-1.0000,0.3942,0.2171,0.9062,0.00,0.050,0.967,0.967,0.065,0.032,0.958,0.065,0.0000,0.0000,0.0000,0.0000,ground_only,0.999,0.1575,2.7513,2.7513,0.0000,0.0000,0.0000,0.0000,7.5260,7.5260,0.0000,0,0,0,0,0.0475,0,ok,32400.0000,0,0,0,37000.0000,1.4289,0,0,rotors,legacy_task_distance_hover_proxy_v1,rotors_aero_shaft_mechanical_proxy_v1,GROUND,,,0.000000,0.000000,0.000000,0.000000,0.000000,0.000000,0.000000,0.000000,0.000000,0.000000,0.000000,0.000000,0.000000,0.000000,0.000000,0.000000,0.000000,0.000000,0.000000,0.000000,0.000000,0.000000,0.000000,0.000000,0.000000,0.000000,1.277198,-2.017673,-0.812217,0.750926,2.300998,1.568e-05,0.06,10,1,rotors,rotors_aero_shaft_mechanical_proxy_v1,0.000000,0.000000,37000.000000,none,37000.000000,37000.000000
scene_a,-1,18.000,GROUND,NAVIGATE,6.8738,-0.2792,1.5333,-1.0125,1.2571,-0.8968,8.0000,-1.0000,0.4231,0.1533,0.6259,0.00,0.050,0.967,0.967,0.065,0.032,0.958,0.065,0.0000,0.0000,0.0000,0.0000,ground_only,0.999,0.1575,2.7828,2.7828,0.0000,0.0000,0.0000,0.0000,7.6174,7.6174,0.0000,0,0,0,0,0.0470,0,ok,32400.0000,0,0,0,37000.0000,1.3371,0,0,rotors,legacy_task_distance_hover_proxy_v1,rotors_aero_shaft_mechanical_proxy_v1,GROUND,,,0.000000,0.000000,0.000000,0.000000,0.000000,0.000000,0.000000,0.000000,0.000000,0.000000,0.000000,0.000000,0.000000,0.000000,0.000000,0.000000,0.000000,0.000000,0.000000,0.000000,0.000000,0.000000,0.000000,0.000000,0.000000,0.000000,1.533348,-0.157714,-0.353644,0.392894,0.551637,1.568e-05,0.06,10,1,rotors,rotors_aero_shaft_mechanical_proxy_v1,0.000000,0.000000,37000.000000,none,37000.000000,37000.000000
scene_a,-1,18.200,GROUND,NAVIGATE,6.9501,-0.3297,1.3979,-1.0127,1.2571,-0.7996,8.0000,-1.0000,0.4371,0.1070,0.4322,0.00,0.850,0.447,0.447,0.305,0.553,0.526,0.705,0.0000,0.0000,0.0000,0.0000,ground_only,0.999,0.1575,2.8143,2.8143,0.0000,0.0000,0.0000,0.0000,7.7089,7.7089,0.0000,0,0,0,0,0.0464,0,ok,32400.0000,0,0,0,5600.0000,1.2456,0,0,rotors,legacy_task_distance_hover_proxy_v1,rotors_aero_shaft_mechanical_proxy_v1,GROUND,,,0.000000,0.000000,0.000000,0.000000,0.000000,0.000000,0.000000,0.000000,0.000000,0.000000,0.000000,0.000000,0.000000,0.000000,0.000000,0.000000,0.000000,0.000000,0.000000,0.000000,0.000000,0.000000,0.000000,0.000000,0.000000,0.000000,1.397912,1.708203,0.127071,0.040774,1.713408,1.568e-05,0.06,10,1,rotors,rotors_aero_shaft_mechanical_proxy_v1,0.000000,0.000000,37000.000000,none,37000.000000,37000.000000
scene_a,-1,18.400,GROUND,NAVIGATE,7.0261,-0.3798,0.8713,-0.9472,1.2565,-0.6698,8.0000,-1.0000,0.4438,0.0742,0.2984,0.00,0.850,0.447,0.447,0.305,0.553,0.526,0.705,0.0000,0.0000,0.0000,0.0000,ground_only,0.999,0.1575,2.8458,2.8458,0.0000,0.0000,0.0000,0.0000,7.7999,7.7999,0.0000,0,0,0,0,0.0459,0,ok,32400.0000,0,0,0,5600.0000,1.1546,0,0,rotors,legacy_task_distance_hover_proxy_v1,rotors_aero_shaft_mechanical_proxy_v1,GROUND,,,0.000000,0.000000,0.000000,0.000000,0.000000,0.000000,0.000000,0.000000,0.000000,0.000000,0.000000,0.000000,0.000000,0.000000,0.000000,0.000000,0.000000,0.000000,0.000000,0.000000,0.000000,0.000000,0.000000,0.000000,0.000000,0.000000,0.871259,3.254028,0.513130,-0.301155,3.307975,1.568e-05,0.06,10,1,rotors,rotors_aero_shaft_mechanical_proxy_v1,0.000000,0.000000,37000.000000,none,37000.000000,37000.000000
scene_a,-1,18.600,GROUND,NAVIGATE,7.1025,-0.4137,0.7847,-0.0499,1.1091,0.0050,8.0000,-1.0000,0.3724,-0.2526,-1.0730,0.00,0.850,0.447,0.447,0.305,0.553,0.526,0.705,0.0000,0.0000,0.0000,0.0000,ground_only,0.999,0.1575,2.8773,2.8773,0.0000,0.0000,0.0000,0.0000,7.8873,7.8873,0.0000,0,0,0,0,0.0462,0,ok,32400.0000,0,0,0,5600.0000,1.0720,0,0,rotors,legacy_task_distance_hover_proxy_v1,rotors_aero_shaft_mechanical_proxy_v1,GROUND,,,0.000000,0.000000,0.000000,0.000000,0.000000,0.000000,0.000000,0.000000,0.000000,0.000000,0.000000,0.000000,0.000000,0.000000,0.000000,0.000000,0.000000,0.000000,0.000000,0.000000,0.000000,0.000000,0.000000,0.000000,0.000000,0.000000,0.784663,0.174371,-0.240687,0.308059,0.428061,1.568e-05,0.06,10,1,rotors,rotors_aero_shaft_mechanical_proxy_v1,0.000000,0.000000,37000.000000,none,37000.000000,37000.000000
scene_a,-1,18.800,GROUND,NAVIGATE,7.1753,-0.4599,0.7686,-0.0030,1.1470,-0.1491,8.0000,-1.0000,0.4072,-0.1916,-0.7917,0.00,0.850,0.447,0.447,0.305,0.553,0.526,0.705,0.0000,0.0000,0.0000,0.0000,ground_only,0.999,0.1575,2.9088,2.9088,0.0000,0.0000,0.0000,0.0000,7.9741,7.9741,0.0000,0,0,0,0,0.0462,0,ok,32400.0000,0,0,0,5600.0000,0.9858,0,0,rotors,legacy_task_distance_hover_proxy_v1,rotors_aero_shaft_mechanical_proxy_v1,GROUND,,,0.000000,0.000000,0.000000,0.000000,0.000000,0.000000,0.000000,0.000000,0.000000,0.000000,0.000000,0.000000,0.000000,0.000000,0.000000,0.000000,0.000000,0.000000,0.000000,0.000000,0.000000,0.000000,0.000000,0.000000,0.000000,0.000000,0.768637,0.274323,-0.195293,0.310735,0.458202,1.568e-05,0.06,10,1,rotors,rotors_aero_shaft_mechanical_proxy_v1,0.000000,0.000000,37000.000000,none,37000.000000,37000.000000
scene_a,-1,19.000,GROUND,NAVIGATE,7.2496,-0.5082,0.6358,-0.0566,1.1721,-0.3342,8.0000,-1.0000,0.4327,-0.1235,-0.5006,0.00,0.850,0.447,0.447,0.305,0.553,0.526,0.705,0.0000,0.0000,0.0000,0.0000,ground_only,0.999,0.1575,2.9403,2.9403,0.0000,0.0000,0.0000,0.0000,8.0623,8.0623,0.0000,0,0,0,0,0.0458,0,ok,32400.0000,0,0,0,5600.0000,0.8972,0,0,rotors,legacy_task_distance_hover_proxy_v1,rotors_aero_shaft_mechanical_proxy_v1,GROUND,,,0.000000,0.000000,0.000000,0.000000,0.000000,0.000000,0.000000,0.000000,0.000000,0.000000,0.000000,0.000000,0.000000,0.000000,0.000000,0.000000,0.000000,0.000000,0.000000,0.000000,0.000000,0.000000,0.000000,0.000000,0.000000,0.000000,0.635850,1.157936,-0.111774,-0.025202,1.163591,1.568e-05,0.06,10,1,rotors,rotors_aero_shaft_mechanical_proxy_v1,0.000000,0.000000,37000.000000,none,37000.000000,37000.000000
scene_a,-1,19.200,GROUND,NAVIGATE,7.3245,-0.5573,0.2239,-0.0566,1.1721,-0.4119,8.0000,-1.0000,0.4432,-0.0780,-0.3137,0.00,0.850,0.447,0.447,0.305,0.553,0.526,0.705,0.0000,0.0000,0.0000,0.0000,ground_only,0.999,0.1575,2.9718,2.9718,0.0000,0.0000,0.0000,0.0000,8.1523,8.1523,0.0000,0,0,0,0,0.0454,0,ok,32400.0000,0,0,0,5600.0000,0.8076,0,0,rotors,legacy_task_distance_hover_proxy_v1,rotors_aero_shaft_mechanical_proxy_v1,GROUND,,,0.000000,0.000000,0.000000,0.000000,0.000000,0.000000,0.000000,0.000000,0.000000,0.000000,0.000000,0.000000,0.000000,0.000000,0.000000,0.000000,0.000000,0.000000,0.000000,0.000000,0.000000,0.000000,0.000000,0.000000,0.000000,0.000000,0.223944,2.968118,-0.034561,-0.774569,3.067715,1.568e-05,0.06,10,1,rotors,rotors_aero_shaft_mechanical_proxy_v1,0.000000,0.000000,37000.000000,none,37000.000000,37000.000000
scene_a,-1,19.400,GROUND,NAVIGATE,7.4019,-0.6044,0.0752,0.0954,0.7534,-0.4308,8.0000,-1.0000,0.4432,-0.0781,-0.3140,0.00,0.850,0.447,0.447,0.305,0.553,0.526,0.705,0.0000,0.0000,0.0000,0.0000,ground_only,0.998,0.1575,3.0033,3.0033,0.0000,0.0000,0.0000,0.0000,8.2427,8.2427,0.0000,0,0,0,0,0.0449,0,ok,32400.0000,0,0,0,5600.0000,0.7171,0,0,rotors,legacy_task_distance_hover_proxy_v1,rotors_aero_shaft_mechanical_proxy_v1,GROUND,,,0.000000,0.000000,0.000000,0.000000,0.000000,0.000000,0.000000,0.000000,0.000000,0.000000,0.000000,0.000000,0.000000,0.000000,0.000000,0.000000,0.000000,0.000000,0.000000,0.000000,0.000000,0.000000,0.000000,0.000000,0.000000,0.000000,0.075178,0.276932,-0.038905,0.358852,0.454951,1.568e-05,0.06,10,1,rotors,rotors_aero_shaft_mechanical_proxy_v1,0.000000,0.000000,37000.000000,none,37000.000000,37000.000000
scene_a,-1,19.600,GROUND,NAVIGATE,7.4752,-0.6530,0.0676,-0.0035,0.6821,-0.5493,8.0000,-1.0000,0.4435,-0.0288,-0.1168,0.00,0.850,0.447,0.447,0.305,0.553,0.526,0.705,0.0000,0.0000,0.0000,0.0000,ground_only,0.998,0.1556,3.0344,3.0344,0.0000,0.0000,0.0000,0.0000,8.3308,8.3308,0.0000,0,0,0,0,0.0446,0,ok,32400.0000,0,0,0,5600.0000,0.6292,0,0,rotors,legacy_task_distance_hover_proxy_v1,rotors_aero_shaft_mechanical_proxy_v1,GROUND,,,0.000000,0.000000,0.000000,0.000000,0.000000,0.000000,0.000000,0.000000,0.000000,0.000000,0.000000,0.000000,0.000000,0.000000,0.000000,0.000000,0.000000,0.000000,0.000000,0.000000,0.000000,0.000000,0.000000,0.000000,0.000000,0.000000,0.067634,0.355425,-0.027887,0.265745,0.444663,1.568e-05,0.06,10,1,rotors,rotors_aero_shaft_mechanical_proxy_v1,0.000000,0.000000,37000.000000,none,37000.000000,37000.000000
scene_a,-1,19.800,GROUND,NAVIGATE,7.5416,-0.6969,0.0674,-0.0000,0.7105,-0.5574,8.0000,-1.0000,0.3867,-0.0117,-0.0545,0.00,0.850,0.447,0.447,0.305,0.553,0.526,0.705,0.0000,0.0000,0.0000,0.0000,ground_only,0.998,0.1354,3.0615,3.0615,0.0000,0.0000,0.0000,0.0000,8.4105,8.4105,0.0000,0,0,0,0,0.0441,0,ok,32400.0000,0,0,0,5600.0000,0.5495,0,0,rotors,legacy_task_distance_hover_proxy_v1,rotors_aero_shaft_mechanical_proxy_v1,GROUND,,,0.000000,0.000000,0.000000,0.000000,0.000000,0.000000,0.000000,0.000000,0.000000,0.000000,0.000000,0.000000,0.000000,0.000000,0.000000,0.000000,0.000000,0.000000,0.000000,0.000000,0.000000,0.000000,0.000000,0.000000,0.000000,0.000000,0.067434,0.241260,-0.010845,0.312430,0.394888,1.568e-05,0.06,10,1,rotors,rotors_aero_shaft_mechanical_proxy_v1,0.000000,0.000000,37000.000000,none,37000.000000,37000.000000
scene_a,-1,20.000,GROUND,NAVIGATE,7.5999,-0.7354,0.0680,-0.0000,0.7237,-0.5657,8.0000,-1.0000,0.3363,-0.0071,-0.0381,0.00,0.850,0.447,0.447,0.305,0.553,0.526,0.705,0.0000,0.0000,0.0000,0.0000,ground_only,0.998,0.1177,3.0850,3.0850,0.0000,0.0000,0.0000,0.0000,8.4803,8.4803,0.0000,0,0,0,0,0.0437,0,ok,32400.0000,0,0,0,5600.0000,0.4797,0,1,rotors,legacy_task_distance_hover_proxy_v1,rotors_aero_shaft_mechanical_proxy_v1,GROUND,,,0.000000,0.000000,0.000000,0.000000,0.000000,0.000000,0.000000,0.000000,0.000000,0.000000,0.000000,0.000000,0.000000,0.000000,0.000000,0.000000,0.000000,0.000000,0.000000,0.000000,0.000000,0.000000,0.000000,0.000000,0.000000,0.000000,0.068037,0.281856,-0.006505,0.188896,0.339362,1.568e-05,0.06,10,1,rotors,rotors_aero_shaft_mechanical_proxy_v1,0.000000,0.000000,37000.000000,none,37000.000000,37000.000000
scene_a,-1,20.200,GROUND,NAVIGATE,7.6729,-0.7266,0.0687,-0.0101,0.7299,-0.4011,10.0000,0.0000,0.3244,0.3118,1.2000,0.00,0.850,0.447,0.447,0.305,0.553,0.526,0.705,0.0000,0.0000,0.0000,0.0000,ground_only,0.998,0.1575,3.1165,3.1165,0.0000,0.0000,0.0000,0.0000,8.5590,8.5590,0.0000,0,0,0,0,0.0451,0,ok,32400.0000,0,0,0,5600.0000,2.4379,0,1,rotors,legacy_task_distance_hover_proxy_v1,rotors_aero_shaft_mechanical_proxy_v1,GROUND,,,0.000000,0.000000,0.000000,0.000000,0.000000,0.000000,0.000000,0.000000,0.000000,0.000000,0.000000,0.000000,0.000000,0.000000,0.000000,0.000000,0.000000,0.000000,0.000000,0.000000,0.000000,0.000000,0.000000,0.000000,0.000000,0.000000,0.068720,0.170650,0.289442,0.299736,0.450266,1.568e-05,0.06,10,1,rotors,rotors_aero_shaft_mechanical_proxy_v1,0.000000,0.000000,37000.000000,none,37000.000000,37000.000000
scene_a,-1,20.400,GROUND,NAVIGATE,7.7553,-0.7020,0.0694,-0.0144,0.7364,-0.1850,10.0000,0.0000,0.3860,0.2313,0.9718,0.00,0.850,0.447,0.447,0.305,0.553,0.526,0.705,0.0000,0.0000,0.0000,0.0000,ground_only,0.998,0.1575,3.1480,3.1480,0.0000,0.0000,0.0000,0.0000,8.6454,8.6454,0.0000,0,0,0,0,0.0451,0,ok,32400.0000,0,0,0,5600.0000,2.3520,0,1,rotors,legacy_task_distance_hover_proxy_v1,rotors_aero_shaft_mechanical_proxy_v1,GROUND,,,0.000000,0.000000,0.000000,0.000000,0.000000,0.000000,0.000000,0.000000,0.000000,0.000000,0.000000,0.000000,0.000000,0.000000,0.000000,0.000000,0.000000,0.000000,0.000000,0.000000,0.000000,0.000000,0.000000,0.000000,0.000000,0.000000,0.069402,0.342738,0.212601,0.200517,0.450417,1.568e-05,0.06,10,1,rotors,rotors_aero_shaft_mechanical_proxy_v1,0.000000,0.000000,37000.000000,none,37000.000000,37000.000000
scene_a,-1,20.600,GROUND,NAVIGATE,7.8386,-0.6777,0.0702,-0.0171,0.7489,-0.0273,10.0000,0.0000,0.4199,0.1617,0.6617,0.00,0.850,0.447,0.447,0.305,0.553,0.526,0.705,0.0000,0.0000,0.0000,0.0000,ground_only,0.998,0.1575,3.1795,3.1795,0.0000,0.0000,0.0000,0.0000,8.7332,8.7332,0.0000,0,0,0,0,0.0450,0,ok,32400.0000,0,0,0,5600.0000,2.2652,0,1,rotors,legacy_task_distance_hover_proxy_v1,rotors_aero_shaft_mechanical_proxy_v1,GROUND,,,0.000000,0.000000,0.000000,0.000000,0.000000,0.000000,0.000000,0.000000,0.000000,0.000000,0.000000,0.000000,0.000000,0.000000,0.000000,0.000000,0.000000,0.000000,0.000000,0.000000,0.000000,0.000000,0.000000,0.000000,0.000000,0.000000,0.070207,0.249458,0.144806,0.351484,0.454685,1.568e-05,0.06,10,1,rotors,rotors_aero_shaft_mechanical_proxy_v1,0.000000,0.000000,37000.000000,none,37000.000000,37000.000000
scene_a,-1,20.800,GROUND,NAVIGATE,7.9226,-0.6529,0.0706,-0.0153,0.7638,0.0866,10.0000,0.0000,0.4365,0.1095,0.4424,0.00,0.850,0.447,0.447,0.305,0.553,0.526,0.705,0.0000,0.0000,0.0000,0.0000,ground_only,0.998,0.1575,3.2110,3.2110,0.0000,0.0000,0.0000,0.0000,8.8209,8.8209,0.0000,0,0,0,0,0.0448,0,ok,32400.0000,0,0,0,5600.0000,2.1776,0,1,rotors,legacy_task_distance_hover_proxy_v1,rotors_aero_shaft_mechanical_proxy_v1,GROUND,,,0.000000,0.000000,0.000000,0.000000,0.000000,0.000000,0.000000,0.000000,0.000000,0.000000,0.000000,0.000000,0.000000,0.000000,0.000000,0.000000,0.000000,0.000000,0.000000,0.000000,0.000000,0.000000,0.000000,0.000000,0.000000,0.000000,0.070567,0.130694,-0.093087,0.266124,0.310754,1.568e-05,0.06,10,1,rotors,rotors_aero_shaft_mechanical_proxy_v1,0.000000,0.000000,37000.000000,none,37000.000000,37000.000000
scene_a,-1,21.000,GROUND,NAVIGATE,8.0071,-0.6278,0.0716,-0.0133,0.7808,0.1670,10.0000,0.0000,0.4445,0.0700,0.2811,0.00,0.850,0.447,0.447,0.305,0.553,0.526,0.705,0.0000,0.0000,0.0000,0.0000,ground_only,0.998,0.1575,3.2425,3.2425,0.0000,0.0000,0.0000,0.0000,8.9094,8.9094,0.0000,0,0,0,0,0.0446,0,ok,32400.0000,0,0,0,5600.0000,2.0894,0,1,rotors,legacy_task_distance_hover_proxy_v1,rotors_aero_shaft_mechanical_proxy_v1,GROUND,,,0.000000,0.000000,0.000000,0.000000,0.000000,0.000000,0.000000,0.000000,0.000000,0.000000,0.000000,0.000000,0.000000,0.000000,0.000000,0.000000,0.000000,0.000000,0.000000,0.000000,0.000000,0.000000,0.000000,0.000000,0.000000,0.000000,0.071583,0.345979,0.061456,0.283374,0.451419,1.568e-05,0.06,10,1,rotors,rotors_aero_shaft_mechanical_proxy_v1,0.000000,0.000000,37000.000000,none,37000.000000,37000.000000
scene_a,-1,21.200,GROUND,NAVIGATE,8.0900,-0.6016,0.0715,0.0458,0.7055,0.2401,10.0000,0.0000,0.4488,0.0331,0.1324,0.00,0.850,0.447,0.447,0.305,0.553,0.526,0.705,0.0000,0.0000,0.0000,0.0000,ground_only,0.998,0.1575,3.2740,3.2740,0.0000,0.0000,0.0000,0.0000,8.9968,8.9968,0.0000,0,0,0,0,0.0445,0,ok,32400.0000,0,0,0,5600.0000,2.0025,0,1,rotors,legacy_task_distance_hover_proxy_v1,rotors_aero_shaft_mechanical_proxy_v1,GROUND,,,0.000000,0.000000,0.000000,0.000000,0.000000,0.000000,0.000000,0.000000,0.000000,0.000000,0.000000,0.000000,0.000000,0.000000,0.000000,0.000000,0.000000,0.000000,0.000000,0.000000,0.000000,0.000000,0.000000,0.000000,0.000000,0.000000,0.071528,0.381738,0.042093,0.242069,0.453975,1.568e-05,0.06,10,1,rotors,rotors_aero_shaft_mechanical_proxy_v1,0.000000,0.000000,37000.000000,none,37000.000000,37000.000000
scene_a,-1,21.400,GROUND,NAVIGATE,8.1739,-0.5766,0.0694,-0.0000,0.7407,0.2161,10.0000,0.0000,0.4482,0.0407,0.1629,0.00,0.850,0.447,0.447,0.305,0.553,0.526,0.705,0.0000,0.0000,0.0000,0.0000,ground_only,0.998,0.1575,3.3055,3.3055,0.0000,0.0000,0.0000,0.0000,9.0843,9.0843,0.0000,0,0,0,0,0.0443,0,ok,32400.0000,0,0,0,5600.0000,1.9150,0,1,rotors,legacy_task_distance_hover_proxy_v1,rotors_aero_shaft_mechanical_proxy_v1,GROUND,,,0.000000,0.000000,0.000000,0.000000,0.000000,0.000000,0.000000,0.000000,0.000000,0.000000,0.000000,0.000000,0.000000,0.000000,0.000000,0.000000,0.000000,0.000000,0.000000,0.000000,0.000000,0.000000,0.000000,0.000000,0.000000,0.000000,0.069425,0.375945,0.041554,0.252461,0.454750,1.568e-05,0.06,10,1,rotors,rotors_aero_shaft_mechanical_proxy_v1,0.000000,0.000000,37000.000000,none,37000.000000,37000.000000
scene_a,-1,21.600,GROUND,NAVIGATE,8.2586,-0.5501,0.0700,0.0000,0.7560,0.2434,10.0000,0.0000,0.4489,0.0311,0.1247,0.00,0.850,0.447,0.447,0.305,0.553,0.526,0.705,0.0000,0.0000,0.0000,0.0000,ground_only,0.998,0.1575,3.3370,3.3370,0.0000,0.0000,0.0000,0.0000,9.1727,9.1727,0.0000,0,0,0,0,0.0440,0,ok,32400.0000,0,0,0,5600.0000,1.8263,0,1,rotors,legacy_task_distance_hover_proxy_v1,rotors_aero_shaft_mechanical_proxy_v1,GROUND,,,0.000000,0.000000,0.000000,0.000000,0.000000,0.000000,0.000000,0.000000,0.000000,0.000000,0.000000,0.000000,0.000000,0.000000,0.000000,0.000000,0.000000,0.000000,0.000000,0.000000,0.000000,0.000000,0.000000,0.000000,0.000000,0.000000,0.069998,0.379353,0.029061,0.252054,0.456382,1.568e-05,0.06,10,1,rotors,rotors_aero_shaft_mechanical_proxy_v1,0.000000,0.000000,37000.000000,none,37000.000000,37000.000000
scene_a,-1,21.800,GROUND,NAVIGATE,8.3428,-0.5235,0.0706,0.0000,0.7713,0.2623,10.0000,0.0000,0.4495,0.0218,0.0872,0.00,0.850,0.447,0.447,0.305,0.553,0.526,0.705,0.0000,0.0000,0.0000,0.0000,ground_only,0.998,0.1575,3.3685,3.3685,0.0000,0.0000,0.0000,0.0000,9.2610,9.2610,0.0000,0,0,0,0,0.0438,0,ok,32400.0000,0,0,0,5600.0000,1.7379,0,1,rotors,legacy_task_distance_hover_proxy_v1,rotors_aero_shaft_mechanical_proxy_v1,GROUND,,,0.000000,0.000000,0.000000,0.000000,0.000000,0.000000,0.000000,0.000000,0.000000,0.000000,0.000000,0.000000,0.000000,0.000000,0.000000,0.000000,0.000000,0.000000,0.000000,0.000000,0.000000,0.000000,0.000000,0.000000,0.000000,0.000000,0.070556,0.390071,0.020310,0.243586,0.460328,1.568e-05,0.06,10,1,rotors,rotors_aero_shaft_mechanical_proxy_v1,0.000000,0.000000,37000.000000,none,37000.000000,37000.000000
scene_a,-1,22.000,GROUND,NAVIGATE,8.4265,-0.4979,0.0710,-0.0046,0.7827,0.2791,10.0000,0.0000,0.4498,0.0144,0.0575,0.00,0.850,0.447,0.447,0.305,0.553,0.526,0.705,0.0000,0.0000,0.0000,0.0000,ground_only,0.998,0.1575,3.4000,3.4000,0.0000,0.0000,0.0000,0.0000,9.3491,9.3491,0.0000,0,0,0,0,0.0436,0,ok,32400.0000,0,0,0,5600.0000,1.6504,0,1,rotors,legacy_task_distance_hover_proxy_v1,rotors_aero_shaft_mechanical_proxy_v1,GROUND,,,0.000000,0.000000,0.000000,0.000000,0.000000,0.000000,0.000000,0.000000,0.000000,0.000000,0.000000,0.000000,0.000000,0.000000,0.000000,0.000000,0.000000,0.000000,0.000000,0.000000,0.000000,0.000000,0.000000,0.000000,0.000000,0.000000,0.071013,0.270296,0.011711,0.365892,0.455054,1.568e-05,0.06,10,1,rotors,rotors_aero_shaft_mechanical_proxy_v1,0.000000,0.000000,37000.000000,none,37000.000000,37000.000000
scene_a,-1,22.200,GROUND,NAVIGATE,8.5105,-0.4708,0.0700,0.0338,0.7296,0.2990,10.0000,0.0000,0.4499,-0.0073,-0.0294,0.00,0.850,0.447,0.447,0.305,0.553,0.526,0.705,0.0000,0.0000,0.0000,0.0000,ground_only,0.998,0.1575,3.4315,3.4315,0.0000,0.0000,0.0000,0.0000,9.4370,9.4370,0.0000,0,0,0,0,0.0434,0,ok,32400.0000,0,0,0,5600.0000,1.5621,0,1,rotors,legacy_task_distance_hover_proxy_v1,rotors_aero_shaft_mechanical_proxy_v1,GROUND,,,0.000000,0.000000,0.000000,0.000000,0.000000,0.000000,0.000000,0.000000,0.000000,0.000000,0.000000,0.000000,0.000000,0.000000,0.000000,0.000000,0.000000,0.000000,0.000000,0.000000,0.000000,0.000000,0.000000,0.000000,0.000000,0.000000,0.069974,0.323239,-0.007240,0.279818,0.427591,1.568e-05,0.06,10,1,rotors,rotors_aero_shaft_mechanical_proxy_v1,0.000000,0.000000,37000.000000,none,37000.000000,37000.000000
scene_a,-1,22.400,GROUND,NAVIGATE,8.5944,-0.4455,0.0696,0.0000,0.7610,0.2671,10.0000,0.0000,0.4496,0.0198,0.0792,0.00,0.850,0.447,0.447,0.305,0.553,0.526,0.705,0.0000,0.0000,0.0000,0.0000,ground_only,0.998,0.1575,3.4630,3.4630,0.0000,0.0000,0.0000,0.0000,9.5251,9.5251,0.0000,0,0,0,0,0.0433,0,ok,32400.0000,0,0,0,5600.0000,1.4745,0,1,rotors,legacy_task_distance_hover_proxy_v1,rotors_aero_shaft_mechanical_proxy_v1,GROUND,,,0.000000,0.000000,0.000000,0.000000,0.000000,0.000000,0.000000,0.000000,0.000000,0.000000,0.000000,0.000000,0.000000,0.000000,0.000000,0.000000,0.000000,0.000000,0.000000,0.000000,0.000000,0.000000,0.000000,0.000000,0.000000,0.000000,0.069630,0.223121,0.018459,0.417604,0.473832,1.568e-05,0.06,10,1,rotors,rotors_aero_shaft_mechanical_proxy_v1,0.000000,0.000000,37000.000000,none,37000.000000,37000.000000
scene_a,-1,22.600,GROUND,NAVIGATE,8.6787,-0.4188,0.0707,0.0000,0.7764,0.2791,10.0000,0.0000,0.4498,0.0127,0.0506,0.00,0.850,0.447,0.447,0.305,0.553,0.526,0.705,0.0000,0.0000,0.0000,0.0000,ground_only,0.998,0.1575,3.4945,3.4945,0.0000,0.0000,0.0000,0.0000,9.6135,9.6135,0.0000,0,0,0,0,0.0430,0,ok,32400.0000,0,0,0,5600.0000,1.3861,0,1,rotors,legacy_task_distance_hover_proxy_v1,rotors_aero_shaft_mechanical_proxy_v1,GROUND,,,0.000000,0.000000,0.000000,0.000000,0.000000,0.000000,0.000000,0.000000,0.000000,0.000000,0.000000,0.000000,0.000000,0.000000,0.000000,0.000000,0.000000,0.000000,0.000000,0.000000,0.000000,0.000000,0.000000,0.000000,0.000000,0.000000,0.070675,0.238168,0.012893,0.399409,0.465208,1.568e-05,0.06,10,1,rotors,rotors_aero_shaft_mechanical_proxy_v1,0.000000,0.000000,37000.000000,none,37000.000000,37000.000000
scene_a,-1,22.800,GROUND,NAVIGATE,8.7633,-0.3924,0.0705,0.0127,0.7633,0.3057,10.0000,0.0000,0.4499,0.0083,0.0332,0.00,0.850,0.447,0.447,0.305,0.553,0.526,0.705,0.0000,0.0000,0.0000,0.0000,ground_only,0.998,0.1575,3.5260,3.5260,0.0000,0.0000,0.0000,0.0000,9.7019,9.7019,0.0000,0,0,0,0,0.0428,0,ok,32400.0000,0,0,0,5600.0000,1.2975,0,1,rotors,legacy_task_distance_hover_proxy_v1,rotors_aero_shaft_mechanical_proxy_v1,GROUND,,,0.000000,0.000000,0.000000,0.000000,0.000000,0.000000,0.000000,0.000000,0.000000,0.000000,0.000000,0.000000,0.000000,0.000000,0.000000,0.000000,0.000000,0.000000,0.000000,0.000000,0.000000,0.000000,0.000000,0.000000,0.000000,0.000000,0.070498,0.301971,0.011422,0.334272,0.450616,1.568e-05,0.06,10,1,rotors,rotors_aero_shaft_mechanical_proxy_v1,0.000000,0.000000,37000.000000,none,37000.000000,37000.000000
scene_a,-1,23.000,GROUND,NAVIGATE,8.8470,-0.3661,0.0696,0.0153,0.7444,0.2866,10.0000,0.0000,0.4500,-0.0001,-0.0006,0.00,0.850,0.447,0.447,0.305,0.553,0.526,0.705,0.0000,0.0000,0.0000,0.0000,ground_only,0.998,0.1575,3.5575,3.5575,0.0000,0.0000,0.0000,0.0000,9.7897,9.7897,0.0000,0,0,0,0,0.0426,0,ok,32400.0000,0,0,0,5600.0000,1.2097,0,1,rotors,legacy_task_distance_hover_proxy_v1,rotors_aero_shaft_mechanical_proxy_v1,GROUND,,,0.000000,0.000000,0.000000,0.000000,0.000000,0.000000,0.000000,0.000000,0.000000,0.000000,0.000000,0.000000,0.000000,0.000000,0.000000,0.000000,0.000000,0.000000,0.000000,0.000000,0.000000,0.000000,0.000000,0.000000,0.000000,0.000000,0.069563,0.319400,-0.005444,0.284496,0.427766,1.568e-05,0.06,10,1,rotors,rotors_aero_shaft_mechanical_proxy_v1,0.000000,0.000000,37000.000000,none,37000.000000,37000.000000
scene_a,-1,23.200,GROUND,NAVIGATE,8.9308,-0.3401,0.0700,0.0000,0.7670,0.2793,10.0000,0.0000,0.4498,0.0144,0.0574,0.00,0.850,0.447,0.447,0.305,0.553,0.526,0.705,0.0000,0.0000,0.0000,0.0000,ground_only,0.998,0.1575,3.5890,3.5890,0.0000,0.0000,0.0000,0.0000,9.8775,9.8775,0.0000,0,0,0,0,0.0425,0,ok,32400.0000,0,0,0,5600.0000,1.1220,0,1,rotors,legacy_task_distance_hover_proxy_v1,rotors_aero_shaft_mechanical_proxy_v1,GROUND,,,0.000000,0.000000,0.000000,0.000000,0.000000,0.000000,0.000000,0.000000,0.000000,0.000000,0.000000,0.000000,0.000000,0.000000,0.000000,0.000000,0.000000,0.000000,0.000000,0.000000,0.000000,0.000000,0.000000,0.000000,0.000000,0.000000,0.069974,0.418143,0.013389,0.214286,0.470044,1.568e-05,0.06,10,1,rotors,rotors_aero_shaft_mechanical_proxy_v1,0.000000,0.000000,37000.000000,none,37000.000000,37000.000000
scene_a,-1,23.400,GROUND,NAVIGATE,9.0149,-0.3139,0.0710,-0.0026,0.7806,0.2907,10.0000,0.0000,0.4499,0.0081,0.0323,0.00,0.850,0.447,0.447,0.305,0.553,0.526,0.705,0.0000,0.0000,0.0000,0.0000,ground_only,0.998,0.1575,3.6205,3.6205,0.0000,0.0000,0.0000,0.0000,9.9661,9.9661,0.0000,0,0,0,0,0.0423,0,ok,32400.0000,0,0,0,5600.0000,1.0339,0,1,rotors,legacy_task_distance_hover_proxy_v1,rotors_aero_shaft_mechanical_proxy_v1,GROUND,,,0.000000,0.000000,0.000000,0.000000,0.000000,0.000000,0.000000,0.000000,0.000000,0.000000,0.000000,0.000000,0.000000,0.000000,0.000000,0.000000,0.000000,0.000000,0.000000,0.000000,0.000000,0.000000,0.000000,0.000000,0.000000,0.000000,0.070954,0.350373,0.007947,0.285596,0.452095,1.568e-05,0.06,10,1,rotors,rotors_aero_shaft_mechanical_proxy_v1,0.000000,0.000000,37000.000000,none,37000.000000,37000.000000
scene_a,-1,23.600,GROUND,NAVIGATE,9.0980,-0.2866,0.0709,0.0464,0.7318,0.3389,10.0000,0.0000,0.4496,-0.0189,-0.0757,0.00,0.850,0.447,0.447,0.305,0.553,0.526,0.705,0.0000,0.0000,0.0000,0.0000,ground_only,0.998,0.1575,3.6520,3.6520,0.0000,0.0000,0.0000,0.0000,10.0533,10.0533,0.0000,0,0,0,0,0.0422,0,ok,32400.0000,0,0,0,5600.0000,0.9464,0,1,rotors,legacy_task_distance_hover_proxy_v1,rotors_aero_shaft_mechanical_proxy_v1,GROUND,,,0.000000,0.000000,0.000000,0.000000,0.000000,0.000000,0.000000,0.000000,0.000000,0.000000,0.000000,0.000000,0.000000,0.000000,0.000000,0.000000,0.000000,0.000000,0.000000,0.000000,0.000000,0.000000,0.000000,0.000000,0.000000,0.000000,0.070865,0.320706,-0.013377,0.282346,0.427493,1.568e-05,0.06,10,1,rotors,rotors_aero_shaft_mechanical_proxy_v1,0.000000,0.000000,37000.000000,none,37000.000000,37000.000000
