sim_time_s,x_m,y_m,z_m,vx_m_s,vy_m_s,vz_m_s,requested_mode,approved_mode,mission_state,handoff_state,ground_owner,ground_active,motor_enable,disarmed,site_measurement_valid,site_valid,persistent_site_count,target_site_id,target_source,target_reachability,target_revalidated,reposition_result,actual_motor_mean_abs_rad_s
2.152000,0.691173,0.000025,0.065868,0.435501,-0.000124,-0.004618,GROUND,GROUND,NAVIGATE,GROUND_DRIVE,True,True,False,True,False,False,3,0,none,none,False,none,0.000000
2.252000,0.734641,0.000025,0.065868,0.435501,-0.000124,-0.004618,GROUND,GROUND,NAVIGATE,GROUND_DRIVE,True,True,False,True,True,True,3,0,none,none,False,none,0.000000
2.351000,0.777675,0.000025,0.065872,0.435031,-0.000127,0.005279,GROUND,GROUND,NAVIGATE,GROUND_DRIVE,True,True,False,True,True,True,3,0,none,none,False,none,0.000000
2.450000,0.820710,0.000025,0.065867,0.434375,0.000130,-0.005263,GROUND,GROUND,NAVIGATE,GROUND_DRIVE,True,True,False,True,True,True,3,0,none,none,False,none,0.000000
2.550000,0.864179,0.000025,0.065867,0.434375,0.000131,-0.005263,GROUND,GROUND,NAVIGATE,GROUND_DRIVE,True,True,False,True,True,True,4,0,none,none,False,none,0.000000
2.649000,0.907212,0.000025,0.065872,0.433846,0.000134,0.004602,GROUND,GROUND,NAVIGATE,GROUND_DRIVE,True,True,False,True,True,True,4,0,none,none,False,none,0.000000
2.748000,0.950247,0.000025,0.065868,0.435501,-0.000123,-0.004618,GROUND,GROUND,NAVIGATE,GROUND_DRIVE,True,True,False,True,True,True,4,0,none,none,False,none,0.000000
2.848000,0.993716,0.000025,0.065868,0.435501,-0.000123,-0.004618,GROUND,GROUND,NAVIGATE,GROUND_DRIVE,True,True,False,True,True,True,4,0,none,none,False,none,0.000000
2.947000,1.036750,0.000025,0.065872,0.435031,-0.000125,0.005279,GROUND,GROUND,NAVIGATE,GROUND_DRIVE,True,True,False,True,True,True,5,0,none,none,False,none,0.000000
3.047000,1.080218,0.000025,0.065872,0.435031,-0.000125,0.005279,GROUND,GROUND,NAVIGATE,GROUND_DRIVE,True,True,False,True,True,True,5,0,none,none,False,none,0.000000
3.147000,1.123687,0.000025,0.065872,0.435031,-0.000125,0.005279,GROUND,GROUND,NAVIGATE,GROUND_DRIVE,True,True,False,True,True,True,5,0,none,none,False,none,0.000000
3.246000,1.166722,0.000025,0.065867,0.434375,0.000132,-0.005263,GROUND,GROUND,NAVIGATE,GROUND_DRIVE,True,True,False,True,True,True,5,0,none,none,False,none,0.000000
3.346000,1.210191,0.000025,0.065867,0.434375,0.000132,-0.005263,GROUND,GROUND,NAVIGATE,GROUND_DRIVE,True,True,False,True,True,True,6,0,none,none,False,none,0.000000
3.446000,1.253659,0.000025,0.065867,0.434375,0.000132,-0.005263,GROUND,GROUND,NAVIGATE,GROUND_DRIVE,True,True,False,True,True,True,6,0,none,none,False,none,0.000000
3.546000,1.297128,0.000025,0.065867,0.434375,0.000133,-0.005263,GROUND,GROUND,NAVIGATE,GROUND_DRIVE,True,True,False,True,True,True,6,0,none,none,False,none,0.000000
3.646000,1.340597,0.000025,0.065867,0.434375,0.000133,-0.005263,GROUND,GROUND,NAVIGATE,GROUND_DRIVE,True,True,False,True,True,True,6,0,none,none,False,none,0.000000
3.745000,1.383536,0.000025,0.065872,0.430388,0.000137,0.004602,GROUND,GROUND,NAVIGATE,GROUND_DRIVE,True,True,False,True,True,True,7,0,none,none,False,none,0.000000
3.845000,1.425284,0.000025,0.065872,0.403644,0.000137,0.004602,GROUND,GROUND,NAVIGATE,GROUND_DRIVE,True,True,False,True,True,True,7,0,none,none,False,none,0.000000
3.944000,1.463828,0.000024,0.065868,0.377124,-0.000120,-0.004616,GROUND,GROUND,NAVIGATE,GROUND_DRIVE,True,True,False,True,True,True,7,0,none,none,False,none,0.000000
4.043000,1.499689,0.000024,0.065872,0.350299,-0.000122,0.005280,GROUND,GROUND,NAVIGATE,GROUND_DRIVE,True,True,False,True,True,True,7,0,none,none,False,none,0.000000
4.142000,1.533050,0.000025,0.065867,0.325130,0.000132,-0.005267,GROUND,GROUND,NAVIGATE,GROUND_DRIVE,True,True,False,True,True,True,8,0,none,none,False,none,0.000000
4.242000,1.564388,0.000025,0.065867,0.302216,0.000132,-0.005268,GROUND,GROUND,NAVIGATE,GROUND_DRIVE,True,True,False,True,True,True,8,0,none,none,False,none,0.000000
4.341000,1.593237,0.000024,0.065872,0.280499,0.000135,0.004600,GROUND,GROUND,NAVIGATE,GROUND_DRIVE,True,True,False,True,True,True,8,0,none,none,False,none,0.000000
4.440000,1.620076,0.000024,0.065868,0.262453,-0.000119,-0.004612,GROUND,GROUND,NAVIGATE,GROUND_DRIVE,True,True,False,True,True,True,8,0,none,none,False,none,0.000000
4.540000,1.645286,0.000024,0.065868,0.244031,-0.000119,-0.004611,GROUND,GROUND,NAVIGATE,GROUND_DRIVE,True,True,False,True,True,True,8,0,none,none,False,none,0.000000
4.639000,1.671325,0.002443,0.065872,0.289315,0.049121,0.005248,GROUND,GROUND,NAVIGATE,GROUND_DRIVE,True,True,False,True,True,True,8,0,none,none,False,none,0.000000
4.739000,1.702726,0.011050,0.065872,0.346755,0.091857,0.005230,GROUND,GROUND,NAVIGATE,GROUND_DRIVE,True,True,False,True,True,True,9,0,none,none,False,none,0.000000
4.838000,1.738799,0.025623,0.065867,0.404129,0.117678,-0.005207,GROUND,GROUND,NAVIGATE,GROUND_DRIVE,True,True,False,True,True,True,9,0,none,none,False,none,0.000000
4.937000,1.777398,0.042972,0.065872,0.416339,0.101041,0.004663,GROUND,GROUND,NAVIGATE,GROUND_DRIVE,True,True,False,True,True,True,9,0,none,none,False,none,0.000000
5.037000,1.816613,0.060566,0.065872,0.420764,0.082461,0.004664,GROUND,GROUND,NAVIGATE,GROUND_DRIVE,True,True,False,True,True,True,9,0,none,none,False,none,0.000000
5.136000,1.855484,0.077887,0.065867,0.425300,0.067744,-0.004680,GROUND,GROUND,NAVIGATE,GROUND_DRIVE,True,True,False,True,True,True,10,0,none,none,False,none,0.000000
5.235000,1.894387,0.095127,0.065872,0.426563,0.054577,0.005216,GROUND,GROUND,NAVIGATE,GROUND_DRIVE,True,True,False,True,True,True,10,0,none,none,False,none,0.000000
5.335000,1.933712,0.112474,0.065872,0.427798,0.043890,0.005216,GROUND,GROUND,NAVIGATE,GROUND_DRIVE,True,True,False,True,True,True,10,0,none,none,False,none,0.000000
5.434000,1.972665,0.129596,0.065867,0.428092,0.035007,-0.005201,GROUND,GROUND,NAVIGATE,GROUND_DRIVE,True,True,False,True,True,True,10,0,none,none,False,none,0.000000
5.533000,2.011635,0.146676,0.065872,0.427965,0.027418,0.004666,GROUND,GROUND,NAVIGATE,GROUND_DRIVE,True,True,False,True,True,True,11,0,none,none,False,none,0.000000
5.633000,2.051013,0.163897,0.065872,0.428316,0.021366,0.004666,GROUND,GROUND,NAVIGATE,GROUND_DRIVE,True,True,False,True,True,True,11,0,none,none,False,none,0.000000
5.732000,2.090008,0.180920,0.065867,0.430336,0.017108,-0.004681,GROUND,GROUND,NAVIGATE,GROUND_DRIVE,True,True,False,True,True,True,11,0,none,none,False,none,0.000000
5.832000,2.129405,0.198096,0.065867,0.430481,0.012969,-0.004681,GROUND,GROUND,NAVIGATE,GROUND_DRIVE,True,True,False,True,True,True,11,0,none,none,False,none,0.000000
5.931000,2.168414,0.215086,0.065872,0.429948,0.009313,0.005216,GROUND,GROUND,NAVIGATE,GROUND_DRIVE,True,True,False,True,True,True,12,0,none,none,False,none,0.000000
6.030000,2.207427,0.232067,0.065867,0.429504,0.006351,-0.005201,GROUND,GROUND,NAVIGATE,GROUND_DRIVE,True,True,False,True,True,True,12,0,none,none,False,none,0.000000
6.130000,2.246837,0.249214,0.065867,0.429534,0.004012,-0.005201,GROUND,GROUND,NAVIGATE,GROUND_DRIVE,True,True,False,True,True,True,12,0,none,none,False,none,0.000000
6.229000,2.285854,0.266185,0.065872,0.428864,0.001823,0.004666,GROUND,GROUND,NAVIGATE,GROUND_DRIVE,True,True,False,True,True,True,12,0,none,none,False,none,0.000000
6.328000,2.324872,0.283156,0.065867,0.430670,0.000935,-0.004680,GROUND,GROUND,NAVIGATE,GROUND_DRIVE,True,True,False,True,True,True,13,0,none,none,False,none,0.000000
6.428000,2.364283,0.300300,0.065867,0.430669,-0.000383,-0.004680,GROUND,GROUND,NAVIGATE,GROUND_DRIVE,True,True,False,True,True,True,13,0,none,none,False,none,0.000000
6.527000,2.403298,0.317275,0.065872,0.430037,-0.001705,0.005216,GROUND,GROUND,NAVIGATE,GROUND_DRIVE,True,True,False,True,True,True,13,0,none,none,False,none,0.000000
6.626000,2.442311,0.334256,0.065867,0.429544,-0.002774,-0.005201,GROUND,GROUND,NAVIGATE,GROUND_DRIVE,True,True,False,True,True,True,13,0,none,none,False,none,0.000000
6.726000,2.481716,0.351413,0.065867,0.429538,-0.003514,-0.005201,GROUND,GROUND,NAVIGATE,GROUND_DRIVE,True,True,False,True,True,True,14,0,none,none,False,none,0.000000
6.825000,2.520723,0.368405,0.065872,0.428842,-0.004381,0.004665,GROUND,GROUND,NAVIGATE,GROUND_DRIVE,True,True,False,True,True,True,14,0,none,none,False,none,0.000000
6.924000,2.559728,0.385405,0.065867,0.430640,-0.004190,-0.004680,GROUND,GROUND,NAVIGATE,GROUND_DRIVE,True,True,False,True,True,True,14,0,none,none,False,none,0.000000
7.024000,2.599122,0.402585,0.065867,0.430633,-0.004602,-0.004680,GROUND,GROUND,NAVIGATE,GROUND_DRIVE,True,True,False,True,True,True,14,0,none,none,False,none,0.000000
7.123000,2.638118,0.419602,0.065872,0.429997,-0.005176,0.005216,GROUND,GROUND,NAVIGATE,GROUND_DRIVE,True,True,False,True,True,True,15,0,none,none,False,none,0.000000
7.222000,2.677110,0.436630,0.065867,0.429508,-0.005636,-0.005201,GROUND,GROUND,NAVIGATE,GROUND_DRIVE,True,True,False,True,True,True,15,0,none,none,False,none,0.000000
7.322000,2.716491,0.453839,0.065867,0.429503,-0.005863,-0.005201,GROUND,GROUND,NAVIGATE,GROUND_DRIVE,True,True,False,True,True,True,15,0,none,none,False,none,0.000000
7.421000,2.755472,0.470887,0.065872,0.428808,-0.006304,0.004665,GROUND,GROUND,NAVIGATE,GROUND_DRIVE,True,True,False,True,True,True,15,0,none,none,False,none,0.000000
7.521000,2.794843,0.488119,0.065872,0.428803,-0.006453,0.004665,GROUND,GROUND,NAVIGATE,GROUND_DRIVE,True,True,False,True,True,True,16,0,none,none,False,none,0.000000
7.620000,2.833815,0.505190,0.065867,0.430604,-0.005887,-0.004680,GROUND,GROUND,NAVIGATE,GROUND_DRIVE,True,True,False,True,True,True,16,0,none,none,False,none,0.000000
7.719000,2.872781,0.522272,0.065872,0.429969,-0.006218,0.005216,GROUND,GROUND,NAVIGATE,GROUND_DRIVE,True,True,False,True,True,True,16,0,none,none,False,none,0.000000
7.819000,2.912135,0.539540,0.065872,0.429965,-0.006294,0.005216,GROUND,GROUND,NAVIGATE,GROUND_DRIVE,True,True,False,True,True,True,16,0,none,none,False,none,0.000000
7.918000,2.951090,0.556648,0.065867,0.429480,-0.006543,-0.005201,GROUND,GROUND,NAVIGATE,GROUND_DRIVE,True,True,False,True,True,True,17,0,none,none,False,none,0.000000
8.018000,2.990432,0.573941,0.065867,0.429477,-0.006589,-0.005201,GROUND,GROUND,NAVIGATE,GROUND_DRIVE,True,True,False,True,True,True,17,0,none,none,False,none,0.000000
8.117000,3.029375,0.591075,0.065872,0.428782,-0.006879,0.004665,GROUND,GROUND,NAVIGATE,GROUND_DRIVE,True,True,False,True,True,True,17,0,none,none,False,none,0.000000
8.217000,3.068704,0.608396,0.065872,0.428779,-0.006903,0.004665,GROUND,GROUND,NAVIGATE,GROUND_DRIVE,True,True,False,True,True,True,17,0,none,none,False,none,0.000000
8.316000,3.107634,0.625557,0.065867,0.430581,-0.006237,-0.004680,GROUND,GROUND,NAVIGATE,GROUND_DRIVE,True,True,False,True,True,True,18,0,none,none,False,none,0.000000
8.416000,3.146558,0.642732,0.065872,0.429946,-0.006480,0.005216,GROUND,GROUND,NAVIGATE,GROUND_DRIVE,True,True,False,True,True,True,18,0,none,none,False,none,0.000000
8.515000,3.185868,0.660096,0.065872,0.429943,-0.006483,0.005216,GROUND,GROUND,NAVIGATE,GROUND_DRIVE,True,True,False,True,True,True,18,0,none,none,False,none,0.000000
8.614000,3.224778,0.677301,0.065867,0.429459,-0.006674,-0.005201,GROUND,GROUND,NAVIGATE,GROUND_DRIVE,True,True,False,True,True,True,18,0,none,none,False,none,0.000000
8.714000,3.264073,0.694695,0.065867,0.429456,-0.006669,-0.005201,GROUND,GROUND,NAVIGATE,GROUND_DRIVE,True,True,False,True,True,True,19,0,none,none,False,none,0.000000
8.813000,3.302969,0.711931,0.065872,0.428761,-0.006914,0.004665,GROUND,GROUND,NAVIGATE,GROUND_DRIVE,True,True,False,True,True,True,19,0,none,none,False,none,0.000000
8.912000,3.341857,0.729182,0.065867,0.430564,-0.006220,-0.004680,GROUND,GROUND,NAVIGATE,GROUND_DRIVE,True,True,False,True,True,True,19,0,none,none,False,none,0.000000
9.012000,3.381131,0.746625,0.065867,0.430561,-0.006205,-0.004680,GROUND,GROUND,NAVIGATE,GROUND_DRIVE,True,True,False,True,True,True,19,0,none,none,False,none,0.000000
9.111000,3.420003,0.763909,0.065872,0.429925,-0.006419,0.005216,GROUND,GROUND,NAVIGATE,GROUND_DRIVE,True,True,False,True,True,True,20,0,none,none,False,none,0.000000
9.210000,3.458868,0.781210,0.065867,0.429442,-0.006593,-0.005201,GROUND,GROUND,NAVIGATE,GROUND_DRIVE,True,True,False,True,True,True,20,0,none,none,False,none,0.000000
9.310000,3.498118,0.798704,0.065867,0.429439,-0.006570,-0.005201,GROUND,GROUND,NAVIGATE,GROUND_DRIVE,True,True,False,True,True,True,20,0,none,none,False,none,0.000000
9.409000,3.536966,0.816041,0.065872,0.428743,-0.006799,0.004665,GROUND,GROUND,NAVIGATE,GROUND_DRIVE,True,True,False,True,True,False,20,0,none,none,False,none,0.000000
9.509000,3.576198,0.833571,0.065872,0.428740,-0.006772,0.004665,GROUND,GROUND,NAVIGATE,GROUND_DRIVE,True,True,False,True,True,False,20,0,none,none,False,none,0.000000
9.608000,3.615014,0.850374,0.065869,0.384547,-0.090593,-0.003443,GROUND,GROUND,NAVIGATE,GROUND_DRIVE,True,True,False,True,True,False,20,0,none,none,False,none,0.000000
9.707000,3.652564,0.856837,0.065872,0.388148,-0.025957,0.004189,GROUND,GROUND,NAVIGATE,GROUND_DRIVE,True,True,False,True,True,False,20,0,none,none,False,none,0.000000
9.806000,3.688669,0.865326,0.065868,0.366731,0.021425,-0.004615,GROUND,GROUND,NAVIGATE,GROUND_DRIVE,True,True,False,True,True,False,20,0,none,none,False,none,0.000000
9.906000,3.723794,0.874427,0.065867,0.356329,0.067502,-0.004809,GROUND,GROUND,NAVIGATE,GROUND_DRIVE,True,True,False,True,True,False,20,0,none,none,False,none,0.000000
10.005000,3.758244,0.883175,0.065872,0.343371,-0.026102,0.004148,TAKEOFF,GROUND,NAVIGATE,GROUND_DRIVE,True,True,False,True,True,False,20,0,none,none,False,none,0.000000
10.105000,3.788486,0.882932,0.065870,0.218408,0.000302,-0.002079,TAKEOFF,GROUND,NAVIGATE,TAKEOFF_REPOSITION,True,True,False,True,True,False,20,20,recent_reverse_path,observed_ground_path,False,takeoff_reposition_active,0.000000
10.204000,3.800088,0.882882,0.065872,0.018806,-0.001022,0.006245,TAKEOFF,GROUND,NAVIGATE,TAKEOFF_REPOSITION,True,True,False,True,True,False,20,20,recent_reverse_path,observed_ground_path,False,takeoff_reposition_active,0.000000
10.303000,3.796479,0.882276,0.065866,-0.081566,-0.013779,-0.005628,TAKEOFF,GROUND,NAVIGATE,TAKEOFF_REPOSITION,True,True,False,True,True,False,20,20,recent_reverse_path,observed_ground_path,False,takeoff_reposition_active,0.000000
10.403000,3.784109,0.879915,0.065867,-0.163694,-0.040755,-0.005387,TAKEOFF,GROUND,NAVIGATE,TAKEOFF_REPOSITION,True,True,False,True,True,False,20,20,recent_reverse_path,observed_ground_path,False,takeoff_reposition_active,0.000000
10.502000,3.764954,0.875067,0.065872,-0.201434,-0.071518,0.004583,TAKEOFF,GROUND,NAVIGATE,TAKEOFF_REPOSITION,True,True,False,True,True,False,20,20,recent_reverse_path,observed_ground_path,False,takeoff_reposition_active,0.000000
10.602000,3.744869,0.869375,0.065872,-0.186502,-0.081621,0.004633,TAKEOFF,GROUND,NAVIGATE,TAKEOFF_REPOSITION,True,True,False,True,True,False,20,20,recent_reverse_path,observed_ground_path,False,takeoff_reposition_active,0.000000
10.701000,3.726219,0.863973,0.065868,-0.168486,-0.086948,-0.004654,TAKEOFF,GROUND,NAVIGATE,TAKEOFF_REPOSITION,True,True,False,True,True,False,20,20,recent_reverse_path,observed_ground_path,False,takeoff_reposition_active,0.000000
10.800000,3.708817,0.858904,0.065872,-0.150984,-0.090678,0.005216,TAKEOFF,GROUND,NAVIGATE,TAKEOFF_REPOSITION,True,True,False,True,True,False,20,20,recent_reverse_path,observed_ground_path,False,takeoff_reposition_active,0.000000
10.899000,3.692575,0.854165,0.065866,-0.136501,-0.094348,-0.005913,TAKEOFF,GROUND,NAVIGATE,TAKEOFF_REPOSITION,True,True,False,True,True,False,20,20,recent_reverse_path,observed_ground_path,False,takeoff_reposition_active,0.000000
10.999000,3.677256,0.849727,0.065867,-0.121229,-0.095959,-0.005537,TAKEOFF,GROUND,NAVIGATE,TAKEOFF_REPOSITION,True,True,False,True,True,False,20,20,recent_reverse_path,observed_ground_path,False,takeoff_reposition_active,0.000000
11.098000,3.663107,0.845691,0.065872,-0.105855,-0.096575,0.004516,TAKEOFF,GROUND,NAVIGATE,TAKEOFF_REPOSITION,True,True,False,True,True,False,20,20,recent_reverse_path,observed_ground_path,False,takeoff_reposition_active,0.000000
11.198000,3.649805,0.841901,0.065872,-0.091517,-0.096696,0.004595,TAKEOFF,GROUND,NAVIGATE,TAKEOFF_REPOSITION,True,True,False,True,True,False,20,20,recent_reverse_path,observed_ground_path,False,takeoff_reposition_active,0.000000
11.297000,3.637556,0.838406,0.065868,-0.077556,-0.095565,-0.004632,TAKEOFF,GROUND,NAVIGATE,TAKEOFF_REPOSITION,True,True,False,True,True,False,20,20,recent_reverse_path,observed_ground_path,False,takeoff_reposition_active,0.000000
11.396000,3.626163,0.835149,0.065872,-0.065334,-0.093170,0.005232,TAKEOFF,GROUND,NAVIGATE,TAKEOFF_REPOSITION,True,True,False,True,True,False,20,20,recent_reverse_path,observed_ground_path,False,takeoff_reposition_active,0.000000
11.496000,3.615464,0.832081,0.065872,-0.054692,-0.090399,0.005222,TAKEOFF,GROUND,NAVIGATE,TAKEOFF_REPOSITION,True,True,False,True,True,False,20,20,recent_reverse_path,observed_ground_path,False,takeoff_reposition_active,0.000000
11.595000,3.605623,0.829233,0.065867,-0.046078,-0.088676,-0.005215,TAKEOFF,GROUND,NAVIGATE,TAKEOFF_REPOSITION,True,True,False,True,True,False,20,20,recent_reverse_path,observed_ground_path,False,takeoff_reposition_active,0.000000
11.695000,3.596393,0.826485,0.065867,-0.038174,-0.084669,-0.005211,TAKEOFF,GROUND,NAVIGATE,TAKEOFF_REPOSITION,True,True,False,True,True,False,20,20,recent_reverse_path,observed_ground_path,False,takeoff_reposition_active,0.000000
11.794000,3.587915,0.823973,0.065872,-0.032155,-0.079383,0.004671,TAKEOFF,GROUND,NAVIGATE,TAKEOFF_REPOSITION,True,True,False,True,True,False,20,20,recent_reverse_path,observed_ground_path,False,takeoff_reposition_active,0.000000
11.893000,3.580045,0.821669,0.065867,-0.026359,-0.074580,-0.004677,TAKEOFF,GROUND,NAVIGATE,TAKEOFF_REPOSITION,True,True,False,True,True,False,20,20,recent_reverse_path,observed_ground_path,False,takeoff_reposition_active,0.000000
11.992000,3.572740,0.819528,0.065872,-0.022082,-0.069519,0.005203,TAKEOFF,GROUND,NAVIGATE,TAKEOFF_REPOSITION,True,True,False,True,True,False,20,20,recent_reverse_path,observed_ground_path,False,takeoff_reposition_active,0.000000
12.092000,3.565893,0.817542,0.065872,-0.019384,-0.064633,0.005209,TAKEOFF,GROUND,NAVIGATE,TAKEOFF_REPOSITION,True,True,False,True,True,False,20,20,recent_reverse_path,observed_ground_path,False,takeoff_reposition_active,0.000000
12.191000,3.559598,0.815759,0.065867,-0.017631,-0.061594,-0.005215,TAKEOFF,GROUND,NAVIGATE,TAKEOFF_REPOSITION,True,True,False,True,True,False,20,20,recent_reverse_path,observed_ground_path,False,takeoff_reposition_active,0.000000
12.291000,3.553692,0.814068,0.065867,-0.015318,-0.057582,-0.005241,TAKEOFF,GROUND,NAVIGATE,TAKEOFF_REPOSITION,True,True,False,True,True,False,20,20,recent_reverse_path,observed_ground_path,False,takeoff_reposition_active,0.000000
12.390000,3.548263,0.812521,0.065872,-0.013743,-0.053042,0.004616,TAKEOFF,GROUND,NAVIGATE,TAKEOFF_REPOSITION,True,True,False,True,True,False,20,20,recent_reverse_path,observed_ground_path,False,takeoff_reposition_active,0.000000
12.489000,3.543217,0.811099,0.065868,-0.010581,-0.049581,-0.004607,TAKEOFF,GROUND,NAVIGATE,TAKEOFF_REPOSITION,True,True,False,True,True,False,20,20,recent_reverse_path,observed_ground_path,False,takeoff_reposition_active,0.000000
12.589000,3.538480,0.809768,0.065868,-0.009187,-0.046189,-0.004607,TAKEOFF,GROUND,NAVIGATE,TAKEOFF_REPOSITION,True,True,False,True,True,False,20,20,recent_reverse_path,observed_ground_path,False,takeoff_reposition_active,0.000000
12.688000,3.534122,0.808543,0.065872,-0.007964,-0.042461,0.005273,TAKEOFF,GROUND,NAVIGATE,TAKEOFF_REPOSITION,True,True,False,True,True,True,20,20,recent_reverse_path,observed_ground_path,False,takeoff_reposition_active,0.000000
12.787000,3.530070,0.807403,0.065867,-0.008154,-0.040586,-0.005262,TAKEOFF,GROUND,NAVIGATE,TAKEOFF_REPOSITION,True,True,False,True,True,True,20,20,recent_reverse_path,observed_ground_path,False,takeoff_reposition_active,0.000000
12.887000,3.526266,0.806330,0.065867,-0.007145,-0.037841,-0.005255,TAKEOFF,GROUND,NAVIGATE,TAKEOFF_REPOSITION,True,True,False,True,True,True,20,20,recent_reverse_path,observed_ground_path,False,takeoff_reposition_active,0.000000
12.986000,3.522766,0.805341,0.065872,-0.006345,-0.034741,0.004630,TAKEOFF,GROUND,NAVIGATE,TAKEOFF_REPOSITION,True,True,False,True,True,True,20,20,recent_reverse_path,observed_ground_path,False,takeoff_reposition_active,0.000000
13.085000,3.519512,0.804418,0.065868,-0.004432,-0.032362,-0.004640,TAKEOFF,GROUND,NAVIGATE,TAKEOFF_REPOSITION,True,True,False,True,True,True,20,20,recent_reverse_path,observed_ground_path,False,takeoff_reposition_active,0.000000
13.185000,3.516457,0.803549,0.065868,-0.003833,-0.030085,-0.004645,TAKEOFF,GROUND,NAVIGATE,TAKEOFF_REPOSITION,True,True,False,True,True,True,20,20,recent_reverse_path,observed_ground_path,False,takeoff_reposition_active,0.000000
13.284000,3.513647,0.802752,0.065872,-0.003376,-0.027413,0.005239,TAKEOFF,GROUND,NAVIGATE,TAKEOFF_REPOSITION,True,True,False,True,True,True,20,20,recent_reverse_path,observed_ground_path,False,takeoff_reposition_active,0.000000
13.384000,3.511007,0.802004,0.065872,-0.002945,-0.025437,0.005241,TAKEOFF,GROUND,NAVIGATE,TAKEOFF_REPOSITION,True,True,False,True,True,True,20,20,recent_reverse_path,observed_ground_path,False,takeoff_reposition_active,0.000000
13.483000,3.508578,0.801318,0.065867,-0.003392,-0.024815,-0.005226,TAKEOFF,GROUND,NAVIGATE,TAKEOFF_REPOSITION,True,True,False,True,True,True,20,20,recent_reverse_path,observed_ground_path,False,takeoff_reposition_active,0.000000
13.582000,3.506320,0.800686,0.065872,-0.003105,-0.022598,0.004622,TAKEOFF,GROUND,NAVIGATE,TAKEOFF_REPOSITION,True,True,False,True,True,True,20,20,recent_reverse_path,observed_ground_path,False,takeoff_reposition_active,0.000000
13.681000,3.504221,0.800090,0.065868,-0.001816,-0.020936,-0.004635,TAKEOFF,GROUND,NAVIGATE,TAKEOFF_REPOSITION,True,True,False,True,True,True,20,20,recent_reverse_path,observed_ground_path,False,takeoff_reposition_active,0.000000
13.781000,3.502250,0.799525,0.065868,-0.001526,-0.019470,-0.004641,TAKEOFF,GROUND,NAVIGATE,TAKEOFF_REPOSITION,True,True,False,True,True,True,20,20,recent_reverse_path,observed_ground_path,False,takeoff_reposition_active,0.000000
13.880000,3.500437,0.799001,0.065872,-0.001345,-0.017535,0.005239,TAKEOFF,GROUND,NAVIGATE,TAKEOFF_REPOSITION,True,True,False,True,True,True,20,20,recent_reverse_path,observed_ground_path,False,takeoff_reposition_active,0.000000
13.980000,3.498734,0.798505,0.065872,-0.001121,-0.016264,0.005236,TAKEOFF,GROUND,NAVIGATE,TAKEOFF_REPOSITION,True,True,False,True,True,True,20,20,recent_reverse_path,observed_ground_path,False,takeoff_reposition_active,0.000000
14.079000,3.497167,0.798044,0.065867,-0.001467,-0.016369,-0.005223,TAKEOFF,GROUND,NAVIGATE,TAKEOFF_REPOSITION,True,True,False,True,True,True,20,20,recent_reverse_path,observed_ground_path,False,takeoff_reposition_active,0.000000
14.178000,3.495711,0.797615,0.065872,-0.001396,-0.014723,0.004684,TAKEOFF,GROUND,NAVIGATE,TAKEOFF_REPOSITION,True,True,False,True,True,True,20,20,recent_reverse_path,observed_ground_path,False,takeoff_reposition_active,0.000000
14.278000,3.494343,0.797210,0.065872,-0.001225,-0.013698,0.004700,TAKEOFF,GROUND,NAVIGATE,TAKEOFF_REPOSITION,True,True,False,True,True,True,20,20,recent_reverse_path,observed_ground_path,False,takeoff_reposition_active,0.000000
14.377000,3.493084,0.796836,0.065867,-0.000479,-0.012592,-0.004710,TAKEOFF,GROUND,NAVIGATE,TAKEOFF_REPOSITION,True,True,False,True,True,True,20,20,recent_reverse_path,observed_ground_path,False,takeoff_reposition_active,0.000000
14.477000,3.491915,0.796486,0.065872,-0.000470,-0.011131,0.005173,TAKEOFF,GROUND,NAVIGATE,TAKEOFF_REPOSITION,True,True,False,True,True,True,20,20,recent_reverse_path,observed_ground_path,False,takeoff_reposition_active,0.000000
14.576000,3.490816,0.796157,0.065872,-0.000396,-0.010297,0.005176,TAKEOFF,GROUND,NAVIGATE,TAKEOFF_REPOSITION,True,True,False,True,True,True,20,20,recent_reverse_path,observed_ground_path,False,takeoff_reposition_active,0.000000
14.675000,3.489805,0.795854,0.065867,-0.000660,-0.010817,-0.005178,TAKEOFF,GROUND,NAVIGATE,TAKEOFF_REPOSITION,True,True,False,True,True,True,20,20,recent_reverse_path,observed_ground_path,False,takeoff_reposition_active,0.000000
14.774000,3.488866,0.795573,0.065872,-0.000706,-0.009568,0.004694,TAKEOFF,GROUND,NAVIGATE,TAKEOFF_REPOSITION,True,True,False,True,True,True,20,20,recent_reverse_path,observed_ground_path,False,takeoff_reposition_active,0.000000
14.874000,3.487983,0.795309,0.065872,-0.000649,-0.008910,0.004708,TAKEOFF,GROUND,NAVIGATE,TAKEOFF_REPOSITION,True,True,False,True,True,True,20,20,recent_reverse_path,observed_ground_path,False,takeoff_reposition_active,0.000000
14.973000,3.487171,0.795067,0.065867,-0.000109,-0.008055,-0.004788,TAKEOFF,GROUND,NAVIGATE,TAKEOFF_REPOSITION,True,True,False,True,True,True,20,20,recent_reverse_path,observed_ground_path,False,takeoff_reposition_active,0.000000
15.073000,3.486409,0.794842,0.065867,-0.000168,-0.007614,-0.004949,TAKEOFF,GROUND,NAVIGATE,TAKEOFF_REPOSITION,True,True,False,True,True,True,20,20,recent_reverse_path,observed_ground_path,False,takeoff_reposition_active,0.000000
15.172000,3.485709,0.794641,0.065872,-0.000335,-0.006659,0.004910,TAKEOFF,GROUND,NAVIGATE,TAKEOFF_REPOSITION,True,True,False,True,True,True,20,20,recent_reverse_path,observed_ground_path,False,takeoff_reposition_active,0.000000
15.271000,3.485057,0.794458,0.065867,-0.000355,-0.006831,-0.004899,TAKEOFF,GROUND,NAVIGATE,TAKEOFF_REPOSITION,True,True,False,True,True,True,20,20,recent_reverse_path,observed_ground_path,False,takeoff_reposition_active,0.000000
15.371000,3.484445,0.794288,0.065867,-0.000321,-0.006336,-0.004891,TAKEOFF,GROUND,NAVIGATE,TAKEOFF_REPOSITION,True,True,False,True,True,True,20,20,recent_reverse_path,observed_ground_path,False,takeoff_reposition_active,0.000000
15.470000,3.483882,0.794134,0.065872,-0.000415,-0.005336,0.004997,TAKEOFF,GROUND,NAVIGATE,TAKEOFF_REPOSITION,True,True,False,True,True,True,20,20,recent_reverse_path,observed_ground_path,False,takeoff_reposition_active,0.000000
15.570000,3.483354,0.793990,0.065872,-0.000392,-0.004929,0.005000,TAKEOFF,GROUND,NAVIGATE,TAKEOFF_REPOSITION,True,True,False,True,True,True,20,20,recent_reverse_path,observed_ground_path,False,takeoff_reposition_active,0.000000
15.669000,3.482867,0.793859,0.065867,-0.000198,-0.005159,-0.005000,TAKEOFF,GROUND,NAVIGATE,TAKEOFF_REPOSITION,True,True,False,True,True,True,20,20,recent_reverse_path,observed_ground_path,False,takeoff_reposition_active,0.000000
15.768000,3.482415,0.793738,0.065872,-0.000307,-0.004260,0.004878,TAKEOFF,GROUND,NAVIGATE,TAKEOFF_REPOSITION,True,True,False,True,True,True,20,20,recent_reverse_path,observed_ground_path,False,takeoff_reposition_active,0.000000
15.867000,3.481995,0.793627,0.065867,-0.000214,-0.004450,-0.004879,TAKEOFF,GROUND,NAVIGATE,TAKEOFF_REPOSITION,True,True,False,True,True,True,20,20,recent_reverse_path,observed_ground_path,False,takeoff_reposition_active,0.000000
15.968000,3.481600,0.793524,0.065867,-0.000199,-0.004149,-0.004880,TAKEOFF,GROUND,NAVIGATE,TAKEOFF_REPOSITION,True,True,False,True,True,True,20,20,recent_reverse_path,observed_ground_path,False,takeoff_reposition_active,0.000000
16.067000,3.481233,0.793430,0.065867,-0.000185,-0.003869,-0.004884,TAKEOFF,GROUND,NAVIGATE,TAKEOFF_REPOSITION,True,True,False,True,True,True,20,20,recent_reverse_path,observed_ground_path,False,takeoff_reposition_active,0.000000
16.166000,3.480937,0.793356,0.065872,0.000207,-0.000016,0.004961,TAKEOFF,TAKEOFF,NAVIGATE,PRE_TAKEOFF_BRAKE,True,True,False,True,True,True,20,20,recent_reverse_path,verified_current_epoch,True,takeoff_reposition_succeeded,0.000000
16.265000,3.480937,0.793356,0.065867,-0.000237,-0.000134,-0.004801,TAKEOFF,TAKEOFF,NAVIGATE,PRE_TAKEOFF_BRAKE,True,True,False,True,True,True,20,20,recent_reverse_path,verified_current_epoch,True,takeoff_reposition_succeeded,0.000000
16.364000,3.480937,0.793356,0.065872,-0.000244,-0.000140,0.005160,TAKEOFF,TAKEOFF,NAVIGATE,PRE_TAKEOFF_BRAKE,True,True,False,True,True,True,20,20,recent_reverse_path,verified_current_epoch,True,takeoff_reposition_succeeded,0.000000
16.463000,3.480938,0.793356,0.065867,0.000244,0.000141,-0.005113,TAKEOFF,TAKEOFF,NAVIGATE,RELEASE_AND_ARM,False,False,False,True,True,True,21,20,recent_reverse_path,verified_current_epoch,True,takeoff_reposition_succeeded,0.000000
16.562000,3.480936,0.793357,0.066080,0.000037,-0.000014,0.025958,TAKEOFF,TAKEOFF,NAVIGATE,TAKEOFF_VERTICAL,False,False,True,False,True,True,21,20,recent_reverse_path,verified_current_epoch,True,takeoff_reposition_succeeded,760.736863
16.661000,3.480932,0.793367,0.080545,-0.000183,-0.000005,0.263567,TAKEOFF,TAKEOFF,NAVIGATE,TAKEOFF_VERTICAL,False,False,True,False,True,True,21,20,recent_reverse_path,verified_current_epoch,True,takeoff_reposition_succeeded,765.827677
16.760000,3.480926,0.793386,0.117287,-0.000223,0.000004,0.469625,TAKEOFF,TAKEOFF,NAVIGATE,TAKEOFF_VERTICAL,False,False,True,False,True,True,21,20,recent_reverse_path,verified_current_epoch,True,takeoff_reposition_succeeded,752.343595
16.859000,3.480921,0.793405,0.172360,-0.000198,0.000009,0.634606,TAKEOFF,TAKEOFF,NAVIGATE,TAKEOFF_VERTICAL,False,False,True,False,True,True,21,20,recent_reverse_path,verified_current_epoch,True,takeoff_reposition_succeeded,739.153813
16.959000,3.480916,0.793422,0.242561,-0.000184,0.000012,0.761799,TAKEOFF,TAKEOFF,NAVIGATE,TAKEOFF_VERTICAL,False,False,True,False,True,True,21,20,recent_reverse_path,verified_current_epoch,True,takeoff_reposition_succeeded,726.573776
17.058000,3.480913,0.793437,0.322760,-0.000162,0.000015,0.851772,TAKEOFF,TAKEOFF,NAVIGATE,TAKEOFF_VERTICAL,False,False,True,False,True,True,21,20,recent_reverse_path,verified_current_epoch,True,takeoff_reposition_succeeded,714.958924
17.157000,3.480911,0.793450,0.410213,-0.000135,0.000017,0.909291,TAKEOFF,TAKEOFF,NAVIGATE,TAKEOFF_VERTICAL,False,False,True,False,True,True,21,20,recent_reverse_path,verified_current_epoch,True,takeoff_reposition_succeeded,704.461083
17.256000,3.480910,0.793459,0.501896,-0.000107,0.000018,0.938138,TAKEOFF,TAKEOFF,NAVIGATE,TAKEOFF_VERTICAL,False,False,True,False,True,True,21,20,recent_reverse_path,verified_current_epoch,True,takeoff_reposition_succeeded,695.107854
17.355000,3.480909,0.793467,0.595162,-0.000080,0.000019,0.942106,TAKEOFF,TAKEOFF,NAVIGATE,TAKEOFF_VERTICAL,False,False,True,False,True,True,21,20,recent_reverse_path,verified_current_epoch,True,takeoff_reposition_succeeded,686.892262
17.454000,3.480910,0.793471,0.687721,-0.000054,0.000019,0.924708,TAKEOFF,TAKEOFF,NAVIGATE,TAKEOFF_VERTICAL,False,False,True,False,True,True,21,20,recent_reverse_path,verified_current_epoch,True,takeoff_reposition_succeeded,679.959238
17.553000,3.480911,0.793474,0.777645,-0.000030,0.000018,0.889627,TAKEOFF,TAKEOFF,NAVIGATE,TAKEOFF_VERTICAL,False,False,True,False,True,True,21,20,recent_reverse_path,verified_current_epoch,True,takeoff_reposition_succeeded,674.206902
17.652000,3.480912,0.793475,0.863356,-0.000009,0.000017,0.840294,TAKEOFF,TAKEOFF,NAVIGATE,TAKEOFF_VERTICAL,False,False,True,False,True,True,21,20,recent_reverse_path,verified_current_epoch,True,takeoff_reposition_succeeded,669.611143
17.751000,3.480914,0.793474,0.943605,0.000010,0.000016,0.779945,TAKEOFF,TAKEOFF,NAVIGATE,TAKEOFF_VERTICAL,False,False,True,False,True,True,21,20,recent_reverse_path,verified_current_epoch,True,takeoff_reposition_succeeded,666.152690
17.850000,3.480916,0.793472,1.017457,0.000026,0.000014,0.711590,TAKEOFF,TAKEOFF,NAVIGATE,TAKEOFF_VERTICAL,False,False,True,False,True,True,21,20,recent_reverse_path,verified_current_epoch,True,takeoff_reposition_succeeded,663.731708
17.949000,3.480919,0.793468,1.084254,0.000039,0.000013,0.637928,TAKEOFF,TAKEOFF,NAVIGATE,TAKEOFF_VERTICAL,False,False,True,False,True,True,21,20,recent_reverse_path,verified_current_epoch,True,takeoff_reposition_succeeded,662.247773
18.049000,3.480921,0.793464,1.144157,0.000050,0.000011,0.560605,TAKEOFF,TAKEOFF,NAVIGATE,TAKEOFF_VERTICAL,False,False,True,False,True,True,21,20,recent_reverse_path,verified_current_epoch,True,takeoff_reposition_succeeded,661.602737
18.148000,3.480924,0.793458,1.195791,0.000058,0.000009,0.483326,TAKEOFF,TAKEOFF,NAVIGATE,TAKEOFF_VERTICAL,False,False,True,False,True,True,21,20,recent_reverse_path,verified_current_epoch,True,takeoff_reposition_succeeded,661.733912
18.247000,3.480927,0.793453,1.239821,0.000063,0.000008,0.407281,TAKEOFF,TAKEOFF,NAVIGATE,TAKEOFF_VERTICAL,False,False,True,False,True,True,21,20,recent_reverse_path,verified_current_epoch,True,takeoff_reposition_succeeded,662.498652
18.346000,3.480929,0.793447,1.276447,0.000066,0.000006,0.333950,TAKEOFF,TAKEOFF,NAVIGATE,TAKEOFF_VERTICAL,False,False,True,False,True,True,21,20,recent_reverse_path,verified_current_epoch,True,takeoff_reposition_succeeded,663.740799
18.445000,3.480932,0.793441,1.306000,0.000068,0.000005,0.264499,TAKEOFF,TAKEOFF,NAVIGATE,TAKEOFF_VERTICAL,False,False,True,False,True,True,21,20,recent_reverse_path,verified_current_epoch,True,takeoff_reposition_succeeded,665.357419
18.544000,3.480934,0.793434,1.328909,0.000067,0.000004,0.199836,TAKEOFF,TAKEOFF,NAVIGATE,TAKEOFF_VERTICAL,False,False,True,False,True,True,21,20,recent_reverse_path,verified_current_epoch,True,takeoff_reposition_succeeded,667.252312
18.643000,3.480936,0.793428,1.345686,0.000065,0.000003,0.140632,AIR,TAKEOFF,NAVIGATE,TAKEOFF_CLEARANCE_CONFIRM,False,False,True,False,True,True,21,20,recent_reverse_path,verified_current_epoch,True,takeoff_reposition_succeeded,669.335077
18.742000,3.480939,0.793423,1.356893,0.000062,0.000002,0.087328,AIR,TAKEOFF,NAVIGATE,TAKEOFF_CLEARANCE_CONFIRM,False,False,True,False,True,True,21,20,recent_reverse_path,verified_current_epoch,True,takeoff_reposition_succeeded,671.568000
18.841000,3.480955,0.793412,1.363222,-0.010149,-0.016182,0.045157,AIR,AIR,NAVIGATE,AIR_HORIZONTAL_TRACK,False,False,True,False,True,True,21,20,recent_reverse_path,verified_current_epoch,True,takeoff_reposition_succeeded,675.350242
18.940000,3.483730,0.792760,1.365910,0.032983,0.031851,0.024627,AIR,AIR,NAVIGATE,AIR_HORIZONTAL_TRACK,False,False,True,False,True,True,21,20,recent_reverse_path,verified_current_epoch,True,takeoff_reposition_succeeded,682.958284
19.039000,3.499941,0.790772,1.365610,0.149767,0.201610,0.042619,AIR,AIR,NAVIGATE,AIR_HORIZONTAL_TRACK,False,False,True,False,True,True,21,20,recent_reverse_path,verified_current_epoch,True,takeoff_reposition_succeeded,686.758984
19.138000,3.537546,0.790931,1.361948,0.282297,0.406221,0.069440,AIR,AIR,NAVIGATE,AIR_HORIZONTAL_TRACK,False,False,True,False,True,True,21,20,recent_reverse_path,verified_current_epoch,True,takeoff_reposition_succeeded,687.516645
19.238000,3.598199,0.798420,1.354645,0.419438,0.597289,0.075270,AIR,AIR,NAVIGATE,AIR_HORIZONTAL_TRACK,False,False,True,False,True,True,21,20,recent_reverse_path,verified_current_epoch,True,takeoff_reposition_succeeded,687.541101
19.337000,3.677307,0.816191,1.344331,0.550787,0.741815,0.053655,AIR,AIR,NAVIGATE,AIR_HORIZONTAL_TRACK,False,False,True,False,True,True,21,20,recent_reverse_path,verified_current_epoch,True,takeoff_reposition_succeeded,687.812918
19.436000,3.770503,0.844689,1.331844,0.670924,0.831985,0.014981,AIR,AIR,NAVIGATE,AIR_HORIZONTAL_TRACK,False,False,True,False,True,True,21,20,recent_reverse_path,verified_current_epoch,True,takeoff_reposition_succeeded,688.415922
19.535000,3.873118,0.882508,1.318087,0.773964,0.872588,-0.028483,AIR,AIR,NAVIGATE,AIR_HORIZONTAL_TRACK,False,False,True,False,True,True,21,20,recent_reverse_path,verified_current_epoch,True,takeoff_reposition_succeeded,689.211023
19.634000,3.981288,0.927488,1.303780,0.854909,0.874976,-0.069318,AIR,AIR,NAVIGATE,AIR_HORIZONTAL_TRACK,False,False,True,False,True,True,21,20,recent_reverse_path,verified_current_epoch,True,takeoff_reposition_succeeded,690.069598
19.733000,4.091927,0.977412,1.289438,0.910580,0.851030,-0.104172,AIR,AIR,NAVIGATE,AIR_HORIZONTAL_TRACK,False,False,True,False,True,True,21,20,recent_reverse_path,verified_current_epoch,True,takeoff_reposition_succeeded,690.942076
19.832000,4.202544,1.030310,1.275421,0.940326,0.810596,-0.131704,AIR,AIR,NAVIGATE,AIR_HORIZONTAL_TRACK,False,False,True,False,True,True,21,20,recent_reverse_path,verified_current_epoch,True,takeoff_reposition_succeeded,691.778938
19.931000,4.311093,1.084529,1.261979,0.945640,0.760791,-0.151501,AIR,AIR,NAVIGATE,AIR_HORIZONTAL_TRACK,False,False,True,False,True,True,21,20,recent_reverse_path,verified_current_epoch,True,takeoff_reposition_succeeded,692.565019
20.030000,4.415891,1.138715,1.249289,0.929404,0.706336,-0.163614,LAND,LAND,NAVIGATE,LAND_VERTICAL,False,False,True,False,True,True,21,20,recent_reverse_path,verified_current_epoch,True,takeoff_reposition_succeeded,693.261078
20.129000,4.515734,1.191736,1.230291,0.885482,0.650579,-0.405157,LAND,LAND,NAVIGATE,LAND_VERTICAL,False,False,True,False,True,True,21,20,recent_reverse_path,verified_current_epoch,True,takeoff_reposition_succeeded,608.904476
20.228000,4.607199,1.241069,1.190781,0.714385,0.515962,-0.670761,LAND,LAND,NAVIGATE,LAND_VERTICAL,False,False,True,False,True,True,21,20,recent_reverse_path,verified_current_epoch,True,takeoff_reposition_succeeded,626.202867
20.327000,4.685016,1.283261,1.132782,0.530788,0.381993,-0.817232,LAND,LAND,NAVIGATE,LAND_VERTICAL,False,False,True,False,True,True,21,20,recent_reverse_path,verified_current_epoch,True,takeoff_reposition_succeeded,641.425167
20.427000,4.747823,1.317360,1.059040,0.366322,0.267801,-0.906487,LAND,LAND,NAVIGATE,LAND_VERTICAL,False,False,True,False,True,True,21,20,recent_reverse_path,verified_current_epoch,True,takeoff_reposition_succeeded,655.062158
20.526000,4.794530,1.342824,0.974745,0.227071,0.170881,-0.961095,LAND,LAND,NAVIGATE,LAND_VERTICAL,False,False,True,False,True,True,21,20,recent_reverse_path,verified_current_epoch,True,takeoff_reposition_succeeded,667.369720
20.625000,4.826894,1.360640,0.882787,0.110115,0.087238,-0.990258,LAND,LAND,NAVIGATE,LAND_VERTICAL,False,False,True,False,True,True,21,20,recent_reverse_path,verified_current_epoch,True,takeoff_reposition_succeeded,678.077807
20.724000,4.846349,1.371568,0.786417,0.013038,0.015522,-0.997599,LAND,LAND,NAVIGATE,LAND_VERTICAL,False,False,True,False,True,True,21,20,recent_reverse_path,verified_current_epoch,True,takeoff_reposition_succeeded,687.386420
20.823000,4.854471,1.376413,0.688496,-0.066675,-0.045209,-0.985844,LAND,LAND,NAVIGATE,LAND_VERTICAL,False,False,True,False,True,False,21,20,recent_reverse_path,verified_current_epoch,True,takeoff_reposition_succeeded,695.220438
20.922000,4.857291,1.374842,0.605109,0.014149,0.176437,-0.676279,LAND,LAND,NAVIGATE,LAND_VERTICAL,False,False,True,False,True,False,21,20,recent_reverse_path,verified_current_epoch,True,takeoff_reposition_succeeded,667.771226
21.021000,4.855754,1.398848,0.529166,-0.169779,0.829392,-0.577360,LAND,LAND,NAVIGATE,LAND_VERTICAL,False,False,True,False,True,False,21,20,recent_reverse_path,verified_current_epoch,True,takeoff_reposition_succeeded,648.639707
21.120000,4.846436,1.456125,0.438693,-0.262373,0.779160,-0.860994,LAND,LAND,NAVIGATE,LAND_VERTICAL,False,False,True,False,True,False,21,20,recent_reverse_path,verified_current_epoch,True,takeoff_reposition_succeeded,699.957206
21.219000,4.830531,1.521957,0.349064,-0.288580,0.563901,-0.908782,LAND,LAND,NAVIGATE,LAND_VERTICAL,False,False,True,False,True,True,21,20,recent_reverse_path,verified_current_epoch,True,takeoff_reposition_succeeded,717.874258
21.318000,4.809653,1.579605,0.266653,-0.314658,0.387421,-0.841213,LAND,LAND,NAVIGATE,LAND_VERTICAL,False,False,True,False,True,True,21,20,recent_reverse_path,verified_current_epoch,True,takeoff_reposition_succeeded,720.854066
21.417000,4.784641,1.623673,0.192125,-0.328831,0.236447,-0.746189,LAND,LAND,NAVIGATE,LAND_VERTICAL,False,False,True,False,True,True,21,20,recent_reverse_path,verified_current_epoch,True,takeoff_reposition_succeeded,721.647039
21.517000,4.756130,1.653561,0.125037,-0.332596,0.102142,-0.645297,LAND,LAND,NAVIGATE,LAND_VERTICAL,False,False,True,False,True,True,21,20,recent_reverse_path,verified_current_epoch,True,takeoff_reposition_succeeded,721.760960
21.616000,4.725805,1.669646,0.069701,-0.319792,-0.037450,-0.403663,LAND,LAND,NAVIGATE,LAND_VERTICAL,False,False,True,False,True,True,21,20,recent_reverse_path,verified_current_epoch,True,takeoff_reposition_succeeded,725.001415
21.715000,4.697437,1.678156,0.071228,-0.290721,0.049334,0.075230,LAND,LAND,NAVIGATE,LAND_VERTICAL,False,False,True,False,True,True,21,20,recent_reverse_path,verified_current_epoch,True,takeoff_reposition_succeeded,688.064928
21.814000,4.669149,1.681512,0.078285,-0.285530,-0.039764,0.067532,LAND,LAND,NAVIGATE,LAND_VERTICAL,False,False,True,False,True,True,21,20,recent_reverse_path,verified_current_epoch,True,takeoff_reposition_succeeded,685.798493
21.913000,4.640463,1.676084,0.083884,-0.273811,-0.139467,0.059587,LAND,LAND,NAVIGATE,LAND_VERTICAL,False,False,True,False,True,True,21,20,recent_reverse_path,verified_current_epoch,True,takeoff_reposition_succeeded,685.583609
22.012000,4.611787,1.661876,0.087964,-0.258082,-0.224586,0.048861,LAND,LAND,NAVIGATE,LAND_VERTICAL,False,False,True,False,True,True,21,20,recent_reverse_path,verified_current_epoch,True,takeoff_reposition_succeeded,685.591799
22.111000,4.583600,1.640081,0.090624,-0.239269,-0.295081,0.036502,LAND,LAND,NAVIGATE,LAND_VERTICAL,False,False,True,False,True,True,21,20,recent_reverse_path,verified_current_epoch,True,takeoff_reposition_succeeded,685.881883
22.210000,4.556341,1.612050,0.092035,-0.218191,-0.350299,0.023393,LAND,LAND,NAVIGATE,LAND_VERTICAL,False,False,True,False,True,True,21,20,recent_reverse_path,verified_current_epoch,True,takeoff_reposition_succeeded,686.260815
22.309000,4.530389,1.579167,0.092378,-0.195730,-0.390571,0.010411,LAND,LAND,NAVIGATE,LAND_VERTICAL,False,False,True,False,True,True,21,20,recent_reverse_path,verified_current_epoch,True,takeoff_reposition_succeeded,686.680829
22.408000,4.506050,1.542759,0.091823,-0.172659,-0.417091,-0.001710,LAND,LAND,NAVIGATE,LAND_VERTICAL,False,False,True,False,True,True,21,20,recent_reverse_path,verified_current_epoch,True,takeoff_reposition_succeeded,687.135568
22.507000,4.483556,1.504043,0.090530,-0.149618,-0.431372,-0.012461,LAND,LAND,NAVIGATE,LAND_VERTICAL,False,False,True,False,True,True,21,20,recent_reverse_path,verified_current_epoch,True,takeoff_reposition_succeeded,687.595355
22.606000,4.463064,1.464108,0.088643,-0.127134,-0.435013,-0.021528,LAND,LAND,NAVIGATE,LAND_VERTICAL,False,False,True,False,True,True,21,20,recent_reverse_path,verified_current_epoch,True,takeoff_reposition_succeeded,688.050064
22.706000,4.443817,1.426860,0.085899,-0.184655,-0.282069,-0.063426,LAND,LAND,NAVIGATE,LAND_VERTICAL,False,False,True,False,True,False,21,20,recent_reverse_path,verified_current_epoch,True,takeoff_reposition_succeeded,692.847342
22.805000,4.424194,1.411846,0.080593,-0.161130,-0.031428,-0.075933,LAND,LAND,NAVIGATE,LAND_VERTICAL,False,False,True,False,True,False,21,20,recent_reverse_path,verified_current_epoch,True,takeoff_reposition_succeeded,692.720295
22.904000,4.405734,1.418784,0.074141,-0.189162,0.139008,-0.056127,LAND,LAND,NAVIGATE,LAND_VERTICAL,False,False,True,False,True,False,21,20,recent_reverse_path,verified_current_epoch,True,takeoff_reposition_succeeded,691.245065
23.003000,4.387712,1.431064,0.068693,-0.177331,0.096915,-0.034743,LAND,LAND,NAVIGATE,LAND_VERTICAL,False,False,True,False,True,False,21,20,recent_reverse_path,verified_current_epoch,True,takeoff_reposition_succeeded,693.778635
23.102000,4.371159,1.441917,0.066631,-0.167604,0.090494,-0.010146,LAND,LAND,NAVIGATE,LAND_VERTICAL,False,False,True,False,True,False,21,20,recent_reverse_path,verified_current_epoch,True,takeoff_reposition_succeeded,689.900164
23.201000,4.356048,1.451988,0.066853,-0.154900,0.086639,0.008408,LAND,LAND,NAVIGATE,LAND_VERTICAL,False,False,True,False,True,False,21,20,recent_reverse_path,verified_current_epoch,True,takeoff_reposition_succeeded,688.624585
23.300000,4.342504,1.461179,0.068443,-0.138221,0.074918,0.016143,LAND,LAND,NAVIGATE,LAND_VERTICAL,False,False,True,False,True,True,21,20,recent_reverse_path,verified_current_epoch,True,takeoff_reposition_succeeded,688.109210
23.399000,4.330860,1.468274,0.070498,-0.114572,0.047481,0.015999,LAND,LAND,NAVIGATE,LAND_VERTICAL,False,False,True,False,True,False,21,20,recent_reverse_path,verified_current_epoch,True,takeoff_reposition_succeeded,687.998843
23.498000,4.321505,1.471645,0.072267,-0.083797,0.002947,0.012338,LAND,LAND,NAVIGATE,LAND_VERTICAL,False,False,True,False,True,True,21,20,recent_reverse_path,verified_current_epoch,True,takeoff_reposition_succeeded,688.020953
23.597000,4.314707,1.469956,0.073431,-0.049153,-0.051235,0.009730,LAND,LAND,NAVIGATE,TOUCHDOWN_SETTLE,False,False,True,False,True,False,21,20,recent_reverse_path,verified_current_epoch,True,takeoff_reposition_succeeded,688.146698
23.696000,4.310457,1.462875,0.073992,-0.016148,-0.101660,0.007173,LAND,LAND,NAVIGATE,LAND_VERTICAL,False,False,True,False,True,False,21,20,recent_reverse_path,verified_current_epoch,True,takeoff_reposition_succeeded,688.247632
23.795000,4.308553,1.450903,0.074014,0.013504,-0.144105,0.003974,LAND,LAND,NAVIGATE,LAND_VERTICAL,False,False,True,False,True,False,21,20,recent_reverse_path,verified_current_epoch,True,takeoff_reposition_succeeded,688.390091
23.895000,4.308739,1.434656,0.073573,0.039441,-0.178244,0.000313,LAND,LAND,NAVIGATE,LAND_VERTICAL,False,False,True,False,True,False,21,20,recent_reverse_path,verified_current_epoch,True,takeoff_reposition_succeeded,688.571370
23.994000,4.306796,1.425004,0.071322,-0.034984,-0.065725,-0.032404,LAND,LAND,NAVIGATE,LAND_VERTICAL,False,False,True,False,True,False,21,20,recent_reverse_path,verified_current_epoch,True,takeoff_reposition_succeeded,690.609731
24.093000,4.300638,1.421426,0.067293,-0.058138,-0.041408,-0.031665,LAND,LAND,NAVIGATE,TOUCHDOWN_SETTLE,False,False,True,False,True,False,21,20,recent_reverse_path,verified_current_epoch,True,takeoff_reposition_succeeded,691.927714
24.192000,4.294040,1.419159,0.066017,-0.076164,-0.012892,0.000531,LAND,LAND,NAVIGATE,TOUCHDOWN_SETTLE,False,False,True,False,True,False,21,20,recent_reverse_path,verified_current_epoch,True,takeoff_reposition_succeeded,689.514874
24.291000,4.286335,1.418599,0.066506,-0.081972,-0.000310,0.006639,LAND,LAND,NAVIGATE,LAND_VERTICAL,False,False,True,False,True,False,21,20,recent_reverse_path,verified_current_epoch,True,takeoff_reposition_succeeded,688.485097
24.390000,4.278631,1.419141,0.067225,-0.075818,0.009113,0.006057,LAND,LAND,NAVIGATE,TOUCHDOWN_SETTLE,False,False,True,False,True,False,21,20,recent_reverse_path,verified_current_epoch,True,takeoff_reposition_succeeded,688.485106
24.489000,4.271689,1.420119,0.067987,-0.066409,0.009871,0.005862,LAND,LAND,NAVIGATE,TOUCHDOWN_SETTLE,False,False,True,False,True,False,21,20,recent_reverse_path,verified_current_epoch,True,takeoff_reposition_succeeded,688.531562
24.588000,4.265630,1.421087,0.068506,-0.056333,0.006632,0.002413,LAND,LAND,NAVIGATE,TOUCHDOWN_SETTLE,False,False,True,False,True,False,21,20,recent_reverse_path,verified_current_epoch,True,takeoff_reposition_succeeded,688.716613
24.687000,4.260433,1.421703,0.068786,-0.048918,0.002329,0.000872,LAND,LAND,NAVIGATE,TOUCHDOWN_SETTLE,False,False,True,False,True,False,21,20,recent_reverse_path,verified_current_epoch,True,takeoff_reposition_succeeded,688.784330
24.786000,4.255751,1.422188,0.068627,-0.044296,0.001648,-0.040514,LAND,LAND,NAVIGATE,DISARM_CONFIRM,False,False,False,True,True,False,21,20,recent_reverse_path,verified_current_epoch,True,takeoff_reposition_succeeded,409.543176
24.885000,4.252534,1.422358,0.065868,-0.010620,-0.002558,-0.001004,GROUND,LAND,NAVIGATE,DISARM_CONFIRM,False,False,False,True,True,False,21,20,recent_reverse_path,verified_current_epoch,True,takeoff_reposition_succeeded,7.807168
24.984000,4.252422,1.422358,0.065869,0.000002,0.002043,0.000795,GROUND,LAND,NAVIGATE,DISARM_CONFIRM,False,False,False,True,True,False,21,20,recent_reverse_path,verified_current_epoch,True,takeoff_reposition_succeeded,0.148829
25.084000,4.252420,1.422357,0.065868,-0.000005,0.002210,0.000955,GROUND,LAND,NAVIGATE,DISARM_CONFIRM,False,False,False,True,True,False,21,20,recent_reverse_path,verified_current_epoch,True,takeoff_reposition_succeeded,0.002726
25.183000,4.252827,1.422047,0.065868,0.025423,-0.016783,0.000070,GROUND,GROUND,NAVIGATE,GROUND_REACQUIRE,True,True,False,True,True,False,21,20,recent_reverse_path,verified_current_epoch,True,takeoff_reposition_succeeded,0.000052
25.282000,4.258782,1.420721,0.065872,0.092255,-0.012365,0.003992,GROUND,GROUND,NAVIGATE,GROUND_DRIVE,True,True,False,True,True,False,21,20,recent_reverse_path,verified_current_epoch,True,takeoff_reposition_succeeded,0.000001
25.381000,4.270650,1.418572,0.065868,0.145980,-0.026195,-0.004528,GROUND,GROUND,NAVIGATE,GROUND_DRIVE,True,True,False,True,True,False,21,20,recent_reverse_path,verified_current_epoch,True,takeoff_reposition_succeeded,0.000000
25.480000,4.286984,1.417152,0.065872,0.178524,0.000302,0.000050,GROUND,GROUND,NAVIGATE,GROUND_DRIVE,True,True,False,True,True,False,21,20,recent_reverse_path,verified_current_epoch,True,takeoff_reposition_succeeded,0.000000
25.579000,4.305517,1.417145,0.065868,0.194545,0.001060,-0.004475,GROUND,GROUND,NAVIGATE,GROUND_DRIVE,True,True,False,True,True,False,21,20,recent_reverse_path,verified_current_epoch,True,takeoff_reposition_succeeded,0.000000
25.678000,4.325279,1.417143,0.065872,0.203806,0.000231,0.005073,GROUND,GROUND,NAVIGATE,GROUND_DRIVE,True,True,False,True,True,False,21,20,recent_reverse_path,verified_current_epoch,True,takeoff_reposition_succeeded,0.000000
25.777000,4.345784,1.417144,0.065867,0.209849,0.001128,-0.004973,GROUND,GROUND,NAVIGATE,GROUND_DRIVE,True,True,False,True,True,False,21,20,recent_reverse_path,verified_current_epoch,True,takeoff_reposition_succeeded,0.000000
25.876000,4.366715,1.417143,0.065872,0.212611,0.000263,0.004913,GROUND,GROUND,NAVIGATE,GROUND_DRIVE,True,True,False,True,True,False,21,20,recent_reverse_path,verified_current_epoch,True,takeoff_reposition_succeeded,0.000000
25.975000,4.387870,1.417144,0.065867,0.214521,0.001167,-0.004936,GROUND,GROUND,NAVIGATE,GROUND_DRIVE,True,True,False,True,True,False,21,20,recent_reverse_path,verified_current_epoch,True,takeoff_reposition_succeeded,0.000000
26.074000,4.409120,1.417142,0.065872,0.214634,0.000249,0.004950,GROUND,GROUND,NAVIGATE,GROUND_DRIVE,True,True,False,True,True,False,21,20,recent_reverse_path,verified_current_epoch,True,takeoff_reposition_succeeded,0.000000
26.174000,4.430605,1.417142,0.065872,0.214556,0.000247,0.004950,GROUND,GROUND,NAVIGATE,GROUND_DRIVE,True,True,False,True,True,False,21,20,recent_reverse_path,verified_current_epoch,True,takeoff_reposition_succeeded,0.000000
26.273000,4.451849,1.417143,0.065867,0.214559,0.001179,-0.004951,GROUND,GROUND,NAVIGATE,GROUND_DRIVE,True,True,False,True,True,False,21,20,recent_reverse_path,verified_current_epoch,True,takeoff_reposition_succeeded,0.000000
26.372000,4.473039,1.417142,0.065872,0.213493,0.000247,0.004947,GROUND,GROUND,NAVIGATE,GROUND_DRIVE,True,True,False,True,True,False,21,20,recent_reverse_path,verified_current_epoch,True,takeoff_reposition_succeeded,0.000000
26.471000,4.494161,1.417143,0.065867,0.213191,0.001164,-0.004943,GROUND,GROUND,NAVIGATE,GROUND_DRIVE,True,True,False,True,True,False,21,20,recent_reverse_path,verified_current_epoch,True,takeoff_reposition_succeeded,0.000000
26.570000,4.515205,1.417142,0.065872,0.211925,0.000256,0.004937,GROUND,GROUND,NAVIGATE,GROUND_DRIVE,True,True,False,True,True,False,21,20,recent_reverse_path,verified_current_epoch,True,takeoff_reposition_succeeded,0.000000
26.669000,4.536166,1.417143,0.065867,0.211521,0.001151,-0.004938,GROUND,GROUND,NAVIGATE,GROUND_DRIVE,True,True,False,True,True,False,21,20,recent_reverse_path,verified_current_epoch,True,takeoff_reposition_succeeded,0.000000
26.768000,4.557038,1.417142,0.065872,0.210139,0.000239,0.004944,GROUND,GROUND,NAVIGATE,GROUND_DRIVE,True,True,False,True,True,False,21,20,recent_reverse_path,verified_current_epoch,True,takeoff_reposition_succeeded,0.000000
26.867000,4.577816,1.417143,0.065867,0.209603,0.001161,-0.004950,GROUND,GROUND,NAVIGATE,GROUND_DRIVE,True,True,False,True,True,False,21,20,recent_reverse_path,verified_current_epoch,True,takeoff_reposition_succeeded,0.000000
26.966000,4.598496,1.417142,0.065872,0.208172,0.000221,0.004952,GROUND,GROUND,NAVIGATE,GROUND_DRIVE,True,True,False,True,True,False,21,20,recent_reverse_path,verified_current_epoch,True,takeoff_reposition_succeeded,0.000000
27.065000,4.619076,1.417143,0.065867,0.207599,0.001160,-0.004953,GROUND,GROUND,NAVIGATE,GROUND_DRIVE,True,True,False,True,True,False,21,20,recent_reverse_path,verified_current_epoch,True,takeoff_reposition_succeeded,0.000000
27.164000,4.639558,1.417142,0.065872,0.206176,0.000212,0.004952,GROUND,GROUND,NAVIGATE,GROUND_DRIVE,True,True,False,True,True,False,21,20,recent_reverse_path,verified_current_epoch,True,takeoff_reposition_succeeded,0.000000
27.263000,4.659941,1.417143,0.065867,0.205603,0.001151,-0.004951,GROUND,GROUND,NAVIGATE,GROUND_DRIVE,True,True,False,True,True,False,21,20,recent_reverse_path,verified_current_epoch,True,takeoff_reposition_succeeded,0.000000
27.363000,4.680430,1.417143,0.065867,0.204604,0.001144,-0.004948,GROUND,GROUND,NAVIGATE,GROUND_DRIVE,True,True,False,True,True,False,21,20,recent_reverse_path,verified_current_epoch,True,takeoff_reposition_succeeded,0.000000
27.462000,4.700617,1.417142,0.065872,0.203220,0.000214,0.004942,GROUND,GROUND,NAVIGATE,GROUND_DRIVE,True,True,False,True,True,False,21,20,recent_reverse_path,verified_current_epoch,True,takeoff_reposition_succeeded,0.000000
27.561000,4.720708,1.417143,0.065867,0.202656,0.001120,-0.004933,GROUND,GROUND,NAVIGATE,GROUND_DRIVE,True,True,False,True,True,False,21,20,recent_reverse_path,verified_current_epoch,True,takeoff_reposition_succeeded,0.000000
27.660000,4.740704,1.417142,0.065872,0.201329,0.000228,0.004924,GROUND,GROUND,NAVIGATE,GROUND_DRIVE,True,True,False,True,True,False,21,20,recent_reverse_path,verified_current_epoch,True,takeoff_reposition_succeeded,0.000000
27.759000,4.760607,1.417143,0.065867,0.200753,0.001102,-0.004925,GROUND,GROUND,NAVIGATE,GROUND_DRIVE,True,True,False,True,True,False,21,20,recent_reverse_path,verified_current_epoch,True,takeoff_reposition_succeeded,0.000000
27.858000,4.780413,1.417142,0.065872,0.199372,0.000207,0.004934,GROUND,GROUND,NAVIGATE,GROUND_DRIVE,True,True,False,True,True,False,21,20,recent_reverse_path,verified_current_epoch,True,takeoff_reposition_succeeded,0.000000
27.957000,4.800119,1.417143,0.065867,0.198740,0.001117,-0.004943,GROUND,GROUND,NAVIGATE,GROUND_DRIVE,True,True,False,True,True,False,21,20,recent_reverse_path,verified_current_epoch,True,takeoff_reposition_succeeded,0.000000
28.056000,4.819721,1.417142,0.065872,0.197276,0.000184,0.004947,GROUND,GROUND,NAVIGATE,GROUND_DRIVE,True,True,False,True,True,False,21,20,recent_reverse_path,verified_current_epoch,True,takeoff_reposition_succeeded,0.000000
28.155000,4.839219,1.417143,0.065867,0.196657,0.001118,-0.004950,GROUND,GROUND,NAVIGATE,GROUND_DRIVE,True,True,False,True,True,False,21,20,recent_reverse_path,verified_current_epoch,True,takeoff_reposition_succeeded,0.000000
28.254000,4.858615,1.417142,0.065872,0.195190,0.000176,0.004949,GROUND,GROUND,NAVIGATE,GROUND_DRIVE,True,True,False,True,True,False,21,20,recent_reverse_path,verified_current_epoch,True,takeoff_reposition_succeeded,0.000000
28.353000,4.877908,1.417143,0.065867,0.194606,0.001109,-0.004948,GROUND,GROUND,NAVIGATE,GROUND_DRIVE,True,True,False,True,True,False,21,20,recent_reverse_path,verified_current_epoch,True,takeoff_reposition_succeeded,0.000000
28.452000,4.897101,1.417142,0.065872,0.193150,0.000179,0.004943,GROUND,GROUND,NAVIGATE,GROUND_DRIVE,True,True,False,True,True,False,21,20,recent_reverse_path,verified_current_epoch,True,takeoff_reposition_succeeded,0.000000
28.552000,4.916387,1.417142,0.065872,0.192140,0.000183,0.004938,GROUND,GROUND,NAVIGATE,GROUND_DRIVE,True,True,False,True,True,False,21,20,recent_reverse_path,verified_current_epoch,True,takeoff_reposition_succeeded,0.000000
28.651000,4.935382,1.417143,0.065867,0.191621,0.001084,-0.004936,GROUND,GROUND,NAVIGATE,GROUND_DRIVE,True,True,False,True,True,False,21,20,recent_reverse_path,verified_current_epoch,True,takeoff_reposition_succeeded,0.000000
28.750000,4.954278,1.417142,0.065872,0.190147,0.000175,0.004939,GROUND,GROUND,NAVIGATE,GROUND_DRIVE,True,True,False,True,True,False,21,20,recent_reverse_path,verified_current_epoch,True,takeoff_reposition_succeeded,0.000000
28.849000,4.973073,1.417143,0.065867,0.189560,0.001091,-0.004946,GROUND,GROUND,NAVIGATE,GROUND_DRIVE,True,True,False,True,True,False,21,20,recent_reverse_path,verified_current_epoch,True,takeoff_reposition_succeeded,0.000000
28.948000,4.991763,1.417142,0.065872,0.188052,0.000154,0.004949,GROUND,GROUND,NAVIGATE,GROUND_DRIVE,True,True,False,True,True,False,21,20,recent_reverse_path,verified_current_epoch,True,takeoff_reposition_succeeded,0.000000
29.047000,5.010348,1.417143,0.065867,0.187426,0.001093,-0.004952,GROUND,GROUND,NAVIGATE,GROUND_DRIVE,True,True,False,True,True,False,21,20,recent_reverse_path,verified_current_epoch,True,takeoff_reposition_succeeded,0.000000
29.146000,5.028828,1.417142,0.065872,0.185931,0.000142,0.004952,GROUND,GROUND,NAVIGATE,GROUND_DRIVE,True,True,False,True,True,False,21,20,recent_reverse_path,verified_current_epoch,True,takeoff_reposition_succeeded,0.000000
29.245000,5.047204,1.417143,0.065867,0.185309,0.001088,-0.004952,GROUND,GROUND,NAVIGATE,GROUND_DRIVE,True,True,False,True,True,False,21,20,recent_reverse_path,verified_current_epoch,True,takeoff_reposition_succeeded,0.000000
29.344000,5.065476,1.417142,0.065872,0.183835,0.000137,0.004950,GROUND,GROUND,NAVIGATE,GROUND_DRIVE,True,True,False,True,True,False,21,20,recent_reverse_path,verified_current_epoch,True,takeoff_reposition_succeeded,0.000000
29.443000,5.083644,1.417143,0.065867,0.183222,0.001077,-0.004948,GROUND,GROUND,NAVIGATE,GROUND_DRIVE,True,True,False,True,True,False,21,20,recent_reverse_path,verified_current_epoch,True,takeoff_reposition_succeeded,0.000000
29.542000,5.101711,1.417142,0.065872,0.181775,0.000138,0.004943,GROUND,GROUND,NAVIGATE,GROUND_DRIVE,True,True,False,True,True,False,21,20,recent_reverse_path,verified_current_epoch,True,takeoff_reposition_succeeded,0.000000
29.642000,5.119857,1.417142,0.065872,0.180756,0.000142,0.004937,GROUND,GROUND,NAVIGATE,GROUND_DRIVE,True,True,False,True,True,False,21,20,recent_reverse_path,verified_current_epoch,True,takeoff_reposition_succeeded,0.000000
29.741000,5.137722,1.417143,0.065867,0.180153,0.001044,-0.004929,GROUND,GROUND,NAVIGATE,GROUND_DRIVE,True,True,False,True,True,False,21,20,recent_reverse_path,verified_current_epoch,True,takeoff_reposition_succeeded,0.000000
29.840000,5.155488,1.417142,0.065872,0.178777,0.000153,0.004922,GROUND,GROUND,NAVIGATE,GROUND_DRIVE,True,True,False,True,True,False,21,20,recent_reverse_path,verified_current_epoch,True,takeoff_reposition_succeeded,0.000000
29.939000,5.173156,1.417143,0.065867,0.178154,0.001034,-0.004926,GROUND,GROUND,NAVIGATE,GROUND_DRIVE,True,True,False,True,True,False,21,20,recent_reverse_path,verified_current_epoch,True,takeoff_reposition_succeeded,0.000000
30.038000,5.190722,1.417142,0.065872,0.176713,0.000130,0.004934,TAKEOFF,GROUND,NAVIGATE,TAKEOFF_REPOSITION,True,True,False,True,True,False,21,21,approved_takeoff,unverified_cross_sortie,False,takeoff_reposition_active,0.000000
30.137000,5.200386,1.417158,0.065867,0.000803,0.000319,-0.005039,TAKEOFF,GROUND,NAVIGATE,TAKEOFF_REPOSITION,True,True,False,True,True,False,21,21,approved_takeoff,unverified_cross_sortie,False,takeoff_reposition_active,0.000000
30.236000,5.196110,1.417155,0.065872,-0.082734,-0.000640,0.004829,TAKEOFF,GROUND,NAVIGATE,TAKEOFF_REPOSITION,True,True,False,True,True,False,21,21,approved_takeoff,unverified_cross_sortie,False,takeoff_reposition_active,0.000000
30.335000,5.184408,1.417154,0.065867,-0.150390,-0.000146,-0.004875,TAKEOFF,GROUND,NAVIGATE,TAKEOFF_REPOSITION,True,True,False,True,True,False,21,21,approved_takeoff,unverified_cross_sortie,False,takeoff_reposition_active,0.000000
30.434000,5.166832,1.417150,0.065872,-0.201598,-0.001055,0.004913,TAKEOFF,GROUND,NAVIGATE,TAKEOFF_REPOSITION,True,True,False,True,True,False,21,21,approved_takeoff,unverified_cross_sortie,False,takeoff_reposition_active,0.000000
30.533000,5.144887,1.417149,0.065867,-0.238993,-0.000386,-0.004913,TAKEOFF,GROUND,NAVIGATE,TAKEOFF_REPOSITION,True,True,False,True,True,False,21,21,approved_takeoff,unverified_cross_sortie,False,takeoff_reposition_active,0.000000
30.632000,5.119952,1.417147,0.065872,-0.262586,-0.001287,0.004917,TAKEOFF,GROUND,NAVIGATE,TAKEOFF_REPOSITION,True,True,False,True,True,False,21,21,approved_takeoff,unverified_cross_sortie,False,takeoff_reposition_active,0.000000
30.731000,5.093157,1.417146,0.065867,-0.277175,-0.000454,-0.004926,TAKEOFF,GROUND,NAVIGATE,TAKEOFF_REPOSITION,True,True,False,True,True,False,21,21,approved_takeoff,unverified_cross_sortie,False,takeoff_reposition_active,0.000000
30.831000,5.065035,1.417146,0.065867,-0.284682,-0.000467,-0.004928,TAKEOFF,GROUND,NAVIGATE,TAKEOFF_REPOSITION,True,True,False,True,True,False,21,21,approved_takeoff,unverified_cross_sortie,False,takeoff_reposition_active,0.000000
30.930000,5.036682,1.417144,0.065872,-0.287535,-0.001377,0.004925,TAKEOFF,GROUND,NAVIGATE,TAKEOFF_REPOSITION,True,True,False,True,True,False,21,21,approved_takeoff,unverified_cross_sortie,False,takeoff_reposition_active,0.000000
31.029000,5.008139,1.417145,0.065867,-0.288746,-0.000478,-0.004923,TAKEOFF,GROUND,NAVIGATE,TAKEOFF_REPOSITION,True,True,False,True,True,False,21,21,approved_takeoff,unverified_cross_sortie,False,takeoff_reposition_active,0.000000
31.128000,4.979592,1.417144,0.065872,-0.287776,-0.001361,0.004913,TAKEOFF,GROUND,NAVIGATE,TAKEOFF_REPOSITION,True,True,False,True,True,False,21,21,approved_takeoff,unverified_cross_sortie,False,takeoff_reposition_active,0.000000
31.227000,4.951145,1.417145,0.065867,-0.286772,-0.000497,-0.004902,TAKEOFF,GROUND,NAVIGATE,TAKEOFF_REPOSITION,True,True,False,True,True,False,21,21,approved_takeoff,unverified_cross_sortie,False,takeoff_reposition_active,0.000000
31.326000,4.922860,1.417144,0.065872,-0.284568,-0.001337,0.004902,TAKEOFF,GROUND,NAVIGATE,TAKEOFF_REPOSITION,True,True,False,True,True,False,21,21,approved_takeoff,unverified_cross_sortie,False,takeoff_reposition_active,0.000000
31.425000,4.894775,1.417145,0.065867,-0.282741,-0.000462,-0.004917,TAKEOFF,GROUND,NAVIGATE,TAKEOFF_REPOSITION,True,True,False,True,True,False,21,21,approved_takeoff,unverified_cross_sortie,False,takeoff_reposition_active,0.000000
31.524000,4.866921,1.417143,0.065872,-0.279925,-0.001351,0.004922,TAKEOFF,GROUND,NAVIGATE,TAKEOFF_REPOSITION,True,True,False,True,True,False,21,21,approved_takeoff,unverified_cross_sortie,False,takeoff_reposition_active,0.000000
31.623000,4.839313,1.417144,0.065867,-0.277792,-0.000434,-0.004925,TAKEOFF,GROUND,NAVIGATE,TAKEOFF_REPOSITION,True,True,False,True,True,False,21,21,approved_takeoff,unverified_cross_sortie,False,takeoff_reposition_active,0.000000
31.722000,4.811961,1.417143,0.065872,-0.274749,-0.001334,0.004921,TAKEOFF,GROUND,NAVIGATE,TAKEOFF_REPOSITION,True,True,False,True,True,False,21,21,approved_takeoff,unverified_cross_sortie,False,takeoff_reposition_active,0.000000
31.821000,4.784872,1.417144,0.065867,-0.272505,-0.000428,-0.004916,TAKEOFF,GROUND,NAVIGATE,TAKEOFF_REPOSITION,True,True,False,True,True,False,21,21,approved_takeoff,unverified_cross_sortie,False,takeoff_reposition_active,0.000000
31.920000,4.758050,1.417143,0.065872,-0.269336,-0.001303,0.004908,TAKEOFF,GROUND,NAVIGATE,TAKEOFF_REPOSITION,True,True,False,True,True,False,21,21,approved_takeoff,unverified_cross_sortie,False,takeoff_reposition_active,0.000000
32.020000,4.731234,1.417143,0.065872,-0.266508,-0.001301,0.004914,TAKEOFF,GROUND,NAVIGATE,TAKEOFF_REPOSITION,True,True,False,True,True,False,21,21,approved_takeoff,unverified_cross_sortie,False,takeoff_reposition_active,0.000000
32.120000,4.704707,1.417143,0.065872,-0.263577,-0.001303,0.004923,TAKEOFF,GROUND,NAVIGATE,TAKEOFF_REPOSITION,True,True,False,True,True,False,21,21,approved_takeoff,unverified_cross_sortie,False,takeoff_reposition_active,0.000000
32.219000,4.678739,1.417144,0.065867,-0.261015,-0.000376,-0.004929,TAKEOFF,GROUND,NAVIGATE,TAKEOFF_REPOSITION,True,True,False,True,True,False,21,21,approved_takeoff,unverified_cross_sortie,False,takeoff_reposition_active,0.000000
32.319000,4.652811,1.417144,0.065867,-0.257942,-0.000365,-0.004930,TAKEOFF,GROUND,NAVIGATE,TAKEOFF_REPOSITION,True,True,False,True,True,False,21,21,approved_takeoff,unverified_cross_sortie,False,takeoff_reposition_active,0.000000
32.419000,4.627193,1.417144,0.065867,-0.254818,-0.000356,-0.004929,TAKEOFF,GROUND,NAVIGATE,TAKEOFF_REPOSITION,True,True,False,True,True,False,21,21,approved_takeoff,unverified_cross_sortie,False,takeoff_reposition_active,0.000000
32.519000,4.601890,1.417144,0.065867,-0.251645,-0.000350,-0.004926,TAKEOFF,GROUND,NAVIGATE,TAKEOFF_REPOSITION,True,True,False,True,True,False,21,21,approved_takeoff,unverified_cross_sortie,False,takeoff_reposition_active,0.000000
32.618000,4.577155,1.417143,0.065872,-0.248062,-0.001247,0.004919,TAKEOFF,GROUND,NAVIGATE,TAKEOFF_REPOSITION,True,True,False,True,True,False,21,21,approved_takeoff,unverified_cross_sortie,False,takeoff_reposition_active,0.000000
32.718000,4.552491,1.417143,0.065872,-0.244817,-0.001223,0.004909,TAKEOFF,GROUND,NAVIGATE,TAKEOFF_REPOSITION,True,True,False,True,True,False,21,21,approved_takeoff,unverified_cross_sortie,False,takeoff_reposition_active,0.000000
32.818000,4.528155,1.417143,0.065872,-0.241525,-0.001205,0.004902,TAKEOFF,GROUND,NAVIGATE,TAKEOFF_REPOSITION,True,True,False,True,True,False,21,21,approved_takeoff,unverified_cross_sortie,False,takeoff_reposition_active,0.000000
32.917000,4.504391,1.417144,0.065867,-0.238543,-0.000328,-0.004912,TAKEOFF,GROUND,NAVIGATE,TAKEOFF_REPOSITION,True,True,False,True,True,False,21,21,approved_takeoff,unverified_cross_sortie,False,takeoff_reposition_active,0.000000
33.017000,4.480731,1.417144,0.065867,-0.235046,-0.000303,-0.004922,TAKEOFF,GROUND,NAVIGATE,TAKEOFF_REPOSITION,True,True,False,True,True,False,21,21,approved_takeoff,unverified_cross_sortie,False,takeoff_reposition_active,0.000000
33.117000,4.457426,1.417144,0.065867,-0.231465,-0.000284,-0.004927,TAKEOFF,GROUND,NAVIGATE,TAKEOFF_REPOSITION,True,True,False,True,True,False,21,21,approved_takeoff,unverified_cross_sortie,False,takeoff_reposition_active,0.000000
33.216000,4.434710,1.417142,0.065872,-0.227437,-0.001198,0.004926,TAKEOFF,GROUND,NAVIGATE,TAKEOFF_REPOSITION,True,True,False,True,True,False,21,21,approved_takeoff,unverified_cross_sortie,False,takeoff_reposition_active,0.000000
33.316000,4.412130,1.417142,0.065872,-0.223745,-0.001185,0.004925,TAKEOFF,GROUND,NAVIGATE,TAKEOFF_REPOSITION,True,True,False,True,True,False,21,21,approved_takeoff,unverified_cross_sortie,False,takeoff_reposition_active,0.000000
33.416000,4.389920,1.417142,0.065872,-0.220012,-0.001169,0.004922,TAKEOFF,GROUND,NAVIGATE,TAKEOFF_REPOSITION,True,True,False,True,True,False,21,21,approved_takeoff,unverified_cross_sortie,False,takeoff_reposition_active,0.000000
33.515000,4.368301,1.417143,0.065867,-0.216741,-0.000250,-0.004917,TAKEOFF,GROUND,NAVIGATE,TAKEOFF_REPOSITION,True,True,False,True,True,False,21,21,approved_takeoff,unverified_cross_sortie,False,takeoff_reposition_active,0.000000
33.615000,4.346841,1.417143,0.065867,-0.212943,-0.000243,-0.004912,TAKEOFF,GROUND,NAVIGATE,TAKEOFF_REPOSITION,True,True,False,True,True,False,21,21,approved_takeoff,unverified_cross_sortie,False,takeoff_reposition_active,0.000000
33.715000,4.325764,1.417143,0.065867,-0.209069,-0.000225,-0.004917,TAKEOFF,GROUND,NAVIGATE,TAKEOFF_REPOSITION,True,True,False,True,True,False,21,21,approved_takeoff,unverified_cross_sortie,False,takeoff_reposition_active,0.000000
33.815000,4.305078,1.417143,0.065867,-0.205107,-0.000203,-0.004924,TAKEOFF,GROUND,NAVIGATE,TAKEOFF_REPOSITION,True,True,False,True,True,False,21,21,approved_takeoff,unverified_cross_sortie,False,takeoff_reposition_active,0.000000
33.914000,4.284992,1.417142,0.065872,-0.200679,-0.001119,0.004928,TAKEOFF,GROUND,NAVIGATE,TAKEOFF_REPOSITION,True,True,False,True,True,False,21,21,approved_takeoff,unverified_cross_sortie,False,takeoff_reposition_active,0.000000
34.014000,4.265106,1.417142,0.065872,-0.196613,-0.001109,0.004931,TAKEOFF,GROUND,NAVIGATE,TAKEOFF_REPOSITION,True,True,False,True,True,False,21,21,approved_takeoff,unverified_cross_sortie,False,takeoff_reposition_active,0.000000
34.114000,4.245629,1.417142,0.065872,-0.192511,-0.001097,0.004932,TAKEOFF,GROUND,NAVIGATE,TAKEOFF_REPOSITION,True,True,False,True,True,False,21,21,approved_takeoff,unverified_cross_sortie,False,takeoff_reposition_active,0.000000
34.213000,4.226752,1.417143,0.065867,-0.188858,-0.000143,-0.004933,TAKEOFF,GROUND,NAVIGATE,TAKEOFF_REPOSITION,True,True,False,True,True,False,21,21,approved_takeoff,unverified_cross_sortie,False,takeoff_reposition_active,0.000000
34.313000,4.208097,1.417143,0.065867,-0.184700,-0.000131,-0.004932,TAKEOFF,GROUND,NAVIGATE,TAKEOFF_REPOSITION,True,True,False,True,True,False,21,21,approved_takeoff,unverified_cross_sortie,False,takeoff_reposition_active,0.000000
34.413000,4.189859,1.417143,0.065867,-0.180520,-0.000120,-0.004930,TAKEOFF,GROUND,NAVIGATE,TAKEOFF_REPOSITION,True,True,False,True,True,False,21,21,approved_takeoff,unverified_cross_sortie,False,takeoff_reposition_active,0.000000
34.512000,4.172216,1.417141,0.065872,-0.175947,-0.001037,0.004925,TAKEOFF,GROUND,NAVIGATE,TAKEOFF_REPOSITION,True,True,False,True,True,False,21,21,approved_takeoff,unverified_cross_sortie,False,takeoff_reposition_active,0.000000
34.612000,4.154812,1.417141,0.065872,-0.171751,-0.001016,0.004920,TAKEOFF,GROUND,NAVIGATE,TAKEOFF_REPOSITION,True,True,False,True,True,False,21,21,approved_takeoff,unverified_cross_sortie,False,takeoff_reposition_active,0.000000
34.712000,4.137828,1.417141,0.065872,-0.167554,-0.000994,0.004913,TAKEOFF,GROUND,NAVIGATE,TAKEOFF_REPOSITION,True,True,False,True,True,False,21,21,approved_takeoff,unverified_cross_sortie,False,takeoff_reposition_active,0.000000
34.812000,4.121265,1.417141,0.065872,-0.163347,-0.000975,0.004910,TAKEOFF,GROUND,NAVIGATE,TAKEOFF_REPOSITION,True,True,False,True,True,False,21,21,approved_takeoff,unverified_cross_sortie,False,takeoff_reposition_active,0.000000
34.911000,4.105283,1.417142,0.065867,-0.159555,-0.000077,-0.004913,TAKEOFF,GROUND,NAVIGATE,TAKEOFF_REPOSITION,True,True,False,True,True,False,21,21,approved_takeoff,unverified_cross_sortie,False,takeoff_reposition_active,0.000000
35.011000,4.089563,1.417142,0.065867,-0.155291,-0.000054,-0.004920,TAKEOFF,GROUND,NAVIGATE,TAKEOFF_REPOSITION,True,True,False,True,True,False,21,21,approved_takeoff,unverified_cross_sortie,False,takeoff_reposition_active,0.000000
35.111000,4.074271,1.417142,0.065867,-0.151004,-0.000032,-0.004926,TAKEOFF,GROUND,NAVIGATE,TAKEOFF_REPOSITION,True,True,False,True,True,False,21,21,approved_takeoff,unverified_cross_sortie,False,takeoff_reposition_active,0.000000
35.210000,4.059556,1.417141,0.065872,-0.146324,-0.000952,0.004929,TAKEOFF,GROUND,NAVIGATE,TAKEOFF_REPOSITION,True,True,False,True,True,False,21,21,approved_takeoff,unverified_cross_sortie,False,takeoff_reposition_active,0.000000
35.310000,4.045118,1.417141,0.065872,-0.142046,-0.000941,0.004931,TAKEOFF,GROUND,NAVIGATE,TAKEOFF_REPOSITION,True,True,False,True,True,False,21,21,approved_takeoff,unverified_cross_sortie,False,takeoff_reposition_active,0.000000
35.410000,4.031106,1.417141,0.065872,-0.137798,-0.000929,0.004932,TAKEOFF,GROUND,NAVIGATE,TAKEOFF_REPOSITION,True,True,False,True,True,False,21,21,approved_takeoff,unverified_cross_sortie,False,takeoff_reposition_active,0.000000
35.509000,4.017650,1.417142,0.065867,-0.134087,0.000031,-0.004933,TAKEOFF,GROUND,NAVIGATE,TAKEOFF_REPOSITION,True,True,False,True,True,False,21,21,approved_takeoff,unverified_cross_sortie,False,takeoff_reposition_active,0.000000
35.609000,4.004477,1.417142,0.065867,-0.129916,0.000044,-0.004932,TAKEOFF,GROUND,NAVIGATE,TAKEOFF_REPOSITION,True,True,False,True,True,False,21,21,approved_takeoff,unverified_cross_sortie,False,takeoff_reposition_active,0.000000
35.709000,3.991717,1.417142,0.065867,-0.125798,0.000055,-0.004930,TAKEOFF,GROUND,NAVIGATE,TAKEOFF_REPOSITION,True,True,False,True,True,False,21,21,approved_takeoff,unverified_cross_sortie,False,takeoff_reposition_active,0.000000
35.809000,3.979368,1.417142,0.065867,-0.121733,0.000066,-0.004928,TAKEOFF,GROUND,NAVIGATE,TAKEOFF_REPOSITION,True,True,False,True,True,False,21,21,approved_takeoff,unverified_cross_sortie,False,takeoff_reposition_active,0.000000
35.908000,3.967540,1.417141,0.065872,-0.117282,-0.000854,0.004924,TAKEOFF,GROUND,NAVIGATE,TAKEOFF_REPOSITION,True,True,False,True,True,False,21,21,approved_takeoff,unverified_cross_sortie,False,takeoff_reposition_active,0.000000
36.008000,3.955988,1.417141,0.065872,-0.113327,-0.000836,0.004920,TAKEOFF,GROUND,NAVIGATE,TAKEOFF_REPOSITION,True,True,False,True,True,False,21,21,approved_takeoff,unverified_cross_sortie,False,takeoff_reposition_active,0.000000
36.108000,3.944829,1.417141,0.065872,-0.109434,-0.000820,0.004917,TAKEOFF,GROUND,NAVIGATE,TAKEOFF_REPOSITION,True,True,False,True,True,False,21,21,approved_takeoff,unverified_cross_sortie,False,takeoff_reposition_active,0.000000
36.207000,3.934161,1.417142,0.065867,-0.106146,0.000101,-0.004916,TAKEOFF,GROUND,NAVIGATE,TAKEOFF_REPOSITION,True,True,False,True,True,False,21,21,approved_takeoff,unverified_cross_sortie,False,takeoff_reposition_active,0.000000
36.307000,3.923764,1.417142,0.065867,-0.102368,0.000116,-0.004918,TAKEOFF,GROUND,NAVIGATE,TAKEOFF_REPOSITION,True,True,False,True,True,False,21,21,approved_takeoff,unverified_cross_sortie,False,takeoff_reposition_active,0.000000
36.407000,3.913741,1.417142,0.065867,-0.098642,0.000133,-0.004921,TAKEOFF,GROUND,NAVIGATE,TAKEOFF_REPOSITION,True,True,False,True,True,False,21,21,approved_takeoff,unverified_cross_sortie,False,takeoff_reposition_active,0.000000
36.506000,3.904184,1.417140,0.065872,-0.094522,-0.000781,0.004925,TAKEOFF,GROUND,NAVIGATE,TAKEOFF_REPOSITION,True,True,False,True,True,False,21,21,approved_takeoff,unverified_cross_sortie,False,takeoff_reposition_active,0.000000
36.606000,3.894890,1.417140,0.065872,-0.090928,-0.000773,0.004928,TAKEOFF,GROUND,NAVIGATE,TAKEOFF_REPOSITION,True,True,False,True,True,False,21,21,approved_takeoff,unverified_cross_sortie,False,takeoff_reposition_active,0.000000
36.706000,3.885953,1.417140,0.065872,-0.087410,-0.000765,0.004931,TAKEOFF,GROUND,NAVIGATE,TAKEOFF_REPOSITION,True,True,False,True,True,False,21,21,approved_takeoff,unverified_cross_sortie,False,takeoff_reposition_active,0.000000
36.806000,3.877364,1.417140,0.065872,-0.083975,-0.000756,0.004933,TAKEOFF,GROUND,NAVIGATE,TAKEOFF_REPOSITION,True,True,False,True,True,False,21,21,approved_takeoff,unverified_cross_sortie,False,takeoff_reposition_active,0.000000
36.905000,3.869194,1.417141,0.065867,-0.081144,0.000208,-0.004935,TAKEOFF,GROUND,NAVIGATE,TAKEOFF_REPOSITION,True,True,False,True,True,False,21,21,approved_takeoff,unverified_cross_sortie,False,takeoff_reposition_active,0.000000
37.005000,3.861270,1.417141,0.065867,-0.077885,0.000220,-0.004937,TAKEOFF,GROUND,NAVIGATE,TAKEOFF_REPOSITION,True,True,False,True,True,False,21,21,approved_takeoff,unverified_cross_sortie,False,takeoff_reposition_active,0.000000
37.105000,3.853668,1.417141,0.065867,-0.074720,0.000231,-0.004937,TAKEOFF,GROUND,NAVIGATE,TAKEOFF_REPOSITION,True,True,False,True,True,False,21,21,approved_takeoff,unverified_cross_sortie,False,takeoff_reposition_active,0.000000
37.204000,3.846448,1.417140,0.065872,-0.071204,-0.000718,0.004938,TAKEOFF,GROUND,NAVIGATE,TAKEOFF_REPOSITION,True,True,False,True,True,False,21,21,approved_takeoff,unverified_cross_sortie,False,takeoff_reposition_active,0.000000
37.304000,3.839457,1.417140,0.065872,-0.068225,-0.000709,0.004939,TAKEOFF,GROUND,NAVIGATE,TAKEOFF_REPOSITION,True,True,False,True,True,False,21,21,approved_takeoff,unverified_cross_sortie,False,takeoff_reposition_active,0.000000
37.404000,3.832759,1.417140,0.065872,-0.065340,-0.000700,0.004939,TAKEOFF,GROUND,NAVIGATE,TAKEOFF_REPOSITION,True,True,False,True,True,False,21,21,approved_takeoff,unverified_cross_sortie,False,takeoff_reposition_active,0.000000
37.504000,3.826344,1.417140,0.065872,-0.062548,-0.000691,0.004939,TAKEOFF,GROUND,NAVIGATE,TAKEOFF_REPOSITION,True,True,False,True,True,False,21,21,approved_takeoff,unverified_cross_sortie,False,takeoff_reposition_active,0.000000
37.603000,3.820264,1.417141,0.065867,-0.060355,0.000282,-0.004939,TAKEOFF,GROUND,NAVIGATE,TAKEOFF_REPOSITION,True,True,False,True,True,False,21,21,approved_takeoff,unverified_cross_sortie,False,takeoff_reposition_active,0.000000
37.703000,3.814387,1.417141,0.065867,-0.057747,0.000291,-0.004939,TAKEOFF,GROUND,NAVIGATE,TAKEOFF_REPOSITION,True,True,False,True,True,False,21,21,approved_takeoff,unverified_cross_sortie,False,takeoff_reposition_active,0.000000
37.803000,3.808765,1.417141,0.065867,-0.055229,0.000299,-0.004939,TAKEOFF,GROUND,NAVIGATE,TAKEOFF_REPOSITION,True,True,False,True,True,False,21,21,approved_takeoff,unverified_cross_sortie,False,takeoff_reposition_active,0.000000
37.902000,3.803444,1.417140,0.065872,-0.052353,-0.000655,0.004939,TAKEOFF,GROUND,NAVIGATE,TAKEOFF_REPOSITION,True,True,False,True,True,False,21,21,approved_takeoff,unverified_cross_sortie,False,takeoff_reposition_active,0.000000
38.002000,3.798305,1.417140,0.065872,-0.050014,-0.000647,0.004939,TAKEOFF,GROUND,NAVIGATE,TAKEOFF_REPOSITION,True,True,False,True,True,False,21,21,approved_takeoff,unverified_cross_sortie,False,takeoff_reposition_active,0.000000
38.102000,3.795491,1.417152,0.065872,0.018830,-0.000361,0.004925,TAKEOFF,GROUND,NAVIGATE,TAKEOFF_REPOSITION_FAILED,True,True,False,True,True,False,21,21,approved_takeoff,unreachable_current_episode,False,takeoff_reposition_failed:timeout,0.000000
38.201000,3.800887,1.417151,0.065867,0.086768,0.000683,-0.004836,TAKEOFF,GROUND,NAVIGATE,TAKEOFF_REPOSITION_FAILED,True,True,False,True,True,False,21,21,approved_takeoff,unreachable_current_episode,False,takeoff_reposition_failed:timeout,0.000000
38.301000,3.812228,1.417149,0.065867,0.137845,0.000868,-0.004793,TAKEOFF,GROUND,NAVIGATE,TAKEOFF_REPOSITION_FAILED,True,True,False,True,True,False,21,21,approved_takeoff,unreachable_current_episode,False,takeoff_reposition_failed:timeout,0.000000
38.401000,3.827907,1.417147,0.065867,0.174096,0.001000,-0.004755,TAKEOFF,GROUND,NAVIGATE,TAKEOFF_REPOSITION_FAILED,True,True,False,True,True,False,21,21,approved_takeoff,unreachable_current_episode,False,takeoff_reposition_failed:timeout,0.000000
38.501000,3.846579,1.417146,0.065867,0.198363,0.001087,-0.004711,TAKEOFF,GROUND,NAVIGATE,TAKEOFF_REPOSITION_FAILED,True,True,False,True,True,False,21,21,approved_takeoff,unreachable_current_episode,False,takeoff_reposition_failed:timeout,0.000000
38.600000,3.866994,1.417144,0.065872,0.213244,0.000235,0.005241,TAKEOFF,GROUND,NAVIGATE,TAKEOFF_REPOSITION_FAILED,True,True,False,True,True,False,21,21,approved_takeoff,unreachable_current_episode,False,takeoff_reposition_failed:timeout,0.000000
38.700000,3.888826,1.417143,0.065872,0.222628,0.000269,0.005296,TAKEOFF,GROUND,NAVIGATE,TAKEOFF_REPOSITION_FAILED,True,True,False,True,True,False,21,21,approved_takeoff,unreachable_current_episode,False,takeoff_reposition_failed:timeout,0.000000
38.800000,3.911385,1.417143,0.065872,0.228057,0.000296,0.005352,TAKEOFF,GROUND,NAVIGATE,TAKEOFF_REPOSITION_FAILED,True,True,False,True,True,False,21,21,approved_takeoff,unreachable_current_episode,False,takeoff_reposition_failed:timeout,0.000000
38.899000,3.934122,1.417144,0.065867,0.230976,0.001232,-0.005387,TAKEOFF,GROUND,NAVIGATE,TAKEOFF_REPOSITION_FAILED,True,True,False,True,True,False,21,21,approved_takeoff,unreachable_current_episode,False,takeoff_reposition_failed:timeout,0.000000
38.999000,3.957302,1.417144,0.065867,0.232405,0.001246,-0.005393,TAKEOFF,GROUND,NAVIGATE,TAKEOFF_REPOSITION_FAILED,True,True,False,True,True,False,21,21,approved_takeoff,unreachable_current_episode,False,takeoff_reposition_failed:timeout,0.000000
39.099000,3.980571,1.417144,0.065867,0.232841,0.001255,-0.005362,TAKEOFF,GROUND,NAVIGATE,TAKEOFF_REPOSITION_FAILED,True,True,False,True,True,False,21,21,approved_takeoff,unreachable_current_episode,False,takeoff_reposition_failed:timeout,0.000000
39.198000,4.003621,1.417143,0.065872,0.232281,0.000332,0.004588,TAKEOFF,GROUND,NAVIGATE,TAKEOFF_REPOSITION_FAILED,True,True,False,True,True,False,21,21,approved_takeoff,unreachable_current_episode,False,takeoff_reposition_failed:timeout,0.000000
39.298000,4.026874,1.417143,0.065872,0.231815,0.000323,0.004664,TAKEOFF,GROUND,NAVIGATE,TAKEOFF_REPOSITION_FAILED,True,True,False,True,True,False,21,21,approved_takeoff,unreachable_current_episode,False,takeoff_reposition_failed:timeout,0.000000
39.398000,4.050071,1.417143,0.065872,0.231180,0.000316,0.004747,TAKEOFF,GROUND,NAVIGATE,TAKEOFF_REPOSITION_FAILED,True,True,False,True,True,False,21,21,approved_takeoff,unreachable_current_episode,False,takeoff_reposition_failed:timeout,0.000000
39.498000,4.073200,1.417143,0.065872,0.230462,0.000312,0.004838,TAKEOFF,GROUND,NAVIGATE,TAKEOFF_REPOSITION_FAILED,True,True,False,True,True,False,21,21,approved_takeoff,unreachable_current_episode,False,takeoff_reposition_failed:timeout,0.000000
39.597000,4.096021,1.417144,0.065867,0.230400,0.001219,-0.004932,TAKEOFF,GROUND,NAVIGATE,TAKEOFF_REPOSITION_FAILED,True,True,False,True,True,False,21,21,approved_takeoff,unreachable_current_episode,False,takeoff_reposition_failed:timeout,0.000000
39.697000,4.118994,1.417144,0.065867,0.229550,0.001208,-0.004943,TAKEOFF,GROUND,NAVIGATE,TAKEOFF_REPOSITION_FAILED,True,True,False,True,True,False,21,21,approved_takeoff,unreachable_current_episode,False,takeoff_reposition_failed:timeout,0.000000
39.797000,4.141882,1.417144,0.065867,0.228671,0.001213,-0.004946,TAKEOFF,GROUND,NAVIGATE,TAKEOFF_REPOSITION_FAILED,True,True,False,True,True,False,21,21,approved_takeoff,unreachable_current_episode,False,takeoff_reposition_failed:timeout,0.000000
39.896000,4.164452,1.417143,0.065872,0.227315,0.000293,0.004948,TAKEOFF,GROUND,NAVIGATE,TAKEOFF_REPOSITION_FAILED,True,True,False,True,True,False,21,21,approved_takeoff,unreachable_current_episode,False,takeoff_reposition_failed:timeout,0.000000
39.996000,4.187157,1.417142,0.065872,0.226369,0.000285,0.004952,TAKEOFF,GROUND,NAVIGATE,TAKEOFF_REPOSITION_FAILED,True,True,False,True,True,False,21,21,approved_takeoff,unreachable_current_episode,False,takeoff_reposition_failed:timeout,0.000000
40.096000,4.209767,1.417142,0.065872,0.225418,0.000280,0.004953,GROUND,GROUND,NAVIGATE,GROUND_DRIVE,True,True,False,True,True,False,21,21,approved_takeoff,unreachable_current_episode,False,takeoff_reposition_failed:timeout,0.000000
40.195000,4.232056,1.417144,0.065867,0.224896,0.001216,-0.004954,GROUND,GROUND,NAVIGATE,GROUND_DRIVE,True,True,False,True,True,False,21,21,approved_takeoff,unreachable_current_episode,False,takeoff_reposition_failed:timeout,0.000000
40.295000,4.254477,1.417144,0.065867,0.223951,0.001211,-0.004952,GROUND,GROUND,NAVIGATE,GROUND_DRIVE,True,True,False,True,True,False,21,21,approved_takeoff,unreachable_current_episode,False,takeoff_reposition_failed:timeout,0.000000
40.395000,4.276804,1.417144,0.065867,0.223013,0.001203,-0.004947,GROUND,GROUND,NAVIGATE,GROUND_DRIVE,True,True,False,True,True,False,21,21,approved_takeoff,unreachable_current_episode,False,takeoff_reposition_failed:timeout,0.000000
40.495000,4.299038,1.417144,0.065867,0.222087,0.001191,-0.004940,GROUND,GROUND,NAVIGATE,GROUND_DRIVE,True,True,False,True,True,False,21,21,approved_takeoff,unreachable_current_episode,False,takeoff_reposition_failed:timeout,0.000000
40.594000,4.320960,1.417142,0.065872,0.220810,0.000294,0.004928,GROUND,GROUND,NAVIGATE,GROUND_DRIVE,True,True,False,True,True,False,21,21,approved_takeoff,unreachable_current_episode,False,takeoff_reposition_failed:timeout,0.000000
40.694000,4.343015,1.417142,0.065872,0.219923,0.000298,0.004922,GROUND,GROUND,NAVIGATE,GROUND_DRIVE,True,True,False,True,True,False,21,21,approved_takeoff,unreachable_current_episode,False,takeoff_reposition_failed:timeout,0.000000
40.794000,4.364979,1.417142,0.065872,0.218987,0.000283,0.004931,GROUND,GROUND,NAVIGATE,GROUND_DRIVE,True,True,False,True,True,False,21,21,approved_takeoff,unreachable_current_episode,False,takeoff_reposition_failed:timeout,0.000000
40.893000,4.386630,1.417143,0.065867,0.218409,0.001182,-0.004943,GROUND,GROUND,NAVIGATE,GROUND_DRIVE,True,True,False,True,True,False,21,21,approved_takeoff,unreachable_current_episode,False,takeoff_reposition_failed:timeout,0.000000
40.993000,4.408400,1.417143,0.065867,0.217414,0.001186,-0.004949,GROUND,GROUND,NAVIGATE,GROUND_DRIVE,True,True,False,True,True,False,21,21,approved_takeoff,unreachable_current_episode,False,takeoff_reposition_failed:timeout,0.000000
41.093000,4.430070,1.417143,0.065867,0.216418,0.001185,-0.004951,GROUND,GROUND,NAVIGATE,GROUND_DRIVE,True,True,False,True,True,False,21,21,approved_takeoff,unreachable_current_episode,False,takeoff_reposition_failed:timeout,0.000000
41.193000,4.451640,1.417143,0.065867,0.215430,0.001181,-0.004951,GROUND,GROUND,NAVIGATE,GROUND_DRIVE,True,True,False,True,True,False,21,21,approved_takeoff,unreachable_current_episode,False,takeoff_reposition_failed:timeout,0.000000
41.292000,4.472898,1.417142,0.065872,0.214026,0.000248,0.004947,GROUND,GROUND,NAVIGATE,GROUND_DRIVE,True,True,False,True,True,False,21,21,approved_takeoff,unreachable_current_episode,False,takeoff_reposition_failed:timeout,0.000000
41.392000,4.494273,1.417142,0.065872,0.213058,0.000252,0.004942,GROUND,GROUND,NAVIGATE,GROUND_DRIVE,True,True,False,True,True,False,21,21,approved_takeoff,unreachable_current_episode,False,takeoff_reposition_failed:timeout,0.000000
41.492000,4.515554,1.417142,0.065872,0.212108,0.000256,0.004937,GROUND,GROUND,NAVIGATE,GROUND_DRIVE,True,True,False,True,True,False,21,21,approved_takeoff,unreachable_current_episode,False,takeoff_reposition_failed:timeout,0.000000
41.591000,4.536528,1.417143,0.065867,0.211626,0.001151,-0.004939,GROUND,GROUND,NAVIGATE,GROUND_DRIVE,True,True,False,True,True,False,21,21,approved_takeoff,unreachable_current_episode,False,takeoff_reposition_failed:timeout,0.000000
41.691000,4.557619,1.417143,0.065867,0.210634,0.001157,-0.004945,GROUND,GROUND,NAVIGATE,GROUND_DRIVE,True,True,False,True,True,False,21,21,approved_takeoff,unreachable_current_episode,False,takeoff_reposition_failed:timeout,0.000000
41.791000,4.578609,1.417143,0.065867,0.209612,0.001161,-0.004950,GROUND,GROUND,NAVIGATE,GROUND_DRIVE,True,True,False,True,True,False,21,21,approved_takeoff,unreachable_current_episode,False,takeoff_reposition_failed:timeout,0.000000
41.890000,4.599288,1.417142,0.065872,0.208163,0.000221,0.004952,GROUND,GROUND,NAVIGATE,GROUND_DRIVE,True,True,False,True,True,False,21,21,approved_takeoff,unreachable_current_episode,False,takeoff_reposition_failed:timeout,0.000000
41.990000,4.620074,1.417142,0.065872,0.207142,0.000216,0.004953,GROUND,GROUND,NAVIGATE,GROUND_DRIVE,True,True,False,True,True,False,21,21,approved_takeoff,unreachable_current_episode,False,takeoff_reposition_failed:timeout,0.000000
42.090000,4.640758,1.417142,0.065872,0.206129,0.000213,0.004952,GROUND,GROUND,NAVIGATE,GROUND_DRIVE,True,True,False,True,True,False,21,21,approved_takeoff,unreachable_current_episode,False,takeoff_reposition_failed:timeout,0.000000
42.190000,4.661342,1.417142,0.065872,0.205124,0.000212,0.004950,GROUND,GROUND,NAVIGATE,GROUND_DRIVE,True,True,False,True,True,False,21,21,approved_takeoff,unreachable_current_episode,False,takeoff_reposition_failed:timeout,0.000000
42.289000,4.681620,1.417143,0.065867,0.204550,0.001144,-0.004948,GROUND,GROUND,NAVIGATE,GROUND_DRIVE,True,True,False,True,True,False,21,21,approved_takeoff,unreachable_current_episode,False,takeoff_reposition_failed:timeout,0.000000
42.389000,4.702005,1.417143,0.065867,0.203559,0.001134,-0.004942,GROUND,GROUND,NAVIGATE,GROUND_DRIVE,True,True,False,True,True,False,21,21,approved_takeoff,unreachable_current_episode,False,takeoff_reposition_failed:timeout,0.000000
42.489000,4.722292,1.417143,0.065867,0.202582,0.001120,-0.004932,GROUND,GROUND,NAVIGATE,GROUND_DRIVE,True,True,False,True,True,False,21,21,approved_takeoff,unreachable_current_episode,False,takeoff_reposition_failed:timeout,0.000000
42.588000,4.742281,1.417142,0.065872,0.201255,0.000231,0.004923,GROUND,GROUND,NAVIGATE,GROUND_DRIVE,True,True,False,True,True,False,21,21,approved_takeoff,unreachable_current_episode,False,takeoff_reposition_failed:timeout,0.000000
42.688000,4.762377,1.417142,0.065872,0.200287,0.000225,0.004925,GROUND,GROUND,NAVIGATE,GROUND_DRIVE,True,True,False,True,True,False,21,21,approved_takeoff,unreachable_current_episode,False,takeoff_reposition_failed:timeout,0.000000
42.788000,4.782374,1.417142,0.065872,0.199264,0.000209,0.004935,GROUND,GROUND,NAVIGATE,GROUND_DRIVE,True,True,False,True,True,False,21,21,approved_takeoff,unreachable_current_episode,False,takeoff_reposition_failed:timeout,0.000000
42.887000,4.802069,1.417143,0.065867,0.198630,0.001121,-0.004944,GROUND,GROUND,NAVIGATE,GROUND_DRIVE,True,True,False,True,True,False,21,21,approved_takeoff,unreachable_current_episode,False,takeoff_reposition_failed:timeout,0.000000
42.987000,4.821859,1.417143,0.065867,0.197576,0.001123,-0.004948,GROUND,GROUND,NAVIGATE,GROUND_DRIVE,True,True,False,True,True,False,21,21,approved_takeoff,unreachable_current_episode,False,takeoff_reposition_failed:timeout,0.000000
43.087000,4.841542,1.417143,0.065867,0.196525,0.001121,-0.004950,GROUND,GROUND,NAVIGATE,GROUND_DRIVE,True,True,False,True,True,False,21,21,approved_takeoff,unreachable_current_episode,False,takeoff_reposition_failed:timeout,0.000000
43.187000,4.861120,1.417143,0.065867,0.195483,0.001117,-0.004950,GROUND,GROUND,NAVIGATE,GROUND_DRIVE,True,True,False,True,True,False,21,21,approved_takeoff,unreachable_current_episode,False,takeoff_reposition_failed:timeout,0.000000
43.286000,4.880401,1.417142,0.065872,0.194020,0.000178,0.004947,GROUND,GROUND,NAVIGATE,GROUND_DRIVE,True,True,False,True,True,False,21,21,approved_takeoff,unreachable_current_episode,False,takeoff_reposition_failed:timeout,0.000000
43.386000,4.899774,1.417142,0.065872,0.192997,0.000181,0.004942,GROUND,GROUND,NAVIGATE,GROUND_DRIVE,True,True,False,True,True,False,21,21,approved_takeoff,unreachable_current_episode,False,takeoff_reposition_failed:timeout,0.000000
43.486000,4.919046,1.417142,0.065872,0.191990,0.000185,0.004937,GROUND,GROUND,NAVIGATE,GROUND_DRIVE,True,True,False,True,True,False,21,21,approved_takeoff,unreachable_current_episode,False,takeoff_reposition_failed:timeout,0.000000
43.585000,4.938027,1.417143,0.065867,0.191468,0.001084,-0.004936,GROUND,GROUND,NAVIGATE,GROUND_DRIVE,True,True,False,True,True,False,21,21,approved_takeoff,unreachable_current_episode,False,takeoff_reposition_failed:timeout,0.000000
43.685000,4.957099,1.417143,0.065867,0.190441,0.001087,-0.004941,GROUND,GROUND,NAVIGATE,GROUND_DRIVE,True,True,False,True,True,False,21,21,approved_takeoff,unreachable_current_episode,False,takeoff_reposition_failed:timeout,0.000000
43.785000,4.976068,1.417143,0.065867,0.189379,0.001092,-0.004947,GROUND,GROUND,NAVIGATE,GROUND_DRIVE,True,True,False,True,True,False,21,21,approved_takeoff,unreachable_current_episode,False,takeoff_reposition_failed:timeout,0.000000
43.884000,4.994741,1.417142,0.065872,0.187872,0.000153,0.004949,GROUND,GROUND,NAVIGATE,GROUND_DRIVE,True,True,False,True,True,False,21,21,approved_takeoff,unreachable_current_episode,False,takeoff_reposition_failed:timeout,0.000000
43.984000,5.013497,1.417142,0.065872,0.186800,0.000146,0.004951,GROUND,GROUND,NAVIGATE,GROUND_DRIVE,True,True,False,True,True,False,21,21,approved_takeoff,unreachable_current_episode,False,takeoff_reposition_failed:timeout,0.000000
44.084000,5.032145,1.417142,0.065872,0.185733,0.000142,0.004952,GROUND,GROUND,NAVIGATE,GROUND_DRIVE,True,True,False,True,True,False,21,21,approved_takeoff,unreachable_current_episode,False,takeoff_reposition_failed:timeout,0.000000
44.184000,5.050687,1.417142,0.065872,0.184673,0.000139,0.004951,GROUND,GROUND,NAVIGATE,GROUND_DRIVE,True,True,False,True,True,False,21,21,approved_takeoff,unreachable_current_episode,False,takeoff_reposition_failed:timeout,0.000000
44.283000,5.068939,1.417143,0.065867,0.184057,0.001082,-0.004950,GROUND,GROUND,NAVIGATE,GROUND_DRIVE,True,True,False,True,True,False,21,21,approved_takeoff,unreachable_current_episode,False,takeoff_reposition_failed:timeout,0.000000
44.383000,5.087271,1.417143,0.065867,0.183009,0.001075,-0.004947,GROUND,GROUND,NAVIGATE,GROUND_DRIVE,True,True,False,True,True,False,21,21,approved_takeoff,unreachable_current_episode,False,takeoff_reposition_failed:timeout,0.000000
44.483000,5.105499,1.417143,0.065867,0.181970,0.001067,-0.004943,GROUND,GROUND,NAVIGATE,GROUND_DRIVE,True,True,False,True,True,False,21,21,approved_takeoff,unreachable_current_episode,False,takeoff_reposition_failed:timeout,0.000000
44.582000,5.123443,1.417142,0.065872,0.180551,0.000144,0.004935,GROUND,GROUND,NAVIGATE,GROUND_DRIVE,True,True,False,True,True,False,21,21,approved_takeoff,unreachable_current_episode,False,takeoff_reposition_failed:timeout,0.000000
44.682000,5.141468,1.417142,0.065872,0.179553,0.000151,0.004926,GROUND,GROUND,NAVIGATE,GROUND_DRIVE,True,True,False,True,True,False,21,21,approved_takeoff,unreachable_current_episode,False,takeoff_reposition_failed:timeout,0.000000
44.782000,5.159393,1.417142,0.065872,0.178555,0.000152,0.004922,GROUND,GROUND,NAVIGATE,GROUND_DRIVE,True,True,False,True,True,False,21,21,approved_takeoff,unreachable_current_episode,False,takeoff_reposition_failed:timeout,0.000000
44.881000,5.177039,1.417143,0.065867,0.177925,0.001036,-0.004928,GROUND,GROUND,NAVIGATE,GROUND_DRIVE,True,True,False,True,True,False,21,21,approved_takeoff,unreachable_current_episode,False,takeoff_reposition_failed:timeout,0.000000
44.981000,5.194759,1.417143,0.065867,0.176868,0.001043,-0.004937,GROUND,GROUND,NAVIGATE,GROUND_DRIVE,True,True,False,True,True,False,21,21,approved_takeoff,unreachable_current_episode,False,takeoff_reposition_failed:timeout,0.000000
45.081000,5.212371,1.417143,0.065867,0.175784,0.001048,-0.004943,GROUND,GROUND,NAVIGATE,GROUND_DRIVE,True,True,False,True,True,False,21,21,approved_takeoff,unreachable_current_episode,False,takeoff_reposition_failed:timeout,0.000000
45.181000,5.229873,1.417143,0.065867,0.174694,0.001049,-0.004947,GROUND,GROUND,NAVIGATE,GROUND_DRIVE,True,True,False,True,True,False,21,21,approved_takeoff,unreachable_current_episode,False,takeoff_reposition_failed:timeout,0.000000
45.280000,5.247093,1.417142,0.065872,0.173183,0.000102,0.004948,GROUND,GROUND,NAVIGATE,GROUND_DRIVE,True,True,False,True,True,False,21,21,approved_takeoff,unreachable_current_episode,False,takeoff_reposition_failed:timeout,0.000000
45.380000,5.264379,1.417142,0.065872,0.172100,0.000099,0.004948,GROUND,GROUND,NAVIGATE,GROUND_DRIVE,True,True,False,True,True,False,21,21,approved_takeoff,unreachable_current_episode,False,takeoff_reposition_failed:timeout,0.000000
45.480000,5.281558,1.417142,0.065872,0.171028,0.000097,0.004947,GROUND,GROUND,NAVIGATE,GROUND_DRIVE,True,True,False,True,True,False,21,21,approved_takeoff,unreachable_current_episode,False,takeoff_reposition_failed:timeout,0.000000
45.579000,5.298460,1.417143,0.065867,0.170435,0.001030,-0.004944,GROUND,GROUND,NAVIGATE,GROUND_DRIVE,True,True,False,True,True,False,21,21,approved_takeoff,unreachable_current_episode,False,takeoff_reposition_failed:timeout,0.000000
45.679000,5.315429,1.417143,0.065867,0.169399,0.001020,-0.004940,GROUND,GROUND,NAVIGATE,GROUND_DRIVE,True,True,False,True,True,False,21,21,approved_takeoff,unreachable_current_episode,False,takeoff_reposition_failed:timeout,0.000000
45.779000,5.332294,1.417143,0.065867,0.168375,0.001010,-0.004935,GROUND,GROUND,NAVIGATE,GROUND_DRIVE,True,True,False,True,True,False,21,21,approved_takeoff,unreachable_current_episode,False,takeoff_reposition_failed:timeout,0.000000
45.879000,5.349056,1.417143,0.065867,0.167347,0.001006,-0.004935,GROUND,GROUND,NAVIGATE,GROUND_DRIVE,True,True,False,True,True,False,21,21,approved_takeoff,unreachable_current_episode,False,takeoff_reposition_failed:timeout,0.000000
45.978000,5.365549,1.417142,0.065872,0.165834,0.000091,0.004938,GROUND,GROUND,NAVIGATE,GROUND_DRIVE,True,True,False,True,True,False,21,21,approved_takeoff,unreachable_current_episode,False,takeoff_reposition_failed:timeout,0.000000
46.078000,5.382102,1.417142,0.065872,0.164759,0.000079,0.004944,GROUND,GROUND,NAVIGATE,GROUND_DRIVE,True,True,False,True,True,False,21,21,approved_takeoff,unreachable_current_episode,False,takeoff_reposition_failed:timeout,0.000000
46.178000,5.398546,1.417141,0.065872,0.163668,0.000070,0.004947,GROUND,GROUND,NAVIGATE,GROUND_DRIVE,True,True,False,True,True,False,21,21,approved_takeoff,unreachable_current_episode,False,takeoff_reposition_failed:timeout,0.000000
46.277000,5.414718,1.417143,0.065867,0.163030,0.001014,-0.004950,GROUND,GROUND,NAVIGATE,GROUND_DRIVE,True,True,False,True,True,False,21,21,approved_takeoff,unreachable_current_episode,False,takeoff_reposition_failed:timeout,0.000000
46.377000,5.430944,1.417143,0.065867,0.161938,0.001012,-0.004951,GROUND,GROUND,NAVIGATE,GROUND_DRIVE,True,True,False,True,True,False,21,21,approved_takeoff,unreachable_current_episode,False,takeoff_reposition_failed:timeout,0.000000
46.477000,5.447062,1.417143,0.065867,0.160854,0.001009,-0.004951,GROUND,GROUND,NAVIGATE,GROUND_DRIVE,True,True,False,True,True,False,21,21,approved_takeoff,unreachable_current_episode,False,takeoff_reposition_failed:timeout,0.000000
46.576000,5.462912,1.417141,0.065872,0.159352,0.000052,0.004950,GROUND,GROUND,NAVIGATE,GROUND_DRIVE,True,True,False,True,True,False,21,21,approved_takeoff,unreachable_current_episode,False,takeoff_reposition_failed:timeout,0.000000
46.676000,5.478815,1.417141,0.065872,0.158287,0.000049,0.004948,GROUND,GROUND,NAVIGATE,GROUND_DRIVE,True,True,False,True,True,False,21,21,approved_takeoff,unreachable_current_episode,False,takeoff_reposition_failed:timeout,0.000000
46.776000,5.494613,1.417141,0.065872,0.157230,0.000049,0.004946,GROUND,GROUND,NAVIGATE,GROUND_DRIVE,True,True,False,True,True,False,21,21,approved_takeoff,unreachable_current_episode,False,takeoff_reposition_failed:timeout,0.000000
46.876000,5.510439,1.416593,0.065872,0.160956,-0.012138,0.004930,GROUND,GROUND,NAVIGATE,GROUND_DRIVE,True,True,False,True,True,False,21,21,approved_takeoff,unreachable_current_episode,False,takeoff_reposition_failed:timeout,0.000000
46.975000,5.527011,1.414284,0.065867,0.175841,-0.027444,-0.004933,GROUND,GROUND,NAVIGATE,GROUND_DRIVE,True,True,False,True,True,False,21,21,approved_takeoff,unreachable_current_episode,False,takeoff_reposition_failed:timeout,0.000000
47.075000,5.545361,1.409777,0.065867,0.196684,-0.043920,-0.004931,GROUND,GROUND,NAVIGATE,GROUND_DRIVE,True,True,False,True,True,False,21,21,approved_takeoff,unreachable_current_episode,False,takeoff_reposition_failed:timeout,0.000000
47.175000,5.565576,1.402165,0.065867,0.222650,-0.065354,-0.004930,GROUND,GROUND,NAVIGATE,GROUND_DRIVE,True,True,False,True,True,False,21,21,approved_takeoff,unreachable_current_episode,False,takeoff_reposition_failed:timeout,0.000000
47.274000,5.587188,1.389858,0.065872,0.254301,-0.093955,0.004931,GROUND,GROUND,NAVIGATE,GROUND_DRIVE,True,True,False,True,True,False,21,21,approved_takeoff,unreachable_current_episode,False,takeoff_reposition_failed:timeout,0.000000
47.374000,5.610382,1.371542,0.065872,0.301219,-0.104875,0.004935,GROUND,GROUND,NAVIGATE,GROUND_DRIVE,True,True,False,True,True,False,21,21,approved_takeoff,unreachable_current_episode,False,takeoff_reposition_failed:timeout,0.000000
47.474000,5.636288,1.349354,0.065872,0.345576,0.034309,0.000000,GROUND,GROUND,NAVIGATE,GROUND_DRIVE,True,True,False,True,True,False,21,21,approved_takeoff,unreachable_current_episode,False,takeoff_reposition_failed:timeout,0.000000
47.573000,5.665573,1.330836,0.065872,0.354067,0.007366,0.000118,GROUND,GROUND,NAVIGATE,GROUND_DRIVE,True,True,False,True,True,False,21,21,approved_takeoff,unreachable_current_episode,False,takeoff_reposition_failed:timeout,0.000000
47.673000,5.692863,1.306057,0.065872,0.387610,0.017962,0.002638,GROUND,GROUND,NAVIGATE,GROUND_DRIVE,True,True,False,True,True,False,21,21,approved_takeoff,unreachable_current_episode,False,takeoff_reposition_failed:timeout,0.000000
47.773000,5.720324,1.276101,0.065872,0.407875,0.086145,0.003777,GROUND,GROUND,NAVIGATE,GROUND_DRIVE,True,True,False,True,True,False,21,21,approved_takeoff,unreachable_current_episode,False,takeoff_reposition_failed:timeout,0.000000
47.873000,5.747906,1.244571,0.065872,0.387440,0.174278,0.004274,GROUND,GROUND,NAVIGATE,GROUND_DRIVE,True,True,False,True,True,False,21,21,approved_takeoff,unreachable_current_episode,False,takeoff_reposition_failed:timeout,0.000000
47.972000,5.775692,1.212890,0.065868,0.348900,0.249699,-0.004510,GROUND,GROUND,NAVIGATE,GROUND_DRIVE,True,True,False,True,True,False,21,21,approved_takeoff,unreachable_current_episode,False,takeoff_reposition_failed:timeout,0.000000
48.072000,5.804223,1.181230,0.065868,0.303357,0.303442,-0.004606,GROUND,GROUND,NAVIGATE,GROUND_DRIVE,True,True,False,True,True,False,21,21,approved_takeoff,unreachable_current_episode,False,takeoff_reposition_failed:timeout,0.000000
48.172000,5.833208,1.149954,0.065868,0.263202,0.338792,-0.004648,GROUND,GROUND,NAVIGATE,GROUND_DRIVE,True,True,False,True,True,True,21,21,approved_takeoff,unreachable_current_episode,False,takeoff_reposition_failed:timeout,0.000000
48.271000,5.862344,1.119340,0.065872,0.233377,0.359129,0.005230,GROUND,GROUND,NAVIGATE,GROUND_DRIVE,True,True,False,True,True,True,21,21,approved_takeoff,unreachable_current_episode,False,takeoff_reposition_failed:timeout,0.000000
48.371000,5.892209,1.088751,0.065872,0.216745,0.369376,0.005222,GROUND,GROUND,NAVIGATE,GROUND_DRIVE,True,True,False,True,True,True,22,21,approved_takeoff,unreachable_current_episode,False,takeoff_reposition_failed:timeout,0.000000
48.471000,5.922499,1.058485,0.065872,0.214597,0.370620,0.005218,GROUND,GROUND,NAVIGATE,GROUND_DRIVE,True,True,False,True,True,True,22,21,approved_takeoff,unreachable_current_episode,False,takeoff_reposition_failed:timeout,0.000000
48.570000,5.952894,1.028837,0.065867,0.226107,0.363423,-0.005203,GROUND,GROUND,NAVIGATE,GROUND_DRIVE,True,True,False,True,True,True,22,21,approved_takeoff,unreachable_current_episode,False,takeoff_reposition_failed:timeout,0.000000
48.670000,5.983998,0.999214,0.065867,0.252201,0.345821,-0.005202,GROUND,GROUND,NAVIGATE,GROUND_DRIVE,True,True,False,True,True,True,22,21,approved_takeoff,unreachable_current_episode,False,takeoff_reposition_failed:timeout,0.000000
48.770000,6.015486,0.969924,0.065867,0.288184,0.316655,-0.005202,GROUND,GROUND,NAVIGATE,GROUND_DRIVE,True,True,False,True,True,True,23,21,approved_takeoff,unreachable_current_episode,False,takeoff_reposition_failed:timeout,0.000000
48.870000,6.047116,0.940786,0.065867,0.323925,0.279997,-0.005201,GROUND,GROUND,NAVIGATE,GROUND_DRIVE,True,True,False,True,True,True,23,21,approved_takeoff,unreachable_current_episode,False,takeoff_reposition_failed:timeout,0.000000
48.969000,6.078409,0.911952,0.065872,0.353800,0.239917,0.004666,GROUND,GROUND,NAVIGATE,GROUND_DRIVE,True,True,False,True,True,True,23,21,approved_takeoff,unreachable_current_episode,False,takeoff_reposition_failed:timeout,0.000000
49.069000,6.109886,0.882734,0.065872,0.376907,0.201652,0.004666,GROUND,GROUND,NAVIGATE,GROUND_DRIVE,True,True,False,True,True,True,23,21,approved_takeoff,unreachable_current_episode,False,takeoff_reposition_failed:timeout,0.000000
49.169000,6.141153,0.853344,0.065872,0.392966,0.168158,0.004666,GROUND,GROUND,NAVIGATE,GROUND_DRIVE,True,True,False,True,True,True,24,21,approved_takeoff,unreachable_current_episode,False,takeoff_reposition_failed:timeout,0.000000
49.268000,6.171928,0.824093,0.065867,0.405662,0.140588,-0.004681,GROUND,GROUND,NAVIGATE,GROUND_DRIVE,True,True,False,True,True,True,24,21,approved_takeoff,unreachable_current_episode,False,takeoff_reposition_failed:timeout,0.000000
49.368000,6.202864,0.794414,0.065867,0.413182,0.116597,-0.004680,GROUND,GROUND,NAVIGATE,GROUND_DRIVE,True,True,False,True,True,True,24,21,approved_takeoff,unreachable_current_episode,False,takeoff_reposition_failed:timeout,0.000000
49.468000,6.233678,0.764625,0.065867,0.418305,0.096567,-0.004678,GROUND,GROUND,NAVIGATE,GROUND_DRIVE,True,True,False,True,True,True,24,21,approved_takeoff,unreachable_current_episode,False,takeoff_reposition_failed:timeout,0.000000
49.568000,6.264393,0.734746,0.065868,0.421794,0.079911,-0.004676,GROUND,GROUND,NAVIGATE,GROUND_DRIVE,True,True,False,True,True,True,25,21,approved_takeoff,unreachable_current_episode,False,takeoff_reposition_failed:timeout,0.000000
49.667000,6.294721,0.705091,0.065872,0.423479,0.066156,0.005225,GROUND,GROUND,NAVIGATE,GROUND_DRIVE,True,True,False,True,True,True,25,21,approved_takeoff,unreachable_current_episode,False,takeoff_reposition_failed:timeout,0.000000
49.767000,6.325288,0.675073,0.065872,0.425104,0.054710,0.005228,GROUND,GROUND,NAVIGATE,GROUND_DRIVE,True,True,False,True,True,True,25,21,approved_takeoff,unreachable_current_episode,False,takeoff_reposition_failed:timeout,0.000000
49.867000,6.355802,0.645004,0.065872,0.426211,0.045243,0.005230,GROUND,GROUND,NAVIGATE,GROUND_DRIVE,True,True,False,True,True,True,25,21,approved_takeoff,unreachable_current_episode,False,takeoff_reposition_failed:timeout,0.000000
49.966000,6.385966,0.615192,0.065867,0.426512,0.037130,-0.005216,GROUND,GROUND,NAVIGATE,GROUND_DRIVE,True,True,False,True,True,True,26,21,approved_takeoff,unreachable_current_episode,False,takeoff_reposition_failed:timeout,0.000000
50.066000,6.416216,0.585234,0.065867,0.394172,0.029111,-0.005217,TAKEOFF,TAKEOFF,NAVIGATE,PRE_TAKEOFF_BRAKE,True,True,False,True,True,True,26,21,approved_takeoff,unreachable_current_episode,False,takeoff_reposition_failed:timeout,0.000000
50.166000,6.436472,0.565222,0.065867,0.175474,0.013078,-0.005223,TAKEOFF,TAKEOFF,NAVIGATE,PRE_TAKEOFF_BRAKE,True,True,False,True,True,True,26,21,approved_takeoff,unreachable_current_episode,False,takeoff_reposition_failed:timeout,0.000000
50.265000,6.441587,0.560199,0.065872,0.000844,0.000229,0.004651,TAKEOFF,TAKEOFF,NAVIGATE,PRE_TAKEOFF_BRAKE,True,True,False,True,True,True,26,21,approved_takeoff,unreachable_current_episode,False,takeoff_reposition_failed:timeout,0.000000
50.365000,6.441574,0.560216,0.065872,-0.000265,-0.000499,0.004655,TAKEOFF,TAKEOFF,NAVIGATE,PRE_TAKEOFF_BRAKE,True,True,False,True,True,True,26,21,approved_takeoff,unreachable_current_episode,False,takeoff_reposition_failed:timeout,0.000000
50.465000,6.441524,0.560220,0.065872,-0.000248,-0.000558,0.004654,TAKEOFF,TAKEOFF,NAVIGATE,PRE_TAKEOFF_BRAKE,True,True,False,True,True,True,26,21,approved_takeoff,unreachable_current_episode,False,takeoff_reposition_failed:timeout,0.000000
50.565000,6.441469,0.560220,0.065872,-0.000628,-0.000945,0.004535,TAKEOFF,TAKEOFF,NAVIGATE,RELEASE_AND_ARM,False,False,False,True,True,True,27,21,approved_takeoff,unreachable_current_episode,False,takeoff_reposition_failed:timeout,0.000000
50.664000,6.441317,0.560205,0.066141,-0.000620,-0.001139,0.030248,TAKEOFF,TAKEOFF,NAVIGATE,TAKEOFF_VERTICAL,False,False,True,False,True,True,27,21,approved_takeoff,unreachable_current_episode,False,takeoff_reposition_failed:timeout,762.872673
50.764000,6.441172,0.560166,0.081353,-0.000694,-0.001496,0.270432,TAKEOFF,TAKEOFF,NAVIGATE,TAKEOFF_VERTICAL,False,False,True,False,True,True,27,21,approved_takeoff,unreachable_current_episode,False,takeoff_reposition_failed:timeout,765.496917
50.864000,6.441019,0.560119,0.119193,-0.000656,-0.001513,0.477180,TAKEOFF,TAKEOFF,NAVIGATE,TAKEOFF_VERTICAL,False,False,True,False,True,True,27,21,approved_takeoff,unreachable_current_episode,False,takeoff_reposition_failed:timeout,751.895158
50.963000,6.440889,0.560077,0.174928,-0.000552,-0.001285,0.640439,TAKEOFF,TAKEOFF,NAVIGATE,TAKEOFF_VERTICAL,False,False,True,False,True,True,27,21,approved_takeoff,unreachable_current_episode,False,takeoff_reposition_failed:timeout,738.711190
51.063000,6.440785,0.560044,0.245629,-0.000449,-0.001046,0.765986,TAKEOFF,TAKEOFF,NAVIGATE,TAKEOFF_VERTICAL,False,False,True,False,True,True,27,21,approved_takeoff,unreachable_current_episode,False,takeoff_reposition_failed:timeout,726.084825
51.163000,6.440708,0.560018,0.327021,-0.000344,-0.000810,0.855215,TAKEOFF,TAKEOFF,NAVIGATE,TAKEOFF_VERTICAL,False,False,True,False,True,True,27,21,approved_takeoff,unreachable_current_episode,False,takeoff_reposition_failed:timeout,714.499426
51.262000,6.440657,0.560001,0.414742,-0.000241,-0.000576,0.911282,TAKEOFF,TAKEOFF,NAVIGATE,TAKEOFF_VERTICAL,False,False,True,False,True,True,27,21,approved_takeoff,unreachable_current_episode,False,takeoff_reposition_failed:timeout,703.965252
51.362000,6.440628,0.559992,0.507495,-0.000145,-0.000353,0.938958,TAKEOFF,TAKEOFF,NAVIGATE,TAKEOFF_VERTICAL,False,False,True,False,True,True,27,21,approved_takeoff,unreachable_current_episode,False,takeoff_reposition_failed:timeout,694.567427
51.462000,6.440620,0.559989,0.601707,-0.000058,-0.000150,0.941390,TAKEOFF,TAKEOFF,NAVIGATE,TAKEOFF_VERTICAL,False,False,True,False,True,True,27,21,approved_takeoff,unreachable_current_episode,False,takeoff_reposition_failed:timeout,686.385876
51.562000,6.440630,0.559991,0.695052,0.000020,0.000030,0.922444,TAKEOFF,TAKEOFF,NAVIGATE,TAKEOFF_VERTICAL,False,False,True,False,True,True,27,21,approved_takeoff,unreachable_current_episode,False,takeoff_reposition_failed:timeout,679.466112
51.661000,6.440654,0.559998,0.784687,0.000085,0.000184,0.886108,TAKEOFF,TAKEOFF,NAVIGATE,TAKEOFF_VERTICAL,False,False,True,False,True,True,27,21,approved_takeoff,unreachable_current_episode,False,takeoff_reposition_failed:timeout,673.771230
51.761000,6.440690,0.560009,0.870832,0.000140,0.000314,0.835212,TAKEOFF,TAKEOFF,NAVIGATE,TAKEOFF_VERTICAL,False,False,True,False,True,True,27,21,approved_takeoff,unreachable_current_episode,False,takeoff_reposition_failed:timeout,669.260052
51.861000,6.440736,0.560024,0.951309,0.000184,0.000419,0.773374,TAKEOFF,TAKEOFF,NAVIGATE,TAKEOFF_VERTICAL,False,False,True,False,True,True,27,21,approved_takeoff,unreachable_current_episode,False,takeoff_reposition_failed:timeout,665.865142
51.960000,6.440789,0.560040,1.024475,0.000218,0.000498,0.704374,TAKEOFF,TAKEOFF,NAVIGATE,TAKEOFF_VERTICAL,False,False,True,False,True,True,27,21,approved_takeoff,unreachable_current_episode,False,takeoff_reposition_failed:timeout,663.544583
52.060000,6.440847,0.560059,1.091167,0.000241,0.000556,0.629562,TAKEOFF,TAKEOFF,NAVIGATE,TAKEOFF_VERTICAL,False,False,True,False,True,True,27,21,approved_takeoff,unreachable_current_episode,False,takeoff_reposition_failed:timeout,662.140178
52.160000,6.440908,0.560078,1.149670,0.000255,0.000591,0.552839,TAKEOFF,TAKEOFF,NAVIGATE,TAKEOFF_VERTICAL,False,False,True,False,True,True,27,21,approved_takeoff,unreachable_current_episode,False,takeoff_reposition_failed:timeout,661.580392
52.259000,6.440971,0.560099,1.201010,0.000262,0.000609,0.474832,TAKEOFF,TAKEOFF,NAVIGATE,TAKEOFF_VERTICAL,False,False,True,False,True,True,27,21,approved_takeoff,unreachable_current_episode,False,takeoff_reposition_failed:timeout,661.792918
52.359000,6.441034,0.560119,1.244608,0.000261,0.000610,0.398267,TAKEOFF,TAKEOFF,NAVIGATE,TAKEOFF_VERTICAL,False,False,True,False,True,True,27,21,approved_takeoff,unreachable_current_episode,False,takeoff_reposition_failed:timeout,662.625854
52.459000,6.441096,0.560139,1.280686,0.000255,0.000597,0.324632,TAKEOFF,TAKEOFF,NAVIGATE,TAKEOFF_VERTICAL,False,False,True,False,True,True,27,21,approved_takeoff,unreachable_current_episode,False,takeoff_reposition_failed:timeout,663.927302
52.559000,6.441156,0.560159,1.309599,0.000244,0.000572,0.255085,TAKEOFF,TAKEOFF,NAVIGATE,TAKEOFF_VERTICAL,False,False,True,False,True,True,27,21,approved_takeoff,unreachable_current_episode,False,takeoff_reposition_failed:timeout,665.616202
52.658000,6.441212,0.560177,1.331613,0.000229,0.000540,0.191158,TAKEOFF,TAKEOFF,NAVIGATE,TAKEOFF_VERTICAL,False,False,True,False,True,True,27,21,approved_takeoff,unreachable_current_episode,False,takeoff_reposition_failed:timeout,667.540828
52.758000,6.441265,0.560194,1.347701,0.000212,0.000500,0.132185,AIR,TAKEOFF,NAVIGATE,TAKEOFF_CLEARANCE_CONFIRM,False,False,True,False,True,True,27,21,approved_takeoff,unreachable_current_episode,False,takeoff_reposition_failed:timeout,669.696427
52.858000,6.441314,0.560210,1.358197,0.000195,0.000459,0.079305,AIR,TAKEOFF,NAVIGATE,TAKEOFF_CLEARANCE_CONFIRM,False,False,True,False,True,True,27,21,approved_takeoff,unreachable_current_episode,False,takeoff_reposition_failed:timeout,671.949608
52.957000,6.441402,0.560137,1.363881,-0.029485,0.009566,0.042713,AIR,AIR,NAVIGATE,AIR_HORIZONTAL_TRACK,False,False,True,False,True,True,27,21,approved_takeoff,unreachable_current_episode,False,takeoff_reposition_failed:timeout,678.429338
53.057000,6.443988,0.554601,1.366607,0.097228,-0.043774,0.053432,AIR,AIR,NAVIGATE,AIR_HORIZONTAL_TRACK,False,False,True,False,True,True,27,21,approved_takeoff,unreachable_current_episode,False,takeoff_reposition_failed:timeout,691.190652
53.157000,6.456515,0.529945,1.367033,0.360385,-0.163106,0.120144,AIR,AIR,NAVIGATE,AIR_HORIZONTAL_TRACK,False,False,True,False,True,True,27,21,approved_takeoff,unreachable_current_episode,False,takeoff_reposition_failed:timeout,693.885173
53.256000,6.485508,0.481562,1.364097,0.639120,-0.297214,0.175329,AIR,AIR,NAVIGATE,AIR_HORIZONTAL_TRACK,False,False,True,False,True,True,27,21,approved_takeoff,unreachable_current_episode,False,takeoff_reposition_failed:timeout,692.100870
53.356000,6.534856,0.411100,1.357308,0.889805,-0.437116,0.186760,AIR,AIR,NAVIGATE,AIR_HORIZONTAL_TRACK,False,False,True,False,True,True,27,21,approved_takeoff,unreachable_current_episode,False,takeoff_reposition_failed:timeout,690.285805
53.456000,6.602997,0.324834,1.347388,1.082236,-0.573102,0.158196,AIR,AIR,NAVIGATE,AIR_HORIZONTAL_TRACK,False,False,True,False,True,True,27,21,approved_takeoff,unreachable_current_episode,False,takeoff_reposition_failed:timeout,689.312619
53.556000,6.689291,0.224749,1.334996,1.216923,-0.699767,0.104603,AIR,AIR,NAVIGATE,AIR_HORIZONTAL_TRACK,False,False,True,False,True,True,27,21,approved_takeoff,unreachable_current_episode,False,takeoff_reposition_failed:timeout,689.041678
53.655000,6.786563,0.118805,1.321534,1.294938,-0.803434,0.041635,AIR,AIR,NAVIGATE,AIR_HORIZONTAL_TRACK,False,False,True,False,True,True,27,21,approved_takeoff,unreachable_current_episode,False,takeoff_reposition_failed:timeout,689.260426
53.755000,6.893749,0.007255,1.307325,1.329008,-0.881973,-0.022980,AIR,AIR,NAVIGATE,AIR_HORIZONTAL_TRACK,False,False,True,False,True,True,27,21,approved_takeoff,unreachable_current_episode,False,takeoff_reposition_failed:timeout,689.818514
53.855000,7.006390,-0.106042,1.293016,1.327601,-0.932208,-0.082286,AIR,AIR,NAVIGATE,AIR_HORIZONTAL_TRACK,False,False,True,False,True,True,27,21,approved_takeoff,unreachable_current_episode,False,takeoff_reposition_failed:timeout,690.579484
53.954000,7.120221,-0.217580,1.279100,1.299396,-0.954748,-0.131871,AIR,AIR,NAVIGATE,AIR_HORIZONTAL_TRACK,False,False,True,False,True,True,27,21,approved_takeoff,unreachable_current_episode,False,takeoff_reposition_failed:timeout,691.440309
54.054000,7.234901,-0.327611,1.265537,1.250516,-0.952676,-0.170566,AIR,AIR,NAVIGATE,AIR_HORIZONTAL_TRACK,False,False,True,False,True,True,27,21,approved_takeoff,unreachable_current_episode,False,takeoff_reposition_failed:timeout,692.342486
54.154000,7.347060,-0.433333,1.252638,1.186464,-0.929320,-0.197076,AIR,AIR,NAVIGATE,AIR_HORIZONTAL_TRACK,False,False,True,False,True,True,27,21,approved_takeoff,unreachable_current_episode,False,takeoff_reposition_failed:timeout,693.208487
54.254000,7.454879,-0.533405,1.240518,1.111439,-0.888730,-0.211778,AIR,AIR,NAVIGATE,AIR_HORIZONTAL_TRACK,False,False,True,False,True,True,27,21,approved_takeoff,unreachable_current_episode,False,takeoff_reposition_failed:timeout,693.992097
54.353000,7.555926,-0.625894,1.229368,1.029637,-0.835458,-0.215824,AIR,AIR,NAVIGATE,AIR_HORIZONTAL_TRACK,False,False,True,False,True,True,27,21,approved_takeoff,unreachable_current_episode,False,takeoff_reposition_failed:timeout,694.640620
54.453000,7.651149,-0.711924,1.219025,0.942079,-0.772013,-0.210896,AIR,AIR,NAVIGATE,AIR_HORIZONTAL_TRACK,False,False,True,False,True,True,27,21,approved_takeoff,unreachable_current_episode,False,takeoff_reposition_failed:timeout,695.152112
54.553000,7.738702,-0.790026,1.209691,0.835054,-0.710706,-0.187797,AIR,AIR,NAVIGATE,AIR_HORIZONTAL_TRACK,False,False,True,False,True,True,27,21,approved_takeoff,unreachable_current_episode,False,takeoff_reposition_failed:timeout,694.195792
54.652000,7.820535,-0.857714,1.201935,0.840519,-0.592056,-0.065240,AIR,AIR,NAVIGATE,AIR_HORIZONTAL_TRACK,False,False,True,False,True,True,27,21,approved_takeoff,unreachable_current_episode,False,takeoff_reposition_failed:timeout,707.267012
54.752000,7.912200,-0.909082,1.196772,1.004181,-0.383305,0.069566,AIR,AIR,NAVIGATE,AIR_HORIZONTAL_TRACK,False,False,True,False,True,True,27,21,approved_takeoff,unreachable_current_episode,False,takeoff_reposition_failed:timeout,708.962267
54.852000,8.021536,-0.938730,1.193204,1.180950,-0.167488,0.155087,AIR,AIR,NAVIGATE,AIR_HORIZONTAL_TRACK,False,False,True,False,True,True,27,21,approved_takeoff,unreachable_current_episode,False,takeoff_reposition_failed:timeout,704.571127
54.951000,8.146936,-0.947120,1.190236,1.336238,0.030228,0.192615,AIR,AIR,NAVIGATE,AIR_HORIZONTAL_TRACK,False,False,True,False,True,True,27,21,approved_takeoff,unreachable_current_episode,False,takeoff_reposition_failed:timeout,700.629038
55.051000,8.287822,-0.936642,1.187574,1.461495,0.206840,0.191826,AIR,AIR,NAVIGATE,AIR_HORIZONTAL_TRACK,False,False,True,False,True,True,27,21,approved_takeoff,unreachable_current_episode,False,takeoff_reposition_failed:timeout,697.619982
55.151000,8.439082,-0.909794,1.185333,1.547981,0.356450,0.163353,AIR,AIR,NAVIGATE,AIR_HORIZONTAL_TRACK,False,False,True,False,True,True,27,21,approved_takeoff,unreachable_current_episode,False,takeoff_reposition_failed:timeout,695.409472
55.251000,8.596663,-0.869369,1.183634,1.594762,0.477597,0.119345,AIR,AIR,NAVIGATE,AIR_HORIZONTAL_TRACK,False,False,True,False,True,True,27,21,approved_takeoff,unreachable_current_episode,False,takeoff_reposition_failed:timeout,693.844647
55.350000,8.755167,-0.818670,1.182543,1.604691,0.570261,0.069701,AIR,AIR,NAVIGATE,AIR_HORIZONTAL_TRACK,False,False,True,False,True,True,27,21,approved_takeoff,unreachable_current_episode,False,takeoff_reposition_failed:timeout,692.800384
55.450000,8.914454,-0.759241,1.182017,1.582261,0.638285,0.020225,AIR,AIR,NAVIGATE,AIR_HORIZONTAL_TRACK,False,False,True,False,True,True,27,21,approved_takeoff,unreachable_current_episode,False,takeoff_reposition_failed:timeout,692.156223
55.550000,9.070033,-0.693929,1.181990,1.532269,0.683132,-0.023924,AIR,AIR,NAVIGATE,AIR_HORIZONTAL_TRACK,False,False,True,False,True,True,27,21,approved_takeoff,unreachable_current_episode,False,takeoff_reposition_failed:timeout,691.816007
55.649000,9.218041,-0.625588,1.182345,1.460703,0.707493,-0.059674,AIR,AIR,NAVIGATE,AIR_HORIZONTAL_TRACK,False,False,True,False,True,True,27,21,approved_takeoff,unreachable_current_episode,False,takeoff_reposition_failed:timeout,691.701620
55.749000,9.359550,-0.554725,1.182969,1.371027,0.714697,-0.086548,AIR,AIR,NAVIGATE,AIR_HORIZONTAL_TRACK,False,False,True,False,True,True,27,21,approved_takeoff,unreachable_current_episode,False,takeoff_reposition_failed:timeout,691.726837
55.849000,9.491540,-0.483671,1.183748,1.268432,0.707051,-0.104038,AIR,AIR,NAVIGATE,AIR_HORIZONTAL_TRACK,False,False,True,False,True,True,27,21,approved_takeoff,unreachable_current_episode,False,takeoff_reposition_failed:timeout,691.826175
55.949000,9.611770,-0.414527,1.184582,1.158230,0.687276,-0.112770,AIR,AIR,NAVIGATE,AIR_HORIZONTAL_TRACK,False,False,True,False,True,True,27,21,approved_takeoff,unreachable_current_episode,False,takeoff_reposition_failed:timeout,691.948473
56.048000,9.721961,-0.347064,1.185417,1.041820,0.657247,-0.114129,AIR,AIR,NAVIGATE,AIR_HORIZONTAL_TRACK,False,False,True,False,True,True,27,21,approved_takeoff,unreachable_current_episode,False,takeoff_reposition_failed:timeout,692.061021
56.148000,9.820459,-0.282946,1.186202,0.923397,0.619208,-0.109482,AIR,AIR,NAVIGATE,AIR_HORIZONTAL_TRACK,False,False,True,False,True,True,27,21,approved_takeoff,unreachable_current_episode,False,takeoff_reposition_failed:timeout,692.139136
56.248000,9.907166,-0.222920,1.186917,0.805590,0.575075,-0.100381,AIR,AIR,NAVIGATE,AIR_HORIZONTAL_TRACK,False,False,True,False,True,True,27,21,approved_takeoff,unreachable_current_episode,False,takeoff_reposition_failed:timeout,692.166709
56.347000,9.981533,-0.168071,1.187552,0.691702,0.527063,-0.088442,AIR,AIR,NAVIGATE,AIR_HORIZONTAL_TRACK,False,False,True,False,True,True,27,21,approved_takeoff,unreachable_current_episode,False,takeoff_reposition_failed:timeout,692.140531
56.447000,10.045409,-0.117672,1.188133,0.581190,0.475721,-0.074737,AIR,AIR,NAVIGATE,AIR_HORIZONTAL_TRACK,False,False,True,False,True,True,27,21,approved_takeoff,unreachable_current_episode,False,takeoff_reposition_failed:timeout,692.060002
56.547000,10.098496,-0.072529,1.188674,0.476614,0.422880,-0.060482,AIR,AIR,DELIVER,AIR_HORIZONTAL_TRACK,False,False,True,False,True,True,27,21,approved_takeoff,unreachable_current_episode,False,takeoff_reposition_failed:timeout,691.930247
56.646000,10.141058,-0.033107,1.189195,0.379981,0.370273,-0.046700,AIR,AIR,DELIVER,AIR_HORIZONTAL_TRACK,False,False,True,False,True,True,27,21,approved_takeoff,unreachable_current_episode,False,takeoff_reposition_failed:timeout,691.762696
56.746000,10.174686,0.001417,1.189732,0.290097,0.317872,-0.033753,AIR,AIR,DELIVER,AIR_HORIZONTAL_TRACK,False,False,True,False,True,True,27,21,approved_takeoff,unreachable_current_episode,False,takeoff_reposition_failed:timeout,691.562620
56.846000,10.199708,0.030741,1.190303,0.208488,0.267102,-0.022224,AIR,AIR,DELIVER,AIR_HORIZONTAL_TRACK,False,False,True,False,True,True,27,21,approved_takeoff,unreachable_current_episode,False,takeoff_reposition_failed:timeout,691.341061
56.945000,10.216835,0.054854,1.190920,0.136125,0.219160,-0.012458,AIR,AIR,DELIVER,AIR_HORIZONTAL_TRACK,False,False,True,False,True,True,27,21,approved_takeoff,unreachable_current_episode,False,takeoff_reposition_failed:timeout,691.110480
57.045000,10.227273,0.074515,1.191606,0.071623,0.173657,-0.004354,AIR,AIR,DELIVER,AIR_HORIZONTAL_TRACK,False,False,True,False,True,True,27,21,approved_takeoff,unreachable_current_episode,False,takeoff_reposition_failed:timeout,690.875312
57.145000,10.231678,0.089780,1.192361,0.015672,0.131539,0.002005,AIR,AIR,DELIVER,AIR_HORIZONTAL_TRACK,False,False,True,False,True,True,27,21,approved_takeoff,unreachable_current_episode,False,takeoff_reposition_failed:timeout,690.646090
57.245000,10.230900,0.101010,1.193184,-0.031955,0.093127,0.006732,AIR,AIR,DELIVER,AIR_HORIZONTAL_TRACK,False,False,True,False,True,True,27,21,approved_takeoff,unreachable_current_episode,False,takeoff_reposition_failed:timeout,690.429116
57.344000,10.225827,0.108533,1.194059,-0.071254,0.058943,0.009973,AIR,AIR,DELIVER,AIR_HORIZONTAL_TRACK,False,False,True,False,True,True,27,21,approved_takeoff,unreachable_current_episode,False,takeoff_reposition_failed:timeout,690.230907
57.444000,10.217128,0.112895,1.194993,-0.103473,0.028392,0.012003,AIR,AIR,DELIVER,AIR_HORIZONTAL_TRACK,False,False,True,False,True,True,27,21,approved_takeoff,unreachable_current_episode,False,takeoff_reposition_failed:timeout,690.050840
57.544000,10.205560,0.114406,1.195963,-0.128708,0.001843,0.013003,AIR,AIR,DELIVER,AIR_HORIZONTAL_TRACK,False,False,True,False,True,True,27,21,approved_takeoff,unreachable_current_episode,False,takeoff_reposition_failed:timeout,689.892956
57.643000,10.191938,0.113484,1.196943,-0.147385,-0.020573,0.013193,AIR,AIR,DELIVER,AIR_HORIZONTAL_TRACK,False,False,True,False,True,True,27,21,approved_takeoff,unreachable_current_episode,False,takeoff_reposition_failed:timeout,689.759465
57.743000,10.176592,0.110494,1.197934,-0.160491,-0.039447,0.012778,AIR,AIR,DELIVER,AIR_HORIZONTAL_TRACK,False,False,True,False,True,True,27,21,approved_takeoff,unreachable_current_episode,False,takeoff_reposition_failed:timeout,689.646816
57.843000,10.160194,0.105800,1.198911,-0.168446,-0.054727,0.011935,AIR,AIR,DELIVER,AIR_HORIZONTAL_TRACK,False,False,True,False,True,True,27,21,approved_takeoff,unreachable_current_episode,False,takeoff_reposition_failed:timeout,689.556355
57.943000,10.143226,0.099751,1.199856,-0.171893,-0.066651,0.010815,AIR,AIR,DELIVER,AIR_HORIZONTAL_TRACK,False,False,True,False,True,True,27,21,approved_takeoff,unreachable_current_episode,False,takeoff_reposition_failed:timeout,689.485062
58.042000,10.126277,0.092741,1.200746,-0.171482,-0.075414,0.009557,AIR,AIR,DELIVER,AIR_HORIZONTAL_TRACK,False,False,True,False,True,True,27,21,approved_takeoff,unreachable_current_episode,False,takeoff_reposition_failed:timeout,689.433054
58.142000,10.109358,0.084921,1.201586,-0.167808,-0.081481,0.008233,AIR,AIR,DELIVER,AIR_HORIZONTAL_TRACK,False,False,True,False,True,True,27,21,approved_takeoff,unreachable_current_episode,False,takeoff_reposition_failed:timeout,689.396064
58.242000,10.092938,0.076620,1.202359,-0.161435,-0.085049,0.006927,AIR,AIR,DELIVER,AIR_HORIZONTAL_TRACK,False,False,True,False,True,True,27,21,approved_takeoff,unreachable_current_episode,False,takeoff_reposition_failed:timeout,689.373380
58.341000,10.077411,0.068159,1.203049,-0.153001,-0.086420,0.005702,AIR,AIR,DELIVER,AIR_HORIZONTAL_TRACK,False,False,True,False,True,True,27,21,approved_takeoff,unreachable_current_episode,False,takeoff_reposition_failed:timeout,689.362993
58.441000,10.062652,0.059567,1.203667,-0.142831,-0.085920,0.004566,AIR,AIR,DELIVER,AIR_HORIZONTAL_TRACK,False,False,True,False,True,True,27,21,approved_takeoff,unreachable_current_episode,False,takeoff_reposition_failed:timeout,689.362098
58.541000,10.048965,0.051103,1.204203,-0.131452,-0.083816,0.003550,AIR,AIR,DELIVER,AIR_HORIZONTAL_TRACK,False,False,True,False,True,True,27,21,approved_takeoff,unreachable_current_episode,False,takeoff_reposition_failed:timeout,689.368604
58.640000,10.036570,0.042994,1.204652,-0.119399,-0.080432,0.002666,AIR,AIR,DELIVER,AIR_HORIZONTAL_TRACK,False,False,True,False,True,True,27,21,approved_takeoff,unreachable_current_episode,False,takeoff_reposition_failed:timeout,689.380656
58.740000,10.025278,0.035193,1.205028,-0.106788,-0.075962,0.001895,AIR,AIR,DELIVER,AIR_HORIZONTAL_TRACK,False,False,True,False,True,True,27,21,approved_takeoff,unreachable_current_episode,False,takeoff_reposition_failed:timeout,689.397036
58.840000,10.015248,0.027877,1.205327,-0.094054,-0.070679,0.001240,AIR,AIR,DELIVER,AIR_HORIZONTAL_TRACK,False,False,True,False,True,True,27,21,approved_takeoff,unreachable_current_episode,False,takeoff_reposition_failed:timeout,689.416461
58.940000,10.006480,0.021117,1.205555,-0.081464,-0.064810,0.000689,AIR,AIR,DELIVER,AIR_HORIZONTAL_TRACK,False,False,True,False,True,True,27,21,approved_takeoff,unreachable_current_episode,False,takeoff_reposition_failed:timeout,689.437850
59.039000,9.999019,0.015018,1.205716,-0.069362,-0.058620,0.000235,AIR,AIR,DELIVER,AIR_HORIZONTAL_TRACK,False,False,True,False,True,True,27,21,approved_takeoff,unreachable_current_episode,False,takeoff_reposition_failed:timeout,689.459922
59.139000,9.992668,0.009487,1.205821,-0.057684,-0.052165,-0.000142,AIR,AIR,DELIVER,AIR_HORIZONTAL_TRACK,False,False,True,False,True,True,27,21,approved_takeoff,unreachable_current_episode,False,takeoff_reposition_failed:timeout,689.482950
59.239000,9.987447,0.004602,1.205874,-0.046700,-0.045662,-0.000448,AIR,AIR,DELIVER,AIR_HORIZONTAL_TRACK,False,False,True,False,True,True,27,21,approved_takeoff,unreachable_current_episode,False,takeoff_reposition_failed:timeout,689.505308
59.338000,9.983319,0.000399,1.205884,-0.036611,-0.039307,-0.000691,AIR,AIR,DELIVER,AIR_HORIZONTAL_TRACK,False,False,True,False,True,True,27,21,approved_takeoff,unreachable_current_episode,False,takeoff_reposition_failed:timeout,689.527016
59.438000,9.980119,-0.003218,1.205855,-0.027288,-0.033085,-0.000884,AIR,AIR,DELIVER,AIR_HORIZONTAL_TRACK,False,False,True,False,True,True,27,21,approved_takeoff,unreachable_current_episode,False,takeoff_reposition_failed:timeout,689.547622
59.538000,9.977803,-0.006230,1.205796,-0.018884,-0.027152,-0.001032,AIR,AIR,DELIVER,AIR_HORIZONTAL_TRACK,False,False,True,False,True,True,27,21,approved_takeoff,unreachable_current_episode,False,takeoff_reposition_failed:timeout,689.566981
59.637000,9.976292,-0.008646,1.205714,-0.011491,-0.021635,-0.001141,AIR,AIR,DELIVER,AIR_HORIZONTAL_TRACK,False,False,True,False,True,True,27,21,approved_takeoff,unreachable_current_episode,False,takeoff_reposition_failed:timeout,689.584561
59.738000,9.975461,-0.010553,1.205613,-0.004957,-0.016476,-0.001216,AIR,AIR,DELIVER,AIR_HORIZONTAL_TRACK,False,False,True,False,True,True,27,21,approved_takeoff,unreachable_current_episode,False,takeoff_reposition_failed:timeout,689.600875
59.837000,9.975238,-0.011969,1.205498,0.000656,-0.011770,-0.001261,AIR,AIR,DELIVER,AIR_HORIZONTAL_TRACK,False,False,True,False,True,True,27,21,approved_takeoff,unreachable_current_episode,False,takeoff_reposition_failed:timeout,689.614988
59.937000,9.975531,-0.012938,1.205375,0.005382,-0.007543,-0.001279,AIR,AIR,DELIVER,AIR_HORIZONTAL_TRACK,False,False,True,False,True,True,27,21,approved_takeoff,unreachable_current_episode,False,takeoff_reposition_failed:timeout,689.627758
60.036000,9.976246,-0.013505,1.205249,0.009234,-0.003838,-0.001385,LAND,LAND,DELIVER,LAND_VERTICAL,False,False,True,False,True,True,27,21,approved_takeoff,unreachable_current_episode,False,takeoff_reposition_failed:timeout,678.289491
60.136000,9.977279,-0.013764,1.196471,0.012207,-0.000653,-0.200529,LAND,LAND,DELIVER,LAND_VERTICAL,False,False,True,False,True,True,27,21,approved_takeoff,unreachable_current_episode,False,takeoff_reposition_failed:timeout,600.466995
60.236000,9.978399,-0.013844,1.165111,0.010751,0.000299,-0.417525,LAND,LAND,DELIVER,LAND_VERTICAL,False,False,True,False,True,True,27,21,approved_takeoff,unreachable_current_episode,False,takeoff_reposition_failed:timeout,617.234644
60.335000,9.979413,-0.013846,1.114777,0.008345,0.000491,-0.590961,LAND,LAND,DELIVER,LAND_VERTICAL,False,False,True,False,True,True,27,21,approved_takeoff,unreachable_current_episode,False,takeoff_reposition_failed:timeout,632.902016
60.435000,9.980264,-0.013815,1.048504,0.005995,0.000536,-0.726779,LAND,LAND,DELIVER,LAND_VERTICAL,False,False,True,False,True,True,27,21,approved_takeoff,unreachable_current_episode,False,takeoff_reposition_failed:timeout,647.407950
60.535000,9.980923,-0.013771,0.970530,0.003915,0.000538,-0.825938,LAND,LAND,DELIVER,LAND_VERTICAL,False,False,True,False,True,True,27,21,approved_takeoff,unreachable_current_episode,False,takeoff_reposition_failed:timeout,660.339944
60.634000,9.981389,-0.013722,0.885234,0.002155,0.000521,-0.891404,LAND,LAND,DELIVER,LAND_VERTICAL,False,False,True,False,True,True,27,21,approved_takeoff,unreachable_current_episode,False,takeoff_reposition_failed:timeout,671.646893
60.734000,9.981688,-0.013672,0.794011,0.000676,0.000505,-0.928051,LAND,LAND,DELIVER,LAND_VERTICAL,False,False,True,False,True,True,27,21,approved_takeoff,unreachable_current_episode,False,takeoff_reposition_failed:timeout,681.592588
60.834000,9.981834,-0.013623,0.700464,-0.000557,0.000475,-0.938783,LAND,LAND,DELIVER,LAND_VERTICAL,False,False,True,False,True,True,27,21,approved_takeoff,unreachable_current_episode,False,takeoff_reposition_failed:timeout,690.081093
60.934000,9.981848,-0.013575,0.606991,-0.001573,0.000429,-0.927374,LAND,LAND,DELIVER,LAND_VERTICAL,False,False,True,False,True,True,27,21,approved_takeoff,unreachable_current_episode,False,takeoff_reposition_failed:timeout,697.194111
61.033000,9.981749,-0.013532,0.516529,-0.002382,0.000381,-0.897706,LAND,LAND,DELIVER,LAND_VERTICAL,False,False,True,False,True,True,27,21,approved_takeoff,unreachable_current_episode,False,takeoff_reposition_failed:timeout,702.933452
61.133000,9.981557,-0.013493,0.428919,-0.003025,0.000332,-0.852695,LAND,LAND,DELIVER,LAND_VERTICAL,False,False,True,False,True,True,27,21,approved_takeoff,unreachable_current_episode,False,takeoff_reposition_failed:timeout,707.552076
61.233000,9.981289,-0.013459,0.346434,-0.003515,0.000283,-0.795855,LAND,LAND,DELIVER,LAND_VERTICAL,False,False,True,False,True,True,27,21,approved_takeoff,unreachable_current_episode,False,takeoff_reposition_failed:timeout,711.041536
61.332000,9.980966,-0.013430,0.270832,-0.003868,0.000236,-0.730893,LAND,LAND,DELIVER,LAND_VERTICAL,False,False,True,False,True,True,27,21,approved_takeoff,unreachable_current_episode,False,takeoff_reposition_failed:timeout,713.539740
61.432000,9.980597,-0.013406,0.201320,-0.004106,0.000190,-0.659280,LAND,LAND,DELIVER,LAND_VERTICAL,False,False,True,False,True,True,27,21,approved_takeoff,unreachable_current_episode,False,takeoff_reposition_failed:timeout,715.131895
61.532000,9.980199,-0.013386,0.139167,-0.004242,0.000148,-0.584121,LAND,LAND,DELIVER,LAND_VERTICAL,False,False,True,False,True,True,27,21,approved_takeoff,unreachable_current_episode,False,takeoff_reposition_failed:timeout,715.946062
61.631000,9.979788,-0.013371,0.085124,-0.004288,0.000109,-0.508357,LAND,LAND,DELIVER,LAND_VERTICAL,False,False,True,False,True,True,27,21,approved_takeoff,unreachable_current_episode,False,takeoff_reposition_failed:timeout,716.074250
61.731000,9.979625,-0.013364,0.067429,0.000046,0.000000,0.033755,LAND,LAND,DELIVER,TOUCHDOWN_SETTLE,False,False,True,False,True,True,27,21,approved_takeoff,unreachable_current_episode,False,takeoff_reposition_failed:timeout,691.198501
61.831000,9.979617,-0.013364,0.070603,-0.000140,0.000002,0.028579,LAND,LAND,DELIVER,TOUCHDOWN_SETTLE,False,False,True,False,True,True,27,21,approved_takeoff,unreachable_current_episode,False,takeoff_reposition_failed:timeout,686.688144
61.931000,9.979572,-0.013364,0.073064,-0.000682,-0.000004,0.020330,LAND,LAND,DELIVER,TOUCHDOWN_SETTLE,False,False,True,False,True,True,27,21,approved_takeoff,unreachable_current_episode,False,takeoff_reposition_failed:timeout,686.885377
62.030000,9.979478,-0.013365,0.074703,-0.001196,-0.000013,0.012998,LAND,LAND,DELIVER,TOUCHDOWN_SETTLE,False,False,True,False,True,True,27,21,approved_takeoff,unreachable_current_episode,False,takeoff_reposition_failed:timeout,687.175453
62.130000,9.979336,-0.013367,0.075332,-0.001643,-0.000022,-0.051135,LAND,LAND,DELIVER,DISARM_CONFIRM,False,False,False,True,True,True,27,21,approved_takeoff,unreachable_current_episode,False,takeoff_reposition_failed:timeout,362.474084
62.230000,9.979294,-0.013367,0.065872,-0.000040,0.000034,0.000500,GROUND,LAND,DELIVER,DISARM_CONFIRM,False,False,False,True,True,True,27,21,approved_takeoff,unreachable_current_episode,False,takeoff_reposition_failed:timeout,6.638944
62.329000,9.979342,-0.013367,0.065872,0.001164,-0.000230,0.003061,GROUND,LAND,DELIVER,DISARM_CONFIRM,False,False,False,True,True,True,27,21,approved_takeoff,unreachable_current_episode,False,takeoff_reposition_failed:timeout,0.126559
62.429000,9.979437,-0.013362,0.065865,-0.000190,-0.000017,-0.007219,GROUND,LAND,DELIVER,DISARM_CONFIRM,False,False,False,True,True,True,27,21,approved_takeoff,unreachable_current_episode,False,takeoff_reposition_failed:timeout,0.002318
62.529000,9.979438,-0.013362,0.065866,0.000191,0.000085,-0.006166,GROUND,GROUND,RETURN,GROUND_REACQUIRE,True,True,False,True,True,True,28,21,approved_takeoff,unreachable_current_episode,False,takeoff_reposition_failed:timeout,0.000042
62.629000,9.976317,-0.013360,0.065867,-0.079239,-0.000027,-0.005525,GROUND,GROUND,RETURN,GROUND_DRIVE,True,True,False,True,True,True,28,21,approved_takeoff,unreachable_current_episode,False,takeoff_reposition_failed:timeout,0.000001
62.728000,9.963507,-0.013329,0.065872,-0.178679,0.000825,0.004678,GROUND,GROUND,RETURN,GROUND_DRIVE,True,True,False,True,True,True,28,21,approved_takeoff,unreachable_current_episode,False,takeoff_reposition_failed:timeout,0.000000
62.828000,9.940517,-0.013258,0.065872,-0.279649,0.002393,0.004823,GROUND,GROUND,RETURN,GROUND_DRIVE,True,True,False,True,True,True,28,21,approved_takeoff,unreachable_current_episode,False,takeoff_reposition_failed:timeout,0.000000
62.928000,9.907428,-0.013158,0.065872,-0.380616,0.004864,0.004888,GROUND,GROUND,RETURN,GROUND_DRIVE,True,True,False,True,True,True,28,21,approved_takeoff,unreachable_current_episode,False,takeoff_reposition_failed:timeout,0.000000
63.027000,9.866199,-0.013070,0.065867,-0.432290,0.007428,-0.004918,GROUND,GROUND,RETURN,GROUND_DRIVE,True,True,False,True,True,True,28,21,approved_takeoff,unreachable_current_episode,False,takeoff_reposition_failed:timeout,0.000000
63.127000,9.822805,-0.012994,0.065867,-0.434733,0.009528,-0.004931,GROUND,GROUND,RETURN,GROUND_DRIVE,True,True,False,True,True,True,28,21,approved_takeoff,unreachable_current_episode,False,takeoff_reposition_failed:timeout,0.000000
63.227000,9.779339,-0.012922,0.065867,-0.434774,0.011782,-0.004936,GROUND,GROUND,RETURN,GROUND_DRIVE,True,True,False,True,True,True,29,21,approved_takeoff,unreachable_current_episode,False,takeoff_reposition_failed:timeout,0.000000
63.326000,9.736305,-0.012854,0.065872,-0.434207,0.014189,0.004942,GROUND,GROUND,RETURN,GROUND_DRIVE,True,True,False,True,True,True,29,21,approved_takeoff,unreachable_current_episode,False,takeoff_reposition_failed:timeout,0.000000
63.426000,9.692835,-0.012789,0.065872,-0.434115,0.016778,0.004941,GROUND,GROUND,RETURN,GROUND_DRIVE,True,True,False,True,True,True,29,21,approved_takeoff,unreachable_current_episode,False,takeoff_reposition_failed:timeout,0.000000
63.526000,9.649366,-0.012727,0.065872,-0.433999,0.019550,0.004941,GROUND,GROUND,RETURN,GROUND_DRIVE,True,True,False,True,True,True,29,21,approved_takeoff,unreachable_current_episode,False,takeoff_reposition_failed:timeout,0.000000
63.626000,9.605896,-0.012671,0.065872,-0.433855,0.022516,0.004941,GROUND,GROUND,RETURN,GROUND_DRIVE,True,True,False,True,True,True,30,21,approved_takeoff,unreachable_current_episode,False,takeoff_reposition_failed:timeout,0.000000
63.725000,9.562861,-0.012619,0.065867,-0.434179,0.025668,-0.004941,GROUND,GROUND,RETURN,GROUND_DRIVE,True,True,False,True,True,True,30,21,approved_takeoff,unreachable_current_episode,False,takeoff_reposition_failed:timeout,0.000000
63.825000,9.519391,-0.012572,0.065867,-0.433964,0.029074,-0.004941,GROUND,GROUND,RETURN,GROUND_DRIVE,True,True,False,True,True,True,30,21,approved_takeoff,unreachable_current_episode,False,takeoff_reposition_failed:timeout,0.000000
63.925000,9.475921,-0.012530,0.065867,-0.433703,0.032729,-0.004941,GROUND,GROUND,RETURN,GROUND_DRIVE,True,True,False,True,True,True,30,21,approved_takeoff,unreachable_current_episode,False,takeoff_reposition_failed:timeout,0.000000
64.024000,9.432885,-0.012494,0.065872,-0.432894,0.036598,0.004940,GROUND,GROUND,RETURN,GROUND_DRIVE,True,True,False,True,True,True,31,21,approved_takeoff,unreachable_current_episode,False,takeoff_reposition_failed:timeout,0.000000
64.123000,9.389849,-0.012465,0.065867,-0.433019,0.040793,-0.004941,GROUND,GROUND,RETURN,GROUND_DRIVE,True,True,False,True,True,True,31,21,approved_takeoff,unreachable_current_episode,False,takeoff_reposition_failed:timeout,0.000000
64.223000,9.346378,-0.012443,0.065867,-0.432566,0.045336,-0.004941,GROUND,GROUND,RETURN,GROUND_DRIVE,True,True,False,True,True,True,31,21,approved_takeoff,unreachable_current_episode,False,takeoff_reposition_failed:timeout,0.000000
64.322000,9.303341,-0.012429,0.065872,-0.431532,0.050153,0.004940,GROUND,GROUND,RETURN,GROUND_DRIVE,True,True,False,True,True,True,31,21,approved_takeoff,unreachable_current_episode,False,takeoff_reposition_failed:timeout,0.000000
64.421000,9.260304,-0.012424,0.065867,-0.431388,0.055427,-0.004941,GROUND,GROUND,RETURN,GROUND_DRIVE,True,True,False,True,True,True,32,21,approved_takeoff,unreachable_current_episode,False,takeoff_reposition_failed:timeout,0.000000
64.521000,9.217266,-0.012428,0.065872,-0.430125,0.061047,0.004940,GROUND,GROUND,RETURN,GROUND_DRIVE,True,True,False,True,True,True,32,21,approved_takeoff,unreachable_current_episode,False,takeoff_reposition_failed:timeout,0.000000
64.620000,9.173793,-0.012443,0.065872,-0.429197,0.067257,0.004940,GROUND,GROUND,RETURN,GROUND_DRIVE,True,True,False,True,True,True,32,21,approved_takeoff,unreachable_current_episode,False,takeoff_reposition_failed:timeout,0.000000
64.720000,9.130319,-0.012470,0.065872,-0.428084,0.074006,0.004940,GROUND,GROUND,RETURN,GROUND_DRIVE,True,True,False,True,True,True,32,21,approved_takeoff,unreachable_current_episode,False,takeoff_reposition_failed:timeout,0.000000
64.819000,9.087278,-0.012510,0.065867,-0.427257,0.081342,-0.004941,GROUND,GROUND,RETURN,GROUND_DRIVE,True,True,False,True,True,True,32,21,approved_takeoff,unreachable_current_episode,False,takeoff_reposition_failed:timeout,0.000000
64.918000,9.044237,-0.012566,0.065872,-0.425179,0.089184,0.004940,GROUND,GROUND,RETURN,GROUND_DRIVE,True,True,False,True,True,True,32,21,approved_takeoff,unreachable_current_episode,False,takeoff_reposition_failed:timeout,0.000000
65.018000,9.000759,-0.012639,0.065872,-0.423248,0.097933,0.004940,GROUND,GROUND,RETURN,GROUND_DRIVE,True,True,False,True,True,True,32,21,approved_takeoff,unreachable_current_episode,False,takeoff_reposition_failed:timeout,0.000000
65.117000,8.957714,-0.012731,0.065867,-0.421429,0.107508,-0.004941,GROUND,GROUND,RETURN,GROUND_DRIVE,True,True,False,True,True,True,32,21,approved_takeoff,unreachable_current_episode,False,takeoff_reposition_failed:timeout,0.000000
65.217000,8.914233,-0.012847,0.065867,-0.418595,0.118050,-0.004941,GROUND,GROUND,RETURN,GROUND_DRIVE,True,True,False,True,True,True,32,21,approved_takeoff,unreachable_current_episode,False,takeoff_reposition_failed:timeout,0.000000
65.316000,8.871183,-0.012974,0.065872,-0.414584,0.129774,0.004940,GROUND,GROUND,RETURN,GROUND_DRIVE,True,True,False,True,True,True,32,21,approved_takeoff,unreachable_current_episode,False,takeoff_reposition_failed:timeout,0.000000
65.415000,8.828130,-0.013057,0.065867,-0.410547,0.143517,-0.004941,GROUND,GROUND,RETURN,GROUND_DRIVE,True,True,False,True,True,True,32,21,approved_takeoff,unreachable_current_episode,False,takeoff_reposition_failed:timeout,0.000000
65.515000,8.784638,-0.013050,0.065869,-0.404356,0.159421,-0.003480,GROUND,GROUND,RETURN,GROUND_DRIVE,True,True,False,True,True,True,32,21,approved_takeoff,unreachable_current_episode,False,takeoff_reposition_failed:timeout,0.000000
65.614000,8.741577,-0.013260,0.065872,-0.399901,0.170289,0.003409,GROUND,GROUND,RETURN,GROUND_DRIVE,True,True,False,True,True,True,32,21,approved_takeoff,unreachable_current_episode,False,takeoff_reposition_failed:timeout,0.000000
65.714000,8.698079,-0.013547,0.065872,-0.392470,0.185867,0.006349,GROUND,GROUND,RETURN,GROUND_DRIVE,True,True,False,True,True,True,32,21,approved_takeoff,unreachable_current_episode,False,takeoff_reposition_failed:timeout,0.000000
65.813000,8.655015,-0.013795,0.065869,-0.386118,0.199848,-0.003506,GROUND,GROUND,RETURN,GROUND_DRIVE,True,True,False,True,True,True,32,21,approved_takeoff,unreachable_current_episode,False,takeoff_reposition_failed:timeout,0.000000
65.912000,8.611951,-0.013964,0.065872,-0.379339,0.211873,0.003825,GROUND,GROUND,RETURN,GROUND_DRIVE,True,True,False,True,True,True,32,21,approved_takeoff,unreachable_current_episode,False,takeoff_reposition_failed:timeout,0.000000
66.012000,8.568451,-0.014006,0.065872,-0.372167,0.224227,0.004343,GROUND,GROUND,RETURN,GROUND_DRIVE,True,True,False,True,True,True,32,21,approved_takeoff,unreachable_current_episode,False,takeoff_reposition_failed:timeout,0.000000
66.111000,8.525389,-0.014000,0.065867,-0.366605,0.233971,-0.004619,GROUND,GROUND,RETURN,GROUND_DRIVE,True,True,False,True,True,True,32,21,approved_takeoff,unreachable_current_episode,False,takeoff_reposition_failed:timeout,0.000000
66.211000,8.481897,-0.014016,0.065867,-0.362127,0.240908,-0.004789,GROUND,GROUND,RETURN,GROUND_DRIVE,True,True,False,True,True,True,32,21,approved_takeoff,unreachable_current_episode,False,takeoff_reposition_failed:timeout,0.000000
66.310000,8.438847,-0.013998,0.065872,-0.358679,0.245175,0.005009,GROUND,GROUND,RETURN,GROUND_DRIVE,True,True,False,True,True,True,32,21,approved_takeoff,unreachable_current_episode,False,takeoff_reposition_failed:timeout,0.000000
66.409000,8.395807,-0.013977,0.065867,-0.358636,0.246080,-0.004948,GROUND,GROUND,RETURN,GROUND_DRIVE,True,True,False,True,True,True,32,21,approved_takeoff,unreachable_current_episode,False,takeoff_reposition_failed:timeout,0.000000
66.509000,8.352337,-0.013976,0.065867,-0.358584,0.246137,-0.004943,GROUND,GROUND,RETURN,GROUND_DRIVE,True,True,False,True,True,True,32,21,approved_takeoff,unreachable_current_episode,False,takeoff_reposition_failed:timeout,0.000000
66.608000,8.309303,-0.013974,0.065872,-0.358146,0.245903,0.004939,GROUND,GROUND,RETURN,GROUND_DRIVE,True,True,False,True,True,True,32,21,approved_takeoff,unreachable_current_episode,False,takeoff_reposition_failed:timeout,0.000000
66.708000,8.265834,-0.013973,0.065872,-0.358099,0.245973,0.004940,GROUND,GROUND,RETURN,GROUND_DRIVE,True,True,False,True,True,True,32,21,approved_takeoff,unreachable_current_episode,False,takeoff_reposition_failed:timeout,0.000000
66.807000,8.222800,-0.013971,0.065867,-0.358445,0.246344,-0.004940,GROUND,GROUND,RETURN,GROUND_DRIVE,True,True,False,True,True,True,32,21,approved_takeoff,unreachable_current_episode,False,takeoff_reposition_failed:timeout,0.000000
66.906000,8.179766,-0.013970,0.065872,-0.358004,0.246113,0.004941,GROUND,GROUND,RETURN,GROUND_DRIVE,True,True,False,True,True,True,32,21,approved_takeoff,unreachable_current_episode,False,takeoff_reposition_failed:timeout,0.000000
67.006000,8.136297,-0.013968,0.065872,-0.357955,0.246184,0.004941,GROUND,GROUND,RETURN,GROUND_DRIVE,True,True,False,True,True,True,32,21,approved_takeoff,unreachable_current_episode,False,takeoff_reposition_failed:timeout,0.000000
67.105000,8.093262,-0.013967,0.065867,-0.358298,0.246557,-0.004941,GROUND,GROUND,RETURN,GROUND_DRIVE,True,True,False,True,True,True,32,21,approved_takeoff,unreachable_current_episode,False,takeoff_reposition_failed:timeout,0.000000
67.205000,8.049793,-0.013965,0.065867,-0.358249,0.246628,-0.004941,GROUND,GROUND,RETURN,GROUND_DRIVE,True,True,False,True,True,True,32,21,approved_takeoff,unreachable_current_episode,False,takeoff_reposition_failed:timeout,0.000000
67.304000,8.006759,-0.013963,0.065872,-0.357809,0.246396,0.004941,GROUND,GROUND,RETURN,GROUND_DRIVE,True,True,False,True,True,True,32,21,approved_takeoff,unreachable_current_episode,False,takeoff_reposition_failed:timeout,0.000000
67.403000,7.963725,-0.013962,0.065867,-0.358152,0.246770,-0.004941,GROUND,GROUND,RETURN,GROUND_DRIVE,True,True,False,True,True,True,32,21,approved_takeoff,unreachable_current_episode,False,takeoff_reposition_failed:timeout,0.000000
67.503000,7.920256,-0.013960,0.065867,-0.358102,0.246841,-0.004941,GROUND,GROUND,RETURN,GROUND_DRIVE,True,True,False,True,True,True,32,21,approved_takeoff,unreachable_current_episode,False,takeoff_reposition_failed:timeout,0.000000
67.602000,7.877222,-0.013959,0.065872,-0.357663,0.246608,0.004941,GROUND,GROUND,RETURN,GROUND_DRIVE,True,True,False,True,True,True,32,21,approved_takeoff,unreachable_current_episode,False,takeoff_reposition_failed:timeout,0.000000
67.702000,7.833753,-0.013957,0.065872,-0.357614,0.246679,0.004941,GROUND,GROUND,RETURN,GROUND_DRIVE,True,True,False,True,True,True,32,21,approved_takeoff,unreachable_current_episode,False,takeoff_reposition_failed:timeout,0.000000
67.801000,7.790718,-0.013955,0.065867,-0.357957,0.247052,-0.004941,GROUND,GROUND,RETURN,GROUND_DRIVE,True,True,False,True,True,True,32,21,approved_takeoff,unreachable_current_episode,False,takeoff_reposition_failed:timeout,0.000000
67.900000,7.747684,-0.013954,0.065872,-0.357517,0.246820,0.004941,GROUND,GROUND,RETURN,GROUND_DRIVE,True,True,False,True,True,True,32,21,approved_takeoff,unreachable_current_episode,False,takeoff_reposition_failed:timeout,0.000000
68.000000,7.704215,-0.013952,0.065872,-0.357468,0.246891,0.004941,GROUND,GROUND,RETURN,GROUND_DRIVE,True,True,False,True,True,True,32,21,approved_takeoff,unreachable_current_episode,False,takeoff_reposition_failed:timeout,0.000000
68.099000,7.661181,-0.013950,0.065867,-0.357810,0.247265,-0.004941,GROUND,GROUND,RETURN,GROUND_DRIVE,True,True,False,True,True,True,32,21,approved_takeoff,unreachable_current_episode,False,takeoff_reposition_failed:timeout,0.000000
68.199000,7.617712,-0.013949,0.065867,-0.357760,0.247336,-0.004941,GROUND,GROUND,RETURN,GROUND_DRIVE,True,True,False,True,True,True,32,21,approved_takeoff,unreachable_current_episode,False,takeoff_reposition_failed:timeout,0.000000
68.298000,7.574678,-0.013947,0.065872,-0.357321,0.247102,0.004941,GROUND,GROUND,RETURN,GROUND_DRIVE,True,True,False,True,True,True,32,21,approved_takeoff,unreachable_current_episode,False,takeoff_reposition_failed:timeout,0.000000
68.397000,7.531644,-0.013945,0.065867,-0.357663,0.247477,-0.004941,GROUND,GROUND,RETURN,GROUND_DRIVE,True,True,False,True,True,True,32,21,approved_takeoff,unreachable_current_episode,False,takeoff_reposition_failed:timeout,0.000000
68.497000,7.488175,-0.013944,0.065867,-0.357613,0.247549,-0.004941,GROUND,GROUND,RETURN,GROUND_DRIVE,True,True,False,True,True,True,32,21,approved_takeoff,unreachable_current_episode,False,takeoff_reposition_failed:timeout,0.000000
68.596000,7.445141,-0.013942,0.065872,-0.357175,0.247314,0.004941,GROUND,GROUND,RETURN,GROUND_DRIVE,True,True,False,True,True,True,32,21,approved_takeoff,unreachable_current_episode,False,takeoff_reposition_failed:timeout,0.000000
68.696000,7.401672,-0.013940,0.065872,-0.357126,0.247385,0.004941,GROUND,GROUND,RETURN,GROUND_DRIVE,True,True,False,True,True,False,32,21,approved_takeoff,unreachable_current_episode,False,takeoff_reposition_failed:timeout,0.000000
68.795000,7.358964,-0.013934,0.065922,-0.280860,0.193468,0.010418,GROUND,GROUND,RETURN,GROUND_DRIVE,True,True,False,True,True,False,32,21,approved_takeoff,unreachable_current_episode,False,takeoff_reposition_failed:timeout,0.000000
68.894000,7.355609,-0.013251,0.065872,-0.035864,0.020956,0.004958,GROUND,GROUND,RETURN,GROUND_DRIVE,True,True,False,True,True,False,32,21,approved_takeoff,unreachable_current_episode,False,takeoff_reposition_failed:timeout,0.000000
68.994000,7.351796,-0.013258,0.065871,-0.031194,0.015247,0.000743,GROUND,GROUND,RETURN,GROUND_DRIVE,True,True,False,True,True,False,32,21,approved_takeoff,unreachable_current_episode,False,takeoff_reposition_failed:timeout,0.000000
69.093000,7.348413,-0.013260,0.065870,-0.034436,0.011141,-0.000635,GROUND,GROUND,RETURN,GROUND_DRIVE,True,True,False,True,True,False,32,21,approved_takeoff,unreachable_current_episode,False,takeoff_reposition_failed:timeout,0.000000
69.193000,7.344678,-0.013229,0.065870,-0.040498,0.013121,-0.000636,GROUND,GROUND,RETURN,GROUND_DRIVE,True,True,False,True,True,False,32,21,approved_takeoff,unreachable_current_episode,False,takeoff_reposition_failed:timeout,0.000000
69.292000,7.340016,-0.013047,0.065871,-0.051314,0.015178,0.000653,GROUND,GROUND,RETURN,GROUND_DRIVE,True,True,False,True,True,False,32,21,approved_takeoff,unreachable_current_episode,False,takeoff_reposition_failed:timeout,0.000000
69.391000,7.333697,-0.012863,0.065870,-0.075167,0.012300,-0.000451,GROUND,GROUND,RETURN,GROUND_DRIVE,True,True,False,True,True,False,32,21,approved_takeoff,unreachable_current_episode,False,takeoff_reposition_failed:timeout,0.000000
69.491000,7.324866,-0.012874,0.065870,-0.104546,0.004352,-0.000426,GROUND,GROUND,RETURN,GROUND_DRIVE,True,True,False,True,True,False,32,21,approved_takeoff,unreachable_current_episode,False,takeoff_reposition_failed:timeout,0.000000
69.590000,7.320969,-0.013005,0.065870,-0.001196,0.000160,-0.000462,GROUND,GROUND,RETURN,GROUND_DRIVE,True,True,False,True,True,False,32,21,approved_takeoff,unreachable_current_episode,False,takeoff_reposition_failed:timeout,0.000000
69.690000,7.320975,-0.012997,0.065870,-0.000654,0.000069,-0.000889,GROUND,GROUND,RETURN,GROUND_DRIVE,True,True,False,True,True,False,32,21,approved_takeoff,unreachable_current_episode,False,takeoff_reposition_failed:timeout,0.000000
69.789000,7.320974,-0.012989,0.065871,0.000654,0.000083,0.000889,GROUND,GROUND,RETURN,GROUND_DRIVE,True,True,False,True,True,False,32,21,approved_takeoff,unreachable_current_episode,False,takeoff_reposition_failed:timeout,0.000000
69.888000,7.320975,-0.012982,0.065870,-0.000654,0.000069,-0.000889,GROUND,GROUND,RETURN,GROUND_DRIVE,True,True,False,True,True,False,32,21,approved_takeoff,unreachable_current_episode,False,takeoff_reposition_failed:timeout,0.000000
69.988000,7.320974,-0.012974,0.065871,0.000654,0.000083,0.000889,GROUND,GROUND,RETURN,GROUND_DRIVE,True,True,False,True,True,False,32,21,approved_takeoff,unreachable_current_episode,False,takeoff_reposition_failed:timeout,0.000000
70.087000,7.321732,-0.012969,0.065871,0.040314,0.000122,0.000396,TAKEOFF,GROUND,RETURN,TAKEOFF_REPOSITION,True,True,False,True,True,False,32,41,recent_reverse_path,observed_ground_path,False,takeoff_reposition_active,0.000000
70.186000,7.330567,-0.012970,0.065870,0.137192,0.000378,-0.000539,TAKEOFF,GROUND,RETURN,TAKEOFF_REPOSITION,True,True,False,True,True,False,32,41,recent_reverse_path,observed_ground_path,False,takeoff_reposition_active,0.000000
70.286000,7.348115,-0.012970,0.065870,0.187987,0.000519,-0.000507,TAKEOFF,GROUND,RETURN,TAKEOFF_REPOSITION,True,True,False,True,True,False,32,41,recent_reverse_path,observed_ground_path,False,takeoff_reposition_active,0.000000
70.385000,7.366486,-0.012971,0.065871,0.181439,0.000547,0.000503,TAKEOFF,GROUND,RETURN,TAKEOFF_REPOSITION,True,True,False,True,True,False,32,41,recent_reverse_path,observed_ground_path,False,takeoff_reposition_active,0.000000
70.485000,7.383853,-0.012972,0.065871,0.168945,0.000526,0.000508,TAKEOFF,GROUND,RETURN,TAKEOFF_REPOSITION,True,True,False,True,True,True,32,41,recent_reverse_path,observed_ground_path,False,takeoff_reposition_active,0.000000
70.584000,7.399847,-0.012972,0.065870,0.154102,0.000428,-0.000506,TAKEOFF,GROUND,RETURN,TAKEOFF_REPOSITION,True,True,False,True,True,True,32,41,recent_reverse_path,observed_ground_path,False,takeoff_reposition_active,0.000000
70.683000,7.414726,-0.012973,0.065871,0.146361,0.000495,0.000508,TAKEOFF,GROUND,RETURN,TAKEOFF_REPOSITION,True,True,False,True,True,True,32,41,recent_reverse_path,observed_ground_path,False,takeoff_reposition_active,0.000000
70.783000,7.428703,-0.012973,0.065871,0.136166,0.000484,0.000509,TAKEOFF,GROUND,RETURN,TAKEOFF_REPOSITION,True,True,False,True,True,True,32,41,recent_reverse_path,observed_ground_path,False,takeoff_reposition_active,0.000000
70.882000,7.441570,-0.012974,0.065870,0.123613,0.000355,-0.000508,TAKEOFF,GROUND,RETURN,TAKEOFF_REPOSITION,True,True,False,True,True,True,32,41,recent_reverse_path,observed_ground_path,False,takeoff_reposition_active,0.000000
70.982000,7.453656,-0.012975,0.065870,0.114799,0.000334,-0.000508,TAKEOFF,GROUND,RETURN,TAKEOFF_REPOSITION,True,True,False,True,True,True,32,41,recent_reverse_path,observed_ground_path,False,takeoff_reposition_active,0.000000
71.081000,7.464783,-0.012975,0.065871,0.109808,0.000463,0.000509,TAKEOFF,GROUND,RETURN,TAKEOFF_REPOSITION,True,True,False,True,True,True,32,41,recent_reverse_path,observed_ground_path,False,takeoff_reposition_active,0.000000
71.180000,7.475134,-0.012976,0.065870,0.099102,0.000298,-0.000508,TAKEOFF,GROUND,RETURN,TAKEOFF_REPOSITION,True,True,False,True,True,True,32,41,recent_reverse_path,observed_ground_path,False,takeoff_reposition_active,0.000000
71.280000,7.484857,-0.012977,0.065870,0.092014,0.000281,-0.000508,TAKEOFF,GROUND,RETURN,TAKEOFF_REPOSITION,True,True,False,True,True,True,32,41,recent_reverse_path,observed_ground_path,False,takeoff_reposition_active,0.000000
71.379000,7.493808,-0.012977,0.065871,0.088619,0.000456,0.000510,TAKEOFF,GROUND,RETURN,TAKEOFF_REPOSITION,True,True,False,True,True,True,32,41,recent_reverse_path,observed_ground_path,False,takeoff_reposition_active,0.000000
71.479000,7.502216,-0.012978,0.065871,0.082490,0.000456,0.000510,TAKEOFF,GROUND,RETURN,TAKEOFF_REPOSITION,True,True,False,True,True,True,32,41,recent_reverse_path,observed_ground_path,False,takeoff_reposition_active,0.000000
71.578000,7.509957,-0.012978,0.065870,0.073696,0.000234,-0.000509,TAKEOFF,GROUND,RETURN,TAKEOFF_REPOSITION,True,True,False,True,True,True,32,41,recent_reverse_path,observed_ground_path,False,takeoff_reposition_active,0.000000
71.677000,7.517158,-0.012979,0.065871,0.071582,0.000457,0.000510,TAKEOFF,GROUND,RETURN,TAKEOFF_REPOSITION,True,True,False,True,True,True,32,41,recent_reverse_path,observed_ground_path,False,takeoff_reposition_active,0.000000
71.777000,7.523922,-0.012979,0.065871,0.066653,0.000459,0.000511,TAKEOFF,GROUND,RETURN,TAKEOFF_REPOSITION,True,True,False,True,True,True,32,41,recent_reverse_path,observed_ground_path,False,takeoff_reposition_active,0.000000
71.876000,7.530149,-0.012980,0.065870,0.058968,0.000192,-0.000510,TAKEOFF,GROUND,RETURN,TAKEOFF_REPOSITION,True,True,False,True,True,True,32,41,recent_reverse_path,observed_ground_path,False,takeoff_reposition_active,0.000000
71.976000,7.535999,-0.012981,0.065870,0.054705,0.000178,-0.000510,TAKEOFF,GROUND,RETURN,TAKEOFF_REPOSITION,True,True,False,True,True,True,32,41,recent_reverse_path,observed_ground_path,False,takeoff_reposition_active,0.000000
72.075000,7.541384,-0.012981,0.065871,0.053919,0.000467,0.000511,TAKEOFF,GROUND,RETURN,TAKEOFF_REPOSITION,True,True,False,True,True,True,32,41,recent_reverse_path,observed_ground_path,False,takeoff_reposition_active,0.000000
72.174000,7.546393,-0.012982,0.065870,0.047126,0.000150,-0.000510,TAKEOFF,GROUND,RETURN,TAKEOFF_REPOSITION,True,True,False,True,True,True,32,41,recent_reverse_path,observed_ground_path,False,takeoff_reposition_active,0.000000
72.274000,7.551099,-0.012982,0.065870,0.043697,0.000136,-0.000511,TAKEOFF,GROUND,RETURN,TAKEOFF_REPOSITION,True,True,False,True,True,True,32,41,recent_reverse_path,observed_ground_path,False,takeoff_reposition_active,0.000000
72.373000,7.555431,-0.012983,0.065871,0.043680,0.000478,0.000511,TAKEOFF,GROUND,RETURN,TAKEOFF_REPOSITION,True,True,False,True,True,True,32,41,recent_reverse_path,observed_ground_path,False,takeoff_reposition_active,0.000000
72.473000,7.559500,-0.012983,0.065871,0.040715,0.000482,0.000511,TAKEOFF,GROUND,RETURN,TAKEOFF_REPOSITION,True,True,False,True,True,True,32,41,recent_reverse_path,observed_ground_path,False,takeoff_reposition_active,0.000000
72.572000,7.563247,-0.012984,0.065870,0.034846,0.000094,-0.000511,TAKEOFF,GROUND,RETURN,TAKEOFF_REPOSITION,True,True,False,True,True,True,32,41,recent_reverse_path,observed_ground_path,False,takeoff_reposition_active,0.000000
72.671000,7.566732,-0.012984,0.065871,0.035447,0.000490,0.000511,TAKEOFF,GROUND,RETURN,TAKEOFF_REPOSITION,True,True,False,True,True,True,32,41,recent_reverse_path,observed_ground_path,False,takeoff_reposition_active,0.000000
72.771000,7.570005,-0.012985,0.065871,0.033062,0.000494,0.000511,TAKEOFF,GROUND,RETURN,TAKEOFF_REPOSITION,True,True,False,True,True,True,32,41,recent_reverse_path,observed_ground_path,False,takeoff_reposition_active,0.000000
72.870000,7.573019,-0.012986,0.065870,0.027729,0.000052,-0.000512,TAKEOFF,GROUND,RETURN,TAKEOFF_REPOSITION,True,True,False,True,True,True,32,41,recent_reverse_path,observed_ground_path,False,takeoff_reposition_active,0.000000
72.970000,7.575850,-0.012986,0.065870,0.025666,0.000038,-0.000511,TAKEOFF,GROUND,RETURN,TAKEOFF_REPOSITION,True,True,False,True,True,True,32,41,recent_reverse_path,observed_ground_path,False,takeoff_reposition_active,0.000000
73.069000,7.578456,-0.012986,0.065871,0.026906,0.000518,0.000512,TAKEOFF,GROUND,RETURN,TAKEOFF_REPOSITION,True,True,False,True,True,True,32,41,recent_reverse_path,observed_ground_path,False,takeoff_reposition_active,0.000000
73.168000,7.580881,-0.012983,0.065870,0.022005,0.000069,-0.000512,TAKEOFF,GROUND,RETURN,TAKEOFF_REPOSITION,True,True,False,True,True,True,32,41,recent_reverse_path,observed_ground_path,False,takeoff_reposition_active,0.000000
73.268000,7.583158,-0.012979,0.065870,0.020345,0.000084,-0.000512,TAKEOFF,GROUND,RETURN,TAKEOFF_REPOSITION,True,True,False,True,True,True,32,41,recent_reverse_path,observed_ground_path,False,takeoff_reposition_active,0.000000
73.367000,7.585255,-0.012973,0.065871,0.021954,0.000563,0.000512,TAKEOFF,GROUND,RETURN,TAKEOFF_REPOSITION,True,True,False,True,True,True,32,41,recent_reverse_path,observed_ground_path,False,takeoff_reposition_active,0.000000
73.467000,7.587224,-0.012965,0.065871,0.020518,0.000579,0.000512,TAKEOFF,GROUND,RETURN,TAKEOFF_REPOSITION,True,True,False,True,True,True,32,41,recent_reverse_path,observed_ground_path,False,takeoff_reposition_active,0.000000
73.566000,7.589037,-0.012955,0.065870,0.016064,0.000130,-0.000512,TAKEOFF,GROUND,RETURN,TAKEOFF_REPOSITION,True,True,False,True,True,True,32,41,recent_reverse_path,observed_ground_path,False,takeoff_reposition_active,0.000000
73.665000,7.590724,-0.012943,0.065871,0.017971,0.000616,0.000512,TAKEOFF,GROUND,RETURN,TAKEOFF_REPOSITION,True,True,False,True,True,True,32,41,recent_reverse_path,observed_ground_path,False,takeoff_reposition_active,0.000000
73.765000,7.592308,-0.012929,0.065871,0.016815,0.000636,0.000512,TAKEOFF,GROUND,RETURN,TAKEOFF_REPOSITION,True,True,False,True,True,True,32,41,recent_reverse_path,observed_ground_path,False,takeoff_reposition_active,0.000000
73.864000,7.593767,-0.012914,0.065870,0.012621,0.000189,-0.000512,TAKEOFF,GROUND,RETURN,TAKEOFF_REPOSITION,True,True,False,True,True,True,32,41,recent_reverse_path,observed_ground_path,False,takeoff_reposition_active,0.000000
73.964000,7.595137,-0.012895,0.065870,0.011622,0.000212,-0.000512,TAKEOFF,GROUND,RETURN,TAKEOFF_REPOSITION,True,True,False,True,True,True,32,41,recent_reverse_path,observed_ground_path,False,takeoff_reposition_active,0.000000
74.063000,7.596398,-0.012874,0.065871,0.013835,0.000709,0.000513,TAKEOFF,GROUND,RETURN,TAKEOFF_REPOSITION,True,True,False,True,True,True,32,41,recent_reverse_path,observed_ground_path,False,takeoff_reposition_active,0.000000
74.162000,7.597571,-0.012850,0.065870,0.009851,0.000263,-0.000512,TAKEOFF,GROUND,RETURN,TAKEOFF_REPOSITION,True,True,False,True,True,True,32,41,recent_reverse_path,observed_ground_path,False,takeoff_reposition_active,0.000000
74.262000,7.598674,-0.012823,0.065870,0.009046,0.000293,-0.000513,TAKEOFF,GROUND,RETURN,TAKEOFF_REPOSITION,True,True,False,True,True,True,32,41,recent_reverse_path,observed_ground_path,False,takeoff_reposition_active,0.000000
74.361000,7.599688,-0.012793,0.065871,0.011436,0.000802,0.000513,TAKEOFF,GROUND,RETURN,TAKEOFF_REPOSITION,True,True,False,True,True,True,32,41,recent_reverse_path,observed_ground_path,False,takeoff_reposition_active,0.000000
74.461000,7.600641,-0.012759,0.065871,0.010738,0.000839,0.000513,TAKEOFF,GROUND,RETURN,TAKEOFF_REPOSITION,True,True,False,True,True,True,32,41,recent_reverse_path,observed_ground_path,False,takeoff_reposition_active,0.000000
74.560000,7.601519,-0.012722,0.065870,0.006973,0.000397,-0.000513,TAKEOFF,GROUND,RETURN,TAKEOFF_REPOSITION,True,True,False,True,True,True,32,41,recent_reverse_path,observed_ground_path,False,takeoff_reposition_active,0.000000
74.659000,7.602335,-0.012681,0.065871,0.009503,0.000922,0.000513,TAKEOFF,GROUND,RETURN,TAKEOFF_REPOSITION,True,True,False,True,True,True,32,41,recent_reverse_path,observed_ground_path,False,takeoff_reposition_active,0.000000
74.759000,7.603102,-0.012635,0.065871,0.008940,0.000970,0.000513,TAKEOFF,GROUND,RETURN,TAKEOFF_REPOSITION,True,True,False,True,True,True,32,41,recent_reverse_path,observed_ground_path,False,takeoff_reposition_active,0.000000
74.858000,7.603807,-0.012585,0.065870,0.005302,0.000532,-0.000513,TAKEOFF,GROUND,RETURN,TAKEOFF_REPOSITION,True,True,False,True,True,True,32,41,recent_reverse_path,observed_ground_path,False,takeoff_reposition_active,0.000000
74.958000,7.604476,-0.012530,0.065870,0.005024,0.000550,-0.000504,TAKEOFF,GROUND,RETURN,TAKEOFF_REPOSITION,True,True,False,True,True,True,32,41,recent_reverse_path,observed_ground_path,False,takeoff_reposition_active,0.000000
75.057000,7.605116,-0.012480,0.065871,0.007828,0.000944,0.000503,TAKEOFF,GROUND,RETURN,TAKEOFF_REPOSITION,True,True,False,True,True,True,32,41,recent_reverse_path,observed_ground_path,False,takeoff_reposition_active,0.000000
75.156000,7.605483,-0.012460,0.065871,-0.001148,-0.000062,-0.000034,TAKEOFF,TAKEOFF,RETURN,PRE_TAKEOFF_BRAKE,True,True,False,True,True,True,32,41,recent_reverse_path,verified_current_epoch,True,takeoff_reposition_succeeded,0.000000
75.256000,7.605425,-0.012460,0.065871,-0.002061,-0.000094,-0.000087,TAKEOFF,TAKEOFF,RETURN,PRE_TAKEOFF_BRAKE,True,True,False,True,True,True,32,41,recent_reverse_path,verified_current_epoch,True,takeoff_reposition_succeeded,0.000000
75.355000,7.605342,-0.012459,0.065871,0.000396,0.000040,0.000115,TAKEOFF,TAKEOFF,RETURN,PRE_TAKEOFF_BRAKE,True,True,False,True,True,True,32,41,recent_reverse_path,verified_current_epoch,True,takeoff_reposition_succeeded,0.000000
75.455000,7.605217,-0.012459,0.065871,-0.001096,-0.000064,0.000098,TAKEOFF,TAKEOFF,RETURN,TAKEOFF_VERTICAL,False,False,True,False,True,True,32,41,recent_reverse_path,verified_current_epoch,True,takeoff_reposition_succeeded,114.782007
75.554000,7.605117,-0.012479,0.070702,-0.000711,-0.000300,0.151658,TAKEOFF,TAKEOFF,RETURN,TAKEOFF_VERTICAL,False,False,True,False,True,True,32,41,recent_reverse_path,verified_current_epoch,True,takeoff_reposition_succeeded,771.154434
75.653000,7.605086,-0.012510,0.097308,-0.000096,-0.000352,0.377097,TAKEOFF,TAKEOFF,RETURN,TAKEOFF_VERTICAL,False,False,True,False,True,True,32,41,recent_reverse_path,verified_current_epoch,True,takeoff_reposition_succeeded,758.884628
75.753000,7.605084,-0.012541,0.144754,0.000024,-0.000311,0.562906,TAKEOFF,TAKEOFF,RETURN,TAKEOFF_VERTICAL,False,False,True,False,True,True,32,41,recent_reverse_path,verified_current_epoch,True,takeoff_reposition_succeeded,745.261850
75.852000,7.605090,-0.012566,0.207985,0.000059,-0.000255,0.706587,TAKEOFF,TAKEOFF,RETURN,TAKEOFF_VERTICAL,False,False,True,False,True,True,32,41,recent_reverse_path,verified_current_epoch,True,takeoff_reposition_succeeded,732.405126
75.952000,7.605100,-0.012586,0.284369,0.000110,-0.000203,0.813951,TAKEOFF,TAKEOFF,RETURN,TAKEOFF_VERTICAL,False,False,True,False,True,True,32,41,recent_reverse_path,verified_current_epoch,True,takeoff_reposition_succeeded,720.256110
76.051000,7.605113,-0.012599,0.368824,0.000132,-0.000149,0.886117,TAKEOFF,TAKEOFF,RETURN,TAKEOFF_VERTICAL,False,False,True,False,True,True,32,41,recent_reverse_path,verified_current_epoch,True,takeoff_reposition_succeeded,709.241509
76.150000,7.605126,-0.012608,0.458877,0.000139,-0.000098,0.927940,TAKEOFF,TAKEOFF,RETURN,TAKEOFF_VERTICAL,False,False,True,False,True,True,32,41,recent_reverse_path,verified_current_epoch,True,takeoff_reposition_succeeded,699.288143
76.250000,7.605140,-0.012612,0.552643,0.000143,-0.000051,0.943014,TAKEOFF,TAKEOFF,RETURN,TAKEOFF_VERTICAL,False,False,True,False,True,True,32,41,recent_reverse_path,verified_current_epoch,True,takeoff_reposition_succeeded,690.466978
76.349000,7.605154,-0.012612,0.645768,0.000142,-0.000009,0.934865,TAKEOFF,TAKEOFF,RETURN,TAKEOFF_VERTICAL,False,False,True,False,True,True,32,41,recent_reverse_path,verified_current_epoch,True,takeoff_reposition_succeeded,682.944249
76.449000,7.605168,-0.012608,0.737999,0.000138,0.000028,0.907069,TAKEOFF,TAKEOFF,RETURN,TAKEOFF_VERTICAL,False,False,True,False,True,True,32,41,recent_reverse_path,verified_current_epoch,True,takeoff_reposition_succeeded,676.605761
76.548000,7.605181,-0.012602,0.825746,0.000132,0.000059,0.863693,TAKEOFF,TAKEOFF,RETURN,TAKEOFF_VERTICAL,False,False,True,False,True,True,32,41,recent_reverse_path,verified_current_epoch,True,takeoff_reposition_succeeded,671.520284
76.647000,7.605193,-0.012594,0.908552,0.000124,0.000084,0.807913,TAKEOFF,TAKEOFF,RETURN,TAKEOFF_VERTICAL,False,False,True,False,True,True,32,41,recent_reverse_path,verified_current_epoch,True,takeoff_reposition_succeeded,667.561614
76.747000,7.605205,-0.012583,0.986087,0.000115,0.000103,0.742101,TAKEOFF,TAKEOFF,RETURN,TAKEOFF_VERTICAL,False,False,True,False,True,True,32,41,recent_reverse_path,verified_current_epoch,True,takeoff_reposition_succeeded,664.666048
76.846000,7.605216,-0.012572,1.056015,0.000105,0.000118,0.670453,TAKEOFF,TAKEOFF,RETURN,TAKEOFF_VERTICAL,False,False,True,False,True,True,32,41,recent_reverse_path,verified_current_epoch,True,takeoff_reposition_succeeded,662.790282
76.946000,7.605225,-0.012559,1.119228,0.000094,0.000127,0.594128,TAKEOFF,TAKEOFF,RETURN,TAKEOFF_VERTICAL,False,False,True,False,True,True,32,41,recent_reverse_path,verified_current_epoch,True,takeoff_reposition_succeeded,661.792756
77.045000,7.605234,-0.012547,1.174192,0.000083,0.000132,0.516924,TAKEOFF,TAKEOFF,RETURN,TAKEOFF_VERTICAL,False,False,True,False,True,True,32,41,recent_reverse_path,verified_current_epoch,True,takeoff_reposition_succeeded,661.584540
77.144000,7.605242,-0.012534,1.221517,0.000072,0.000133,0.440148,TAKEOFF,TAKEOFF,RETURN,TAKEOFF_VERTICAL,False,False,True,False,True,True,32,41,recent_reverse_path,verified_current_epoch,True,takeoff_reposition_succeeded,662.100198
77.244000,7.605248,-0.012521,1.261700,0.000061,0.000131,0.364742,TAKEOFF,TAKEOFF,RETURN,TAKEOFF_VERTICAL,False,False,True,False,True,True,32,41,recent_reverse_path,verified_current_epoch,True,takeoff_reposition_succeeded,663.156311
77.343000,7.605254,-0.012508,1.294216,0.000051,0.000127,0.293520,TAKEOFF,TAKEOFF,RETURN,TAKEOFF_VERTICAL,False,False,True,False,True,True,32,41,recent_reverse_path,verified_current_epoch,True,takeoff_reposition_succeeded,664.619873
77.443000,7.605259,-0.012496,1.320121,0.000041,0.000120,0.226084,TAKEOFF,TAKEOFF,RETURN,TAKEOFF_VERTICAL,False,False,True,False,True,True,32,41,recent_reverse_path,verified_current_epoch,True,takeoff_reposition_succeeded,666.430481
77.542000,7.605262,-0.012485,1.339381,0.000031,0.000112,0.164547,AIR,TAKEOFF,RETURN,TAKEOFF_CLEARANCE_CONFIRM,False,False,True,False,True,True,32,41,recent_reverse_path,verified_current_epoch,True,takeoff_reposition_succeeded,668.462142
77.641000,7.605265,-0.012474,1.352833,0.000023,0.000103,0.108764,AIR,TAKEOFF,RETURN,TAKEOFF_CLEARANCE_CONFIRM,False,False,True,False,True,True,32,41,recent_reverse_path,verified_current_epoch,True,takeoff_reposition_succeeded,670.645262
77.741000,7.605267,-0.012465,1.361124,0.002478,0.000130,0.059060,AIR,AIR,RETURN,AIR_HORIZONTAL_TRACK,False,False,True,False,True,True,32,41,recent_reverse_path,verified_current_epoch,True,takeoff_reposition_succeeded,679.561879
77.840000,7.602776,-0.012410,1.366496,0.016132,0.000655,0.083938,AIR,AIR,RETURN,AIR_HORIZONTAL_TRACK,False,False,True,False,True,True,32,41,recent_reverse_path,verified_current_epoch,True,takeoff_reposition_succeeded,731.168114
77.940000,7.569188,-0.011855,1.377459,-0.398642,-0.003370,0.470962,AIR,AIR,RETURN,AIR_HORIZONTAL_TRACK,False,False,True,False,True,True,32,41,recent_reverse_path,verified_current_epoch,True,takeoff_reposition_succeeded,772.929571
78.039000,7.471192,-0.010609,1.392262,-0.959528,-0.007443,0.958861,AIR,AIR,RETURN,AIR_HORIZONTAL_TRACK,False,False,True,False,True,True,32,41,recent_reverse_path,verified_current_epoch,True,takeoff_reposition_succeeded,760.136849
78.138000,7.301872,-0.009099,1.403251,-1.589535,-0.011341,1.312688,AIR,AIR,RETURN,AIR_HORIZONTAL_TRACK,False,False,True,False,True,True,32,41,recent_reverse_path,verified_current_epoch,True,takeoff_reposition_succeeded,738.952299
78.238000,7.064939,-0.007759,1.407509,-2.237178,-0.015077,1.477696,AIR,AIR,RETURN,AIR_HORIZONTAL_TRACK,False,False,True,False,True,True,32,41,recent_reverse_path,verified_current_epoch,True,takeoff_reposition_succeeded,720.079009
78.337000,6.775303,-0.006881,1.405082,-2.837299,-0.018160,1.444087,AIR,AIR,RETURN,AIR_HORIZONTAL_TRACK,False,False,True,False,True,True,32,41,recent_reverse_path,verified_current_epoch,True,takeoff_reposition_succeeded,705.611704
78.436000,6.442177,-0.006594,1.397450,-3.343930,-0.020629,1.245402,AIR,AIR,RETURN,AIR_HORIZONTAL_TRACK,False,False,True,False,True,True,32,41,recent_reverse_path,verified_current_epoch,True,takeoff_reposition_succeeded,695.456800
78.536000,6.073164,-0.006966,1.386096,-3.725156,-0.022734,0.930058,AIR,AIR,RETURN,AIR_HORIZONTAL_TRACK,False,False,True,False,True,True,32,41,recent_reverse_path,verified_current_epoch,True,takeoff_reposition_succeeded,689.100583
78.635000,5.686669,-0.007993,1.372567,-3.959575,-0.024623,0.560857,AIR,AIR,RETURN,AIR_HORIZONTAL_TRACK,False,False,True,False,True,True,32,41,recent_reverse_path,verified_current_epoch,True,takeoff_reposition_succeeded,686.053943
78.735000,5.285187,-0.009655,1.357481,-4.056897,-0.026408,0.183179,AIR,AIR,RETURN,AIR_HORIZONTAL_TRACK,False,False,True,False,True,True,32,41,recent_reverse_path,verified_current_epoch,True,takeoff_reposition_succeeded,685.635072
78.834000,4.885815,-0.011843,1.341647,-4.033579,-0.028018,-0.155197,AIR,AIR,RETURN,AIR_HORIZONTAL_TRACK,False,False,True,False,True,True,32,41,recent_reverse_path,verified_current_epoch,True,takeoff_reposition_succeeded,687.169126
78.933000,4.492357,-0.014475,1.325178,-3.915441,-0.029388,-0.434882,AIR,AIR,RETURN,AIR_HORIZONTAL_TRACK,False,False,True,False,True,True,32,41,recent_reverse_path,verified_current_epoch,True,takeoff_reposition_succeeded,689.837996
79.033000,4.107601,-0.017472,1.308003,-3.724899,-0.030398,-0.646469,AIR,AIR,RETURN,AIR_HORIZONTAL_TRACK,False,False,True,False,True,True,32,41,recent_reverse_path,verified_current_epoch,True,takeoff_reposition_succeeded,693.082338
79.132000,3.744625,-0.020659,1.290506,-3.488069,-0.030871,-0.785008,AIR,AIR,RETURN,AIR_HORIZONTAL_TRACK,False,False,True,False,True,True,32,41,recent_reverse_path,verified_current_epoch,True,takeoff_reposition_succeeded,696.458454
79.232000,3.400361,-0.023980,1.272406,-3.218269,-0.030692,-0.859956,AIR,AIR,RETURN,AIR_HORIZONTAL_TRACK,False,False,True,False,True,True,32,41,recent_reverse_path,verified_current_epoch,True,takeoff_reposition_succeeded,699.679704
79.331000,3.084823,-0.027254,1.254200,-2.934266,-0.029784,-0.879953,AIR,AIR,RETURN,AIR_HORIZONTAL_TRACK,False,False,True,False,True,True,32,41,recent_reverse_path,verified_current_epoch,True,takeoff_reposition_succeeded,702.495828
79.430000,2.796591,-0.030407,1.235922,-2.643099,-0.028113,-0.857290,AIR,AIR,RETURN,AIR_HORIZONTAL_TRACK,False,False,True,False,True,True,32,41,recent_reverse_path,verified_current_epoch,True,takeoff_reposition_succeeded,704.796551
79.530000,2.534478,-0.033368,1.217674,-2.348757,-0.025659,-0.802249,AIR,AIR,RETURN,AIR_HORIZONTAL_TRACK,False,False,True,False,True,True,32,41,recent_reverse_path,verified_current_epoch,True,takeoff_reposition_succeeded,706.537898
79.629000,2.304282,-0.035993,1.200151,-2.062106,-0.022518,-0.725983,AIR,AIR,RETURN,AIR_HORIZONTAL_TRACK,False,False,True,False,True,True,32,41,recent_reverse_path,verified_current_epoch,True,takeoff_reposition_succeeded,707.679373
79.729000,2.101264,-0.038259,1.183352,-1.781097,-0.018718,-0.635611,AIR,AIR,RETURN,AIR_HORIZONTAL_TRACK,False,False,True,False,True,True,32,41,recent_reverse_path,verified_current_epoch,True,takeoff_reposition_succeeded,708.268005
79.828000,1.928856,-0.040063,1.167960,-1.514292,-0.014434,-0.539839,AIR,AIR,RETURN,AIR_HORIZONTAL_TRACK,False,False,True,False,True,True,32,41,recent_reverse_path,verified_current_epoch,True,takeoff_reposition_succeeded,708.334480
79.927000,1.783812,-0.041384,1.154114,-1.261104,-0.009768,-0.443604,AIR,AIR,RETURN,AIR_HORIZONTAL_TRACK,False,False,True,False,True,True,32,41,recent_reverse_path,verified_current_epoch,True,takeoff_reposition_succeeded,707.926507
80.027000,1.663625,-0.042203,1.141963,-1.020893,-0.004811,-0.350389,LAND,LAND,DONE,LAND_VERTICAL,False,False,True,False,True,True,32,41,recent_reverse_path,verified_current_epoch,True,takeoff_reposition_succeeded,707.134046
80.126000,1.567467,-0.042534,1.125398,-0.802578,-0.000091,-0.439332,LAND,LAND,DONE,LAND_VERTICAL,False,False,True,False,True,True,32,41,recent_reverse_path,verified_current_epoch,True,takeoff_reposition_succeeded,615.891039
80.226000,1.487892,-0.042605,1.088743,-0.612284,-0.000407,-0.586068,LAND,LAND,DONE,LAND_VERTICAL,False,False,True,False,True,True,32,41,recent_reverse_path,verified_current_epoch,True,takeoff_reposition_succeeded,630.241040
80.325000,1.424873,-0.042644,1.034916,-0.448591,-0.001628,-0.702052,LAND,LAND,DONE,LAND_VERTICAL,False,False,True,False,True,True,32,41,recent_reverse_path,verified_current_epoch,True,takeoff_reposition_succeeded,644.378864
80.424000,1.376295,-0.042742,0.967582,-0.307208,-0.002354,-0.789461,LAND,LAND,DONE,LAND_VERTICAL,False,False,True,False,True,True,32,41,recent_reverse_path,verified_current_epoch,True,takeoff_reposition_succeeded,657.083614
80.524000,1.340556,-0.042906,0.889527,-0.185211,-0.002582,-0.850506,LAND,LAND,DONE,LAND_VERTICAL,False,False,True,False,True,True,32,41,recent_reverse_path,verified_current_epoch,True,takeoff_reposition_succeeded,668.521619
80.623000,1.317000,-0.043109,0.805597,-0.083062,-0.002423,-0.886259,LAND,LAND,DONE,LAND_VERTICAL,False,False,True,False,True,True,32,41,recent_reverse_path,verified_current_epoch,True,takeoff_reposition_succeeded,678.369134
80.723000,1.303736,-0.043323,0.717041,0.003253,-0.001987,-0.899894,LAND,LAND,DONE,LAND_VERTICAL,False,False,True,False,True,True,32,41,recent_reverse_path,verified_current_epoch,True,takeoff_reposition_succeeded,687.012781
80.822000,1.299652,-0.043516,0.628166,0.073834,-0.001377,-0.893733,LAND,LAND,DONE,LAND_VERTICAL,False,False,True,False,True,True,32,41,recent_reverse_path,verified_current_epoch,True,takeoff_reposition_succeeded,694.299312
80.921000,1.303236,-0.043668,0.540247,0.131277,-0.000662,-0.870739,LAND,LAND,DONE,LAND_VERTICAL,False,False,True,False,True,True,32,41,recent_reverse_path,verified_current_epoch,True,takeoff_reposition_succeeded,700.299854
81.021000,1.313352,-0.043763,0.454227,0.177487,0.000112,-0.833142,LAND,LAND,DONE,LAND_VERTICAL,False,False,True,False,True,True,32,41,recent_reverse_path,verified_current_epoch,True,takeoff_reposition_succeeded,705.157417
81.120000,1.328597,-0.043789,0.373285,0.212916,0.000882,-0.784369,LAND,LAND,DONE,LAND_VERTICAL,False,False,True,False,True,True,32,41,recent_reverse_path,verified_current_epoch,True,takeoff_reposition_succeeded,708.911779
81.220000,1.348158,-0.043741,0.296937,0.239534,0.001627,-0.726088,LAND,LAND,DONE,LAND_VERTICAL,False,False,True,False,True,True,32,41,recent_reverse_path,verified_current_epoch,True,takeoff_reposition_succeeded,711.713795
81.319000,1.370632,-0.043621,0.227553,0.257902,0.002302,-0.661843,LAND,LAND,DONE,LAND_VERTICAL,False,False,True,False,True,True,32,41,recent_reverse_path,verified_current_epoch,True,takeoff_reposition_succeeded,713.593415
81.418000,1.395294,-0.043433,0.164909,0.269322,0.002896,-0.593335,LAND,LAND,DONE,LAND_VERTICAL,False,False,True,False,True,True,32,41,recent_reverse_path,verified_current_epoch,True,takeoff_reposition_succeeded,714.680864
81.518000,1.421613,-0.043179,0.108814,0.274733,0.003404,-0.521856,LAND,LAND,DONE,LAND_VERTICAL,False,False,True,False,True,True,32,41,recent_reverse_path,verified_current_epoch,True,takeoff_reposition_succeeded,715.090004
81.617000,1.448059,-0.042930,0.066416,0.265834,0.000109,0.050421,LAND,LAND,DONE,LAND_VERTICAL,False,False,True,False,True,True,32,41,recent_reverse_path,verified_current_epoch,True,takeoff_reposition_succeeded,710.640552
81.717000,1.470861,-0.042949,0.072669,0.201748,0.000125,0.052395,LAND,LAND,DONE,LAND_VERTICAL,False,False,True,False,True,True,32,41,recent_reverse_path,verified_current_epoch,True,takeoff_reposition_succeeded,685.880685
81.816000,1.489857,-0.042942,0.077979,0.179036,0.000568,0.046496,LAND,LAND,DONE,LAND_VERTICAL,False,False,True,False,True,True,32,41,recent_reverse_path,verified_current_epoch,True,takeoff_reposition_succeeded,684.900443
81.915000,1.507713,-0.042886,0.082026,0.178651,0.001144,0.035070,LAND,LAND,DONE,LAND_VERTICAL,False,False,True,False,True,True,32,41,recent_reverse_path,verified_current_epoch,True,takeoff_reposition_succeeded,685.374969
82.015000,1.525534,-0.042780,0.084913,0.177616,0.001595,0.023346,LAND,LAND,DONE,LAND_VERTICAL,False,False,True,False,True,True,32,41,recent_reverse_path,verified_current_epoch,True,takeoff_reposition_succeeded,685.725636
82.114000,1.542993,-0.042634,0.086679,0.175510,0.001942,0.012687,LAND,LAND,DONE,LAND_VERTICAL,False,False,True,False,True,True,32,41,recent_reverse_path,verified_current_epoch,True,takeoff_reposition_succeeded,686.180083
82.214000,1.560300,-0.042454,0.087487,0.171287,0.002205,0.003135,LAND,LAND,DONE,LAND_VERTICAL,False,False,True,False,True,True,32,41,recent_reverse_path,verified_current_epoch,True,takeoff_reposition_succeeded,686.652701
82.313000,1.576903,-0.042252,0.087450,0.164825,0.002379,-0.004991,LAND,LAND,DONE,LAND_VERTICAL,False,False,True,False,True,True,32,41,recent_reverse_path,verified_current_epoch,True,takeoff_reposition_succeeded,687.109555
82.412000,1.592773,-0.042035,0.086706,0.156342,0.002470,-0.011780,LAND,LAND,DONE,LAND_VERTICAL,False,False,True,False,True,True,32,41,recent_reverse_path,verified_current_epoch,True,takeoff_reposition_succeeded,687.553085
82.512000,1.607879,-0.041808,0.085361,0.146115,0.002486,-0.017309,LAND,LAND,DONE,LAND_VERTICAL,False,False,True,False,True,True,32,41,recent_reverse_path,verified_current_epoch,True,takeoff_reposition_succeeded,687.983658
82.611000,1.621776,-0.041582,0.083558,0.134764,0.002432,-0.021537,LAND,LAND,DONE,LAND_VERTICAL,False,False,True,False,True,True,32,41,recent_reverse_path,verified_current_epoch,True,takeoff_reposition_succeeded,688.378500
82.711000,1.634641,-0.041361,0.081373,0.122459,0.002316,-0.024653,LAND,LAND,DONE,LAND_VERTICAL,False,False,True,False,True,True,32,41,recent_reverse_path,verified_current_epoch,True,takeoff_reposition_succeeded,688.746512
82.810000,1.646150,-0.041153,0.078950,0.109805,0.002147,-0.026704,LAND,LAND,DONE,LAND_VERTICAL,False,False,True,False,True,True,32,41,recent_reverse_path,verified_current_epoch,True,takeoff_reposition_succeeded,689.074027
82.909000,1.656406,-0.040963,0.076361,0.096996,0.001933,-0.027845,LAND,LAND,DONE,LAND_VERTICAL,False,False,True,False,True,True,32,41,recent_reverse_path,verified_current_epoch,True,takeoff_reposition_succeeded,689.363435
83.009000,1.665489,-0.040792,0.073657,0.084173,0.001681,-0.028194,LAND,LAND,DONE,LAND_VERTICAL,False,False,True,False,True,True,32,41,recent_reverse_path,verified_current_epoch,True,takeoff_reposition_succeeded,689.619005
83.108000,1.673165,-0.040649,0.070993,0.071942,0.001409,-0.027868,LAND,LAND,DONE,TOUCHDOWN_SETTLE,False,False,True,False,True,True,32,41,recent_reverse_path,verified_current_epoch,True,takeoff_reposition_succeeded,689.832820
83.208000,1.679850,-0.040528,0.068293,0.059871,0.001112,-0.026962,LAND,LAND,DONE,TOUCHDOWN_SETTLE,False,False,True,False,True,True,32,41,recent_reverse_path,verified_current_epoch,True,takeoff_reposition_succeeded,690.011875
83.307000,1.685235,-0.040438,0.066171,0.042073,0.001396,-0.005081,LAND,LAND,DONE,TOUCHDOWN_SETTLE,False,False,True,False,True,True,32,41,recent_reverse_path,verified_current_epoch,True,takeoff_reposition_succeeded,690.259629
83.406000,1.690031,-0.040396,0.066370,0.050836,0.000667,0.004035,LAND,LAND,DONE,TOUCHDOWN_SETTLE,False,False,True,False,True,True,32,41,recent_reverse_path,verified_current_epoch,True,takeoff_reposition_succeeded,688.879404
83.506000,1.694473,-0.040553,0.066093,0.020290,-0.001635,-0.040394,GROUND,LAND,DONE,DISARM_CONFIRM,False,False,False,True,True,True,32,41,recent_reverse_path,verified_current_epoch,True,takeoff_reposition_succeeded,274.395027
83.605000,1.696407,-0.040563,0.065871,0.004049,0.000002,0.000354,GROUND,LAND,DONE,DISARM_CONFIRM,False,False,False,True,True,True,32,41,recent_reverse_path,verified_current_epoch,True,takeoff_reposition_succeeded,5.230824
83.705000,1.696575,-0.040563,0.065871,0.001428,-0.000001,0.000719,GROUND,LAND,DONE,DISARM_CONFIRM,False,False,False,True,True,True,32,41,recent_reverse_path,verified_current_epoch,True,takeoff_reposition_succeeded,0.095806
83.804000,1.696473,-0.040563,0.065870,-0.003757,-0.000006,-0.000468,GROUND,LAND,DONE,DISARM_CONFIRM,False,False,False,True,True,True,32,41,recent_reverse_path,verified_current_epoch,True,takeoff_reposition_succeeded,0.001826
83.903000,1.697743,-0.040508,0.065871,0.053427,0.001952,0.000611,GROUND,GROUND,DONE,GROUND_REACQUIRE,True,True,False,True,True,True,32,41,recent_reverse_path,verified_current_epoch,True,takeoff_reposition_succeeded,0.000035
84.003000,1.707878,-0.039941,0.065871,0.150644,0.007324,0.000551,GROUND,GROUND,DONE,GROUND_DRIVE,True,True,False,True,True,True,32,41,recent_reverse_path,verified_current_epoch,True,takeoff_reposition_succeeded,0.000001
84.102000,1.725220,-0.038701,0.065870,0.181541,0.007094,-0.000498,GROUND,GROUND,DONE,GROUND_DRIVE,True,True,False,True,True,True,32,41,recent_reverse_path,verified_current_epoch,True,takeoff_reposition_succeeded,0.000000
84.202000,1.742939,-0.037384,0.065870,0.171033,0.003371,-0.000529,GROUND,GROUND,DONE,GROUND_DRIVE,True,True,False,True,True,True,32,41,recent_reverse_path,verified_current_epoch,True,takeoff_reposition_succeeded,0.000000
84.301000,1.759320,-0.036187,0.065871,0.162376,0.000352,0.000538,GROUND,GROUND,DONE,GROUND_DRIVE,True,True,False,True,True,True,32,41,recent_reverse_path,verified_current_epoch,True,takeoff_reposition_succeeded,0.000000
84.400000,1.765947,-0.036053,0.065871,0.002012,-0.000105,-0.000173,GROUND,GROUND,DONE,GROUND_DRIVE,True,True,False,True,True,True,32,41,recent_reverse_path,verified_current_epoch,True,takeoff_reposition_succeeded,0.000000
84.500000,1.765980,-0.036054,0.065871,-0.001904,0.000176,-0.000127,GROUND,GROUND,DONE,GROUND_DRIVE,True,True,False,True,True,True,32,41,recent_reverse_path,verified_current_epoch,True,takeoff_reposition_succeeded,0.000000
84.599000,1.765900,-0.036055,0.065871,0.000393,-0.000084,0.000148,GROUND,GROUND,DONE,GROUND_DRIVE,True,True,False,True,True,True,32,41,recent_reverse_path,verified_current_epoch,True,takeoff_reposition_succeeded,0.000000
84.699000,1.765816,-0.036057,0.065871,0.000384,-0.000083,0.000139,GROUND,GROUND,DONE,GROUND_DRIVE,True,True,False,True,True,True,32,41,recent_reverse_path,verified_current_epoch,True,takeoff_reposition_succeeded,0.000000
84.798000,1.765732,-0.036058,0.065871,-0.002075,0.000188,-0.000141,GROUND,GROUND,DONE,GROUND_DRIVE,True,True,False,True,True,True,32,41,recent_reverse_path,verified_current_epoch,True,takeoff_reposition_succeeded,0.000000
84.897000,1.765648,-0.036059,0.065871,0.000381,-0.000082,0.000140,GROUND,GROUND,DONE,GROUND_DRIVE,True,True,False,True,True,True,32,41,recent_reverse_path,verified_current_epoch,True,takeoff_reposition_succeeded,0.000000
84.997000,1.765563,-0.036060,0.065871,0.000381,-0.000082,0.000139,GROUND,GROUND,DONE,GROUND_DRIVE,True,True,False,True,True,True,32,41,recent_reverse_path,verified_current_epoch,True,takeoff_reposition_succeeded,0.000000
85.096000,1.765479,-0.036062,0.065871,-0.002077,0.000186,-0.000139,GROUND,GROUND,DONE,GROUND_DRIVE,True,True,False,True,True,True,32,41,recent_reverse_path,verified_current_epoch,True,takeoff_reposition_succeeded,0.000000
85.196000,1.765394,-0.036063,0.065871,-0.002077,0.000185,-0.000139,GROUND,GROUND,DONE,GROUND_DRIVE,True,True,False,True,True,True,32,41,recent_reverse_path,verified_current_epoch,True,takeoff_reposition_succeeded,0.000000
85.295000,1.765310,-0.036064,0.065871,0.000382,-0.000081,0.000139,GROUND,GROUND,DONE,GROUND_DRIVE,True,True,False,True,True,True,32,41,recent_reverse_path,verified_current_epoch,True,takeoff_reposition_succeeded,0.000000
85.394000,1.765226,-0.036065,0.065871,-0.002077,0.000184,-0.000139,GROUND,GROUND,DONE,GROUND_DRIVE,True,True,False,True,True,True,32,41,recent_reverse_path,verified_current_epoch,True,takeoff_reposition_succeeded,0.000000
85.494000,1.765141,-0.036067,0.065871,-0.002077,0.000183,-0.000139,GROUND,GROUND,DONE,GROUND_DRIVE,True,True,False,True,True,True,32,41,recent_reverse_path,verified_current_epoch,True,takeoff_reposition_succeeded,0.000000
85.593000,1.765057,-0.036068,0.065871,0.000382,-0.000081,0.000139,GROUND,GROUND,DONE,GROUND_DRIVE,True,True,False,True,True,True,32,41,recent_reverse_path,verified_current_epoch,True,takeoff_reposition_succeeded,0.000000
85.693000,1.764972,-0.036069,0.065871,0.000382,-0.000081,0.000139,GROUND,GROUND,DONE,GROUND_DRIVE,True,True,False,True,True,True,32,41,recent_reverse_path,verified_current_epoch,True,takeoff_reposition_succeeded,0.000000
85.792000,1.764888,-0.036070,0.065871,-0.002077,0.000181,-0.000139,GROUND,GROUND,DONE,GROUND_DRIVE,True,True,False,True,True,True,32,41,recent_reverse_path,verified_current_epoch,True,takeoff_reposition_succeeded,0.000000
85.891000,1.764804,-0.036072,0.065871,0.000382,-0.000080,0.000139,GROUND,GROUND,DONE,GROUND_DRIVE,True,True,False,True,True,True,32,41,recent_reverse_path,verified_current_epoch,True,takeoff_reposition_succeeded,0.000000
85.991000,1.764719,-0.036073,0.065871,0.000382,-0.000080,0.000139,GROUND,GROUND,DONE,GROUND_DRIVE,True,True,False,True,True,True,32,41,recent_reverse_path,verified_current_epoch,True,takeoff_reposition_succeeded,0.000000
86.090000,1.764635,-0.036074,0.065871,-0.002078,0.000179,-0.000139,GROUND,GROUND,DONE,GROUND_DRIVE,True,True,False,True,True,True,32,41,recent_reverse_path,verified_current_epoch,True,takeoff_reposition_succeeded,0.000000
86.190000,1.764550,-0.036075,0.065871,-0.002078,0.000178,-0.000139,GROUND,GROUND,DONE,GROUND_DRIVE,True,True,False,True,True,True,32,41,recent_reverse_path,verified_current_epoch,True,takeoff_reposition_succeeded,0.000000
86.289000,1.764466,-0.036077,0.065871,0.000382,-0.000079,0.000139,GROUND,GROUND,DONE,GROUND_DRIVE,True,True,False,True,True,True,32,41,recent_reverse_path,verified_current_epoch,True,takeoff_reposition_succeeded,0.000000
86.388000,1.764382,-0.036078,0.065871,-0.002078,0.000177,-0.000138,GROUND,GROUND,DONE,GROUND_DRIVE,True,True,False,True,True,True,32,41,recent_reverse_path,verified_current_epoch,True,takeoff_reposition_succeeded,0.000000
86.488000,1.764298,-0.036079,0.065871,-0.002078,0.000176,-0.000139,GROUND,GROUND,DONE,GROUND_DRIVE,True,True,False,True,True,True,32,41,recent_reverse_path,verified_current_epoch,True,takeoff_reposition_succeeded,0.000000
86.587000,1.764213,-0.036080,0.065871,0.000383,-0.000079,0.000139,GROUND,GROUND,DONE,GROUND_DRIVE,True,True,False,True,True,True,32,41,recent_reverse_path,verified_current_epoch,True,takeoff_reposition_succeeded,0.000000
86.686000,1.764130,-0.036081,0.065871,-0.002078,0.000175,-0.000139,GROUND,GROUND,DONE,GROUND_DRIVE,True,True,False,True,True,True,32,41,recent_reverse_path,verified_current_epoch,True,takeoff_reposition_succeeded,0.000000
86.786000,1.764045,-0.036083,0.065871,-0.002079,0.000174,-0.000139,GROUND,GROUND,DONE,GROUND_DRIVE,True,True,False,True,True,True,32,41,recent_reverse_path,verified_current_epoch,True,takeoff_reposition_succeeded,0.000000
86.885000,1.763960,-0.036084,0.065871,0.000383,-0.000078,0.000139,GROUND,GROUND,DONE,GROUND_DRIVE,True,True,False,True,True,True,32,41,recent_reverse_path,verified_current_epoch,True,takeoff_reposition_succeeded,0.000000
86.985000,1.763876,-0.036085,0.065871,0.000383,-0.000078,0.000139,GROUND,GROUND,DONE,GROUND_DRIVE,True,True,False,True,True,True,32,41,recent_reverse_path,verified_current_epoch,True,takeoff_reposition_succeeded,0.000000
87.084000,1.763792,-0.036086,0.065871,-0.002079,0.000172,-0.000139,GROUND,GROUND,DONE,GROUND_DRIVE,True,True,False,True,True,True,32,41,recent_reverse_path,verified_current_epoch,True,takeoff_reposition_succeeded,0.000000
87.183000,1.763707,-0.036088,0.065871,0.000383,-0.000078,0.000139,GROUND,GROUND,DONE,GROUND_DRIVE,True,True,False,True,True,True,32,41,recent_reverse_path,verified_current_epoch,True,takeoff_reposition_succeeded,0.000000
87.283000,1.763623,-0.036089,0.065871,0.000383,-0.000077,0.000139,GROUND,GROUND,DONE,GROUND_DRIVE,True,True,False,True,True,True,32,41,recent_reverse_path,verified_current_epoch,True,takeoff_reposition_succeeded,0.000000
87.382000,1.763539,-0.036090,0.065871,-0.002079,0.000169,-0.000138,GROUND,GROUND,DONE,GROUND_DRIVE,True,True,False,True,True,True,32,41,recent_reverse_path,verified_current_epoch,True,takeoff_reposition_succeeded,0.000000
87.482000,1.763454,-0.036091,0.065871,-0.002080,0.000169,-0.000138,GROUND,GROUND,DONE,GROUND_DRIVE,True,True,False,True,True,True,32,41,recent_reverse_path,verified_current_epoch,True,takeoff_reposition_succeeded,0.000000
87.581000,1.763370,-0.036093,0.065871,0.000384,-0.000078,0.000139,GROUND,GROUND,DONE,GROUND_DRIVE,True,True,False,True,True,True,32,41,recent_reverse_path,verified_current_epoch,True,takeoff_reposition_succeeded,0.000000
87.680000,1.763286,-0.036094,0.065871,-0.002080,0.000167,-0.000138,GROUND,GROUND,DONE,GROUND_DRIVE,True,True,False,True,True,True,32,41,recent_reverse_path,verified_current_epoch,True,takeoff_reposition_succeeded,0.000000
87.780000,1.763201,-0.036095,0.065871,-0.002080,0.000166,-0.000138,GROUND,GROUND,DONE,GROUND_DRIVE,True,True,False,True,True,True,32,41,recent_reverse_path,verified_current_epoch,True,takeoff_reposition_succeeded,0.000000
87.879000,1.763117,-0.036097,0.065871,0.000384,-0.000078,0.000139,GROUND,GROUND,DONE,GROUND_DRIVE,True,True,False,True,True,True,32,41,recent_reverse_path,verified_current_epoch,True,takeoff_reposition_succeeded,0.000000
87.979000,1.763032,-0.036098,0.065871,0.000384,-0.000077,0.000139,GROUND,GROUND,DONE,GROUND_DRIVE,True,True,False,True,True,True,32,41,recent_reverse_path,verified_current_epoch,True,takeoff_reposition_succeeded,0.000000
88.078000,1.762948,-0.036099,0.065871,-0.002080,0.000164,-0.000138,GROUND,GROUND,DONE,GROUND_DRIVE,True,True,False,True,True,True,32,41,recent_reverse_path,verified_current_epoch,True,takeoff_reposition_succeeded,0.000000
88.177000,1.762864,-0.036101,0.065871,0.000384,-0.000077,0.000138,GROUND,GROUND,DONE,GROUND_DRIVE,True,True,False,True,True,True,32,41,recent_reverse_path,verified_current_epoch,True,takeoff_reposition_succeeded,0.000000
88.277000,1.762779,-0.036102,0.065871,0.000384,-0.000077,0.000138,GROUND,GROUND,DONE,GROUND_DRIVE,True,True,False,True,True,True,32,41,recent_reverse_path,verified_current_epoch,True,takeoff_reposition_succeeded,0.000000
88.376000,1.762695,-0.036103,0.065871,-0.002081,0.000161,-0.000138,GROUND,GROUND,DONE,GROUND_DRIVE,True,True,False,True,True,True,32,41,recent_reverse_path,verified_current_epoch,True,takeoff_reposition_succeeded,0.000000
88.476000,1.762610,-0.036105,0.065871,-0.002081,0.000159,-0.000138,GROUND,GROUND,DONE,GROUND_DRIVE,True,True,False,True,True,True,32,41,recent_reverse_path,verified_current_epoch,True,takeoff_reposition_succeeded,0.000000
88.575000,1.762526,-0.036107,0.065871,0.000384,-0.000079,0.000138,GROUND,GROUND,DONE,GROUND_DRIVE,True,True,False,True,True,True,32,41,recent_reverse_path,verified_current_epoch,True,takeoff_reposition_succeeded,0.000000
88.674000,1.762442,-0.036108,0.065871,-0.002081,0.000158,-0.000138,GROUND,GROUND,DONE,GROUND_DRIVE,True,True,False,True,True,True,32,41,recent_reverse_path,verified_current_epoch,True,takeoff_reposition_succeeded,0.000000
88.774000,1.762357,-0.036109,0.065871,-0.002081,0.000157,-0.000138,GROUND,GROUND,DONE,GROUND_DRIVE,True,True,False,True,True,True,32,41,recent_reverse_path,verified_current_epoch,True,takeoff_reposition_succeeded,0.000000
88.873000,1.762273,-0.036111,0.065871,0.000385,-0.000078,0.000138,GROUND,GROUND,DONE,GROUND_DRIVE,True,True,False,True,True,True,32,41,recent_reverse_path,verified_current_epoch,True,takeoff_reposition_succeeded,0.000000
88.973000,1.762188,-0.036113,0.065871,0.000385,-0.000077,0.000138,GROUND,GROUND,DONE,GROUND_DRIVE,True,True,False,True,True,True,32,41,recent_reverse_path,verified_current_epoch,True,takeoff_reposition_succeeded,0.000000
89.072000,1.762104,-0.036114,0.065871,-0.002081,0.000156,-0.000138,GROUND,GROUND,DONE,GROUND_DRIVE,True,True,False,True,True,True,32,41,recent_reverse_path,verified_current_epoch,True,takeoff_reposition_succeeded,0.000000
89.171000,1.762020,-0.036116,0.065871,0.000385,-0.000076,0.000138,GROUND,GROUND,DONE,GROUND_DRIVE,True,True,False,True,True,True,32,41,recent_reverse_path,verified_current_epoch,True,takeoff_reposition_succeeded,0.000000
89.271000,1.761935,-0.036117,0.065871,0.000385,-0.000076,0.000138,GROUND,GROUND,DONE,GROUND_DRIVE,True,True,False,True,True,True,32,41,recent_reverse_path,verified_current_epoch,True,takeoff_reposition_succeeded,0.000000
89.370000,1.761851,-0.036118,0.065871,-0.002082,0.000154,-0.000138,GROUND,GROUND,DONE,GROUND_DRIVE,True,True,False,True,True,True,32,41,recent_reverse_path,verified_current_epoch,True,takeoff_reposition_succeeded,0.000000
89.470000,1.761766,-0.036120,0.065871,-0.002082,0.000153,-0.000138,GROUND,GROUND,DONE,GROUND_DRIVE,True,True,False,True,True,True,32,41,recent_reverse_path,verified_current_epoch,True,takeoff_reposition_succeeded,0.000000
89.569000,1.761682,-0.036121,0.065871,0.000385,-0.000075,0.000138,GROUND,GROUND,DONE,GROUND_DRIVE,True,True,False,True,True,True,32,41,recent_reverse_path,verified_current_epoch,True,takeoff_reposition_succeeded,0.000000
89.668000,1.761598,-0.036123,0.065871,-0.002082,0.000152,-0.000138,GROUND,GROUND,DONE,GROUND_DRIVE,True,True,False,True,True,True,32,41,recent_reverse_path,verified_current_epoch,True,takeoff_reposition_succeeded,0.000000
89.768000,1.761513,-0.036124,0.065871,-0.002082,0.000151,-0.000138,GROUND,GROUND,DONE,GROUND_DRIVE,True,True,False,True,True,True,32,41,recent_reverse_path,verified_current_epoch,True,takeoff_reposition_succeeded,0.000000
89.867000,1.761429,-0.036126,0.065871,0.000385,-0.000074,0.000138,GROUND,GROUND,DONE,GROUND_DRIVE,True,True,False,True,True,True,32,41,recent_reverse_path,verified_current_epoch,True,takeoff_reposition_succeeded,0.000000
89.967000,1.761344,-0.036127,0.065871,0.000385,-0.000074,0.000138,GROUND,GROUND,DONE,GROUND_DRIVE,True,True,False,True,True,True,32,41,recent_reverse_path,verified_current_epoch,True,takeoff_reposition_succeeded,0.000000
90.066000,1.761261,-0.036128,0.065871,-0.002082,0.000149,-0.000138,GROUND,GROUND,DONE,GROUND_DRIVE,True,True,False,True,True,True,32,41,recent_reverse_path,verified_current_epoch,True,takeoff_reposition_succeeded,0.000000
90.165000,1.761176,-0.036130,0.065871,0.000386,-0.000073,0.000138,GROUND,GROUND,DONE,GROUND_DRIVE,True,True,False,True,True,True,32,41,recent_reverse_path,verified_current_epoch,True,takeoff_reposition_succeeded,0.000000
90.265000,1.761091,-0.036131,0.065871,0.000386,-0.000073,0.000138,GROUND,GROUND,DONE,GROUND_DRIVE,True,True,False,True,True,True,32,41,recent_reverse_path,verified_current_epoch,True,takeoff_reposition_succeeded,0.000000
90.364000,1.761008,-0.036132,0.065871,-0.002083,0.000148,-0.000138,GROUND,GROUND,DONE,GROUND_DRIVE,True,True,False,True,True,True,32,41,recent_reverse_path,verified_current_epoch,True,takeoff_reposition_succeeded,0.000000
90.464000,1.760923,-0.036134,0.065871,-0.002083,0.000147,-0.000138,GROUND,GROUND,DONE,GROUND_DRIVE,True,True,False,True,True,True,32,41,recent_reverse_path,verified_current_epoch,True,takeoff_reposition_succeeded,0.000000
90.563000,1.760838,-0.036135,0.065871,0.000386,-0.000072,0.000138,GROUND,GROUND,DONE,GROUND_DRIVE,True,True,False,True,True,True,32,41,recent_reverse_path,verified_current_epoch,True,takeoff_reposition_succeeded,0.000000
90.662000,1.760755,-0.036136,0.065871,-0.002083,0.000146,-0.000138,GROUND,GROUND,DONE,GROUND_DRIVE,True,True,False,True,True,True,32,41,recent_reverse_path,verified_current_epoch,True,takeoff_reposition_succeeded,0.000000
90.762000,1.760670,-0.036138,0.065871,-0.002083,0.000145,-0.000138,GROUND,GROUND,DONE,GROUND_DRIVE,True,True,False,True,True,True,32,41,recent_reverse_path,verified_current_epoch,True,takeoff_reposition_succeeded,0.000000
90.861000,1.760585,-0.036139,0.065871,0.000386,-0.000071,0.000138,GROUND,GROUND,DONE,GROUND_DRIVE,True,True,False,True,True,True,32,41,recent_reverse_path,verified_current_epoch,True,takeoff_reposition_succeeded,0.000000
90.961000,1.760501,-0.036141,0.065871,0.000386,-0.000070,0.000138,GROUND,GROUND,DONE,GROUND_DRIVE,True,True,False,True,True,True,32,41,recent_reverse_path,verified_current_epoch,True,takeoff_reposition_succeeded,0.000000
91.060000,1.760417,-0.036142,0.065871,-0.002083,0.000143,-0.000138,GROUND,GROUND,DONE,GROUND_DRIVE,True,True,False,True,True,True,32,41,recent_reverse_path,verified_current_epoch,True,takeoff_reposition_succeeded,0.000000
91.159000,1.760332,-0.036143,0.065871,0.000386,-0.000070,0.000138,GROUND,GROUND,DONE,GROUND_DRIVE,True,True,False,True,True,True,32,41,recent_reverse_path,verified_current_epoch,True,takeoff_reposition_succeeded,0.000000
91.259000,1.760248,-0.036144,0.065871,0.000386,-0.000069,0.000138,GROUND,GROUND,DONE,GROUND_DRIVE,True,True,False,True,True,True,32,41,recent_reverse_path,verified_current_epoch,True,takeoff_reposition_succeeded,0.000000
91.358000,1.760164,-0.036146,0.065871,-0.002084,0.000142,-0.000138,GROUND,GROUND,DONE,GROUND_DRIVE,True,True,False,True,True,True,32,41,recent_reverse_path,verified_current_epoch,True,takeoff_reposition_succeeded,0.000000
91.458000,1.760079,-0.036147,0.065871,-0.002084,0.000141,-0.000138,GROUND,GROUND,DONE,GROUND_DRIVE,True,True,False,True,True,True,32,41,recent_reverse_path,verified_current_epoch,True,takeoff_reposition_succeeded,0.000000
91.557000,1.759995,-0.036148,0.065871,0.000387,-0.000068,0.000138,GROUND,GROUND,DONE,GROUND_DRIVE,True,True,False,True,True,True,32,41,recent_reverse_path,verified_current_epoch,True,takeoff_reposition_succeeded,0.000000
91.656000,1.759911,-0.036149,0.065871,-0.002084,0.000140,-0.000138,GROUND,GROUND,DONE,GROUND_DRIVE,True,True,False,True,True,True,32,41,recent_reverse_path,verified_current_epoch,True,takeoff_reposition_succeeded,0.000000
91.756000,1.759826,-0.036150,0.065871,-0.002084,0.000140,-0.000138,GROUND,GROUND,DONE,GROUND_DRIVE,True,True,False,True,True,True,32,41,recent_reverse_path,verified_current_epoch,True,takeoff_reposition_succeeded,0.000000
91.855000,1.759742,-0.036152,0.065871,0.000387,-0.000067,0.000138,GROUND,GROUND,DONE,GROUND_DRIVE,True,True,False,True,True,True,32,41,recent_reverse_path,verified_current_epoch,True,takeoff_reposition_succeeded,0.000000
91.955000,1.759657,-0.036153,0.065871,0.000387,-0.000067,0.000138,GROUND,GROUND,DONE,GROUND_DRIVE,True,True,False,True,True,True,32,41,recent_reverse_path,verified_current_epoch,True,takeoff_reposition_succeeded,0.000000
92.054000,1.759573,-0.036154,0.065871,-0.002084,0.000138,-0.000138,GROUND,GROUND,DONE,GROUND_DRIVE,True,True,False,True,True,True,32,41,recent_reverse_path,verified_current_epoch,True,takeoff_reposition_succeeded,0.000000
92.153000,1.759489,-0.036155,0.065871,0.000387,-0.000066,0.000138,GROUND,GROUND,DONE,GROUND_DRIVE,True,True,False,True,True,True,32,41,recent_reverse_path,verified_current_epoch,True,takeoff_reposition_succeeded,0.000000
92.253000,1.759404,-0.036156,0.065871,0.000387,-0.000066,0.000138,GROUND,GROUND,DONE,GROUND_DRIVE,True,True,False,True,True,True,32,41,recent_reverse_path,verified_current_epoch,True,takeoff_reposition_succeeded,0.000000
92.352000,1.759320,-0.036157,0.065871,-0.002084,0.000138,-0.000138,GROUND,GROUND,DONE,GROUND_DRIVE,True,True,False,True,True,True,32,41,recent_reverse_path,verified_current_epoch,True,takeoff_reposition_succeeded,0.000000
92.452000,1.759235,-0.036158,0.065871,-0.002084,0.000139,-0.000138,GROUND,GROUND,DONE,GROUND_DRIVE,True,True,False,True,True,True,32,41,recent_reverse_path,verified_current_epoch,True,takeoff_reposition_succeeded,0.000000
92.551000,1.759151,-0.036159,0.065871,0.000387,-0.000063,0.000138,GROUND,GROUND,DONE,GROUND_DRIVE,True,True,False,True,True,True,32,41,recent_reverse_path,verified_current_epoch,True,takeoff_reposition_succeeded,0.000000
92.650000,1.759067,-0.036160,0.065871,-0.002084,0.000141,-0.000138,GROUND,GROUND,DONE,GROUND_DRIVE,True,True,False,True,True,True,32,41,recent_reverse_path,verified_current_epoch,True,takeoff_reposition_succeeded,0.000000
92.750000,1.758982,-0.036160,0.065871,-0.002084,0.000141,-0.000138,GROUND,GROUND,DONE,GROUND_DRIVE,True,True,False,True,True,True,32,41,recent_reverse_path,verified_current_epoch,True,takeoff_reposition_succeeded,0.000000
92.849000,1.758898,-0.036161,0.065871,0.000388,-0.000061,0.000138,GROUND,GROUND,DONE,GROUND_DRIVE,True,True,False,True,True,True,32,41,recent_reverse_path,verified_current_epoch,True,takeoff_reposition_succeeded,0.000000
92.949000,1.758813,-0.036162,0.065871,0.000388,-0.000061,0.000138,GROUND,GROUND,DONE,GROUND_DRIVE,True,True,False,True,True,True,32,41,recent_reverse_path,verified_current_epoch,True,takeoff_reposition_succeeded,0.000000
93.048000,1.758729,-0.036162,0.065871,-0.002084,0.000139,-0.000138,GROUND,GROUND,DONE,GROUND_DRIVE,True,True,False,True,True,True,32,41,recent_reverse_path,verified_current_epoch,True,takeoff_reposition_succeeded,0.000000
93.147000,1.758645,-0.036163,0.065871,0.000388,-0.000061,0.000138,GROUND,GROUND,DONE,GROUND_DRIVE,True,True,False,True,True,True,32,41,recent_reverse_path,verified_current_epoch,True,takeoff_reposition_succeeded,0.000000
93.247000,1.758560,-0.036164,0.065871,0.000388,-0.000060,0.000138,GROUND,GROUND,DONE,GROUND_DRIVE,True,True,False,True,True,True,32,41,recent_reverse_path,verified_current_epoch,True,takeoff_reposition_succeeded,0.000000
93.346000,1.758476,-0.036164,0.065871,-0.002085,0.000137,-0.000138,GROUND,GROUND,DONE,GROUND_DRIVE,True,True,False,True,True,True,32,41,recent_reverse_path,verified_current_epoch,True,takeoff_reposition_succeeded,0.000000
93.446000,1.758391,-0.036165,0.065871,-0.002085,0.000136,-0.000138,GROUND,GROUND,DONE,GROUND_DRIVE,True,True,False,True,True,True,32,41,recent_reverse_path,verified_current_epoch,True,takeoff_reposition_succeeded,0.000000
93.545000,1.758307,-0.036166,0.065871,0.000388,-0.000060,0.000138,GROUND,GROUND,DONE,GROUND_DRIVE,True,True,False,True,True,True,32,41,recent_reverse_path,verified_current_epoch,True,takeoff_reposition_succeeded,0.000000
93.644000,1.758223,-0.036166,0.065871,-0.002085,0.000135,-0.000138,GROUND,GROUND,DONE,GROUND_DRIVE,True,True,False,True,True,True,32,41,recent_reverse_path,verified_current_epoch,True,takeoff_reposition_succeeded,0.000000
93.744000,1.758138,-0.036167,0.065871,-0.002085,0.000134,-0.000138,GROUND,GROUND,DONE,GROUND_DRIVE,True,True,False,True,True,True,32,41,recent_reverse_path,verified_current_epoch,True,takeoff_reposition_succeeded,0.000000
93.843000,1.758054,-0.036168,0.065871,0.000388,-0.000059,0.000138,GROUND,GROUND,DONE,GROUND_DRIVE,True,True,False,True,True,True,32,41,recent_reverse_path,verified_current_epoch,True,takeoff_reposition_succeeded,0.000000
93.943000,1.757969,-0.036168,0.065871,0.000388,-0.000059,0.000138,GROUND,GROUND,DONE,GROUND_DRIVE,True,True,False,True,True,True,32,41,recent_reverse_path,verified_current_epoch,True,takeoff_reposition_succeeded,0.000000
94.042000,1.757885,-0.036169,0.065871,-0.002085,0.000132,-0.000138,GROUND,GROUND,DONE,GROUND_DRIVE,True,True,False,True,True,True,32,41,recent_reverse_path,verified_current_epoch,True,takeoff_reposition_succeeded,0.000000
94.141000,1.757801,-0.036170,0.065871,0.000388,-0.000058,0.000138,GROUND,GROUND,DONE,GROUND_DRIVE,True,True,False,True,True,True,32,41,recent_reverse_path,verified_current_epoch,True,takeoff_reposition_succeeded,0.000000
94.241000,1.757716,-0.036170,0.065871,0.000388,-0.000058,0.000138,GROUND,GROUND,DONE,GROUND_DRIVE,True,True,False,True,True,True,32,41,recent_reverse_path,verified_current_epoch,True,takeoff_reposition_succeeded,0.000000
94.340000,1.757632,-0.036171,0.065871,-0.002085,0.000130,-0.000138,GROUND,GROUND,DONE,GROUND_DRIVE,True,True,False,True,True,True,32,41,recent_reverse_path,verified_current_epoch,True,takeoff_reposition_succeeded,0.000000
94.440000,1.757547,-0.036171,0.065871,-0.002085,0.000130,-0.000138,GROUND,GROUND,DONE,GROUND_DRIVE,True,True,False,True,True,True,32,41,recent_reverse_path,verified_current_epoch,True,takeoff_reposition_succeeded,0.000000
94.539000,1.757463,-0.036172,0.065871,0.000389,-0.000057,0.000138,GROUND,GROUND,DONE,GROUND_DRIVE,True,True,False,True,True,True,32,41,recent_reverse_path,verified_current_epoch,True,takeoff_reposition_succeeded,0.000000
94.638000,1.757379,-0.036173,0.065871,-0.002086,0.000129,-0.000138,GROUND,GROUND,DONE,GROUND_DRIVE,True,True,False,True,True,True,32,41,recent_reverse_path,verified_current_epoch,True,takeoff_reposition_succeeded,0.000000
94.738000,1.757294,-0.036173,0.065871,-0.002086,0.000130,-0.000138,GROUND,GROUND,DONE,GROUND_DRIVE,True,True,False,True,True,True,32,41,recent_reverse_path,verified_current_epoch,True,takeoff_reposition_succeeded,0.000000
94.837000,1.757210,-0.036174,0.065871,0.000389,-0.000056,0.000138,GROUND,GROUND,DONE,GROUND_DRIVE,True,True,False,True,True,True,32,41,recent_reverse_path,verified_current_epoch,True,takeoff_reposition_succeeded,0.000000
94.936000,1.757126,-0.036174,0.065871,-0.002086,0.000129,-0.000138,GROUND,GROUND,DONE,GROUND_DRIVE,True,True,False,True,True,True,32,41,recent_reverse_path,verified_current_epoch,True,takeoff_reposition_succeeded,0.000000
95.036000,1.757041,-0.036175,0.065871,-0.002086,0.000128,-0.000138,GROUND,GROUND,DONE,GROUND_DRIVE,True,True,False,True,True,True,32,41,recent_reverse_path,verified_current_epoch,True,takeoff_reposition_succeeded,0.000000
95.135000,1.756957,-0.036175,0.065871,0.000389,-0.000055,0.000138,GROUND,GROUND,DONE,GROUND_DRIVE,True,True,False,True,True,True,32,41,recent_reverse_path,verified_current_epoch,True,takeoff_reposition_succeeded,0.000000
95.235000,1.756872,-0.036176,0.065871,0.000389,-0.000054,0.000138,GROUND,GROUND,DONE,GROUND_DRIVE,True,True,False,True,True,True,32,41,recent_reverse_path,verified_current_epoch,True,takeoff_reposition_succeeded,0.000000
95.334000,1.756788,-0.036176,0.065871,-0.002086,0.000126,-0.000138,GROUND,GROUND,DONE,GROUND_DRIVE,True,True,False,True,True,True,32,41,recent_reverse_path,verified_current_epoch,True,takeoff_reposition_succeeded,0.000000
95.433000,1.756704,-0.036177,0.065871,0.000389,-0.000054,0.000138,GROUND,GROUND,DONE,GROUND_DRIVE,True,True,False,True,True,True,32,41,recent_reverse_path,verified_current_epoch,True,takeoff_reposition_succeeded,0.000000
95.533000,1.756619,-0.036177,0.065871,0.000389,-0.000054,0.000138,GROUND,GROUND,DONE,GROUND_DRIVE,True,True,False,True,True,True,32,41,recent_reverse_path,verified_current_epoch,True,takeoff_reposition_succeeded,0.000000
95.632000,1.756535,-0.036178,0.065871,-0.002086,0.000124,-0.000138,GROUND,GROUND,DONE,GROUND_DRIVE,True,True,False,True,True,True,32,41,recent_reverse_path,verified_current_epoch,True,takeoff_reposition_succeeded,0.000000
95.732000,1.756450,-0.036178,0.065871,-0.002086,0.000123,-0.000138,GROUND,GROUND,DONE,GROUND_DRIVE,True,True,False,True,True,True,32,41,recent_reverse_path,verified_current_epoch,True,takeoff_reposition_succeeded,0.000000
95.831000,1.756366,-0.036179,0.065871,0.000389,-0.000053,0.000138,GROUND,GROUND,DONE,GROUND_DRIVE,True,True,False,True,True,True,32,41,recent_reverse_path,verified_current_epoch,True,takeoff_reposition_succeeded,0.000000
95.930000,1.756282,-0.036179,0.065871,-0.002086,0.000121,-0.000138,GROUND,GROUND,DONE,GROUND_DRIVE,True,True,False,True,True,True,32,41,recent_reverse_path,verified_current_epoch,True,takeoff_reposition_succeeded,0.000000
96.030000,1.756197,-0.036180,0.065871,-0.002087,0.000120,-0.000138,GROUND,GROUND,DONE,GROUND_DRIVE,True,True,False,True,True,True,32,41,recent_reverse_path,verified_current_epoch,True,takeoff_reposition_succeeded,0.000000
96.129000,1.756113,-0.036181,0.065871,0.000389,-0.000053,0.000138,GROUND,GROUND,DONE,GROUND_DRIVE,True,True,False,True,True,True,32,41,recent_reverse_path,verified_current_epoch,True,takeoff_reposition_succeeded,0.000000
96.229000,1.756028,-0.036181,0.065871,0.000389,-0.000053,0.000138,GROUND,GROUND,DONE,GROUND_DRIVE,True,True,False,True,True,True,32,41,recent_reverse_path,verified_current_epoch,True,takeoff_reposition_succeeded,0.000000
96.328000,1.755944,-0.036182,0.065871,-0.002087,0.000118,-0.000138,GROUND,GROUND,DONE,GROUND_DRIVE,True,True,False,True,True,True,32,41,recent_reverse_path,verified_current_epoch,True,takeoff_reposition_succeeded,0.000000
96.427000,1.755860,-0.036182,0.065871,0.000390,-0.000052,0.000138,GROUND,GROUND,DONE,GROUND_DRIVE,True,True,False,True,True,True,32,41,recent_reverse_path,verified_current_epoch,True,takeoff_reposition_succeeded,0.000000
96.527000,1.755775,-0.036183,0.065871,0.000390,-0.000052,0.000138,GROUND,GROUND,DONE,GROUND_DRIVE,True,True,False,True,True,True,32,41,recent_reverse_path,verified_current_epoch,True,takeoff_reposition_succeeded,0.000000
96.626000,1.755691,-0.036183,0.065871,-0.002087,0.000116,-0.000138,GROUND,GROUND,DONE,GROUND_DRIVE,True,True,False,True,True,True,32,41,recent_reverse_path,verified_current_epoch,True,takeoff_reposition_succeeded,0.000000
96.726000,1.755606,-0.036184,0.065871,-0.002087,0.000116,-0.000138,GROUND,GROUND,DONE,GROUND_DRIVE,True,True,False,True,True,True,32,41,recent_reverse_path,verified_current_epoch,True,takeoff_reposition_succeeded,0.000000
96.825000,1.755522,-0.036185,0.065871,0.000390,-0.000051,0.000138,GROUND,GROUND,DONE,GROUND_DRIVE,True,True,False,True,True,True,32,41,recent_reverse_path,verified_current_epoch,True,takeoff_reposition_succeeded,0.000000
96.924000,1.755438,-0.036185,0.065871,-0.002087,0.000115,-0.000138,GROUND,GROUND,DONE,GROUND_DRIVE,True,True,False,True,True,True,32,41,recent_reverse_path,verified_current_epoch,True,takeoff_reposition_succeeded,0.000000
97.024000,1.755353,-0.036186,0.065871,-0.002087,0.000114,-0.000138,GROUND,GROUND,DONE,GROUND_DRIVE,True,True,False,True,True,True,32,41,recent_reverse_path,verified_current_epoch,True,takeoff_reposition_succeeded,0.000000
97.123000,1.755269,-0.036186,0.065871,0.000390,-0.000050,0.000138,GROUND,GROUND,DONE,GROUND_DRIVE,True,True,False,True,True,True,32,41,recent_reverse_path,verified_current_epoch,True,takeoff_reposition_succeeded,0.000000
97.223000,1.755184,-0.036187,0.065871,0.000390,-0.000050,0.000138,GROUND,GROUND,DONE,GROUND_DRIVE,True,True,False,True,True,True,32,41,recent_reverse_path,verified_current_epoch,True,takeoff_reposition_succeeded,0.000000
97.322000,1.755100,-0.036188,0.065871,-0.002087,0.000112,-0.000138,GROUND,GROUND,DONE,GROUND_DRIVE,True,True,False,True,True,True,32,41,recent_reverse_path,verified_current_epoch,True,takeoff_reposition_succeeded,0.000000
97.421000,1.755016,-0.036188,0.065871,0.000390,-0.000049,0.000138,GROUND,GROUND,DONE,GROUND_DRIVE,True,True,False,True,True,True,32,41,recent_reverse_path,verified_current_epoch,True,takeoff_reposition_succeeded,0.000000
97.521000,1.754931,-0.036189,0.065871,0.000390,-0.000049,0.000138,GROUND,GROUND,DONE,GROUND_DRIVE,True,True,False,True,True,True,32,41,recent_reverse_path,verified_current_epoch,True,takeoff_reposition_succeeded,0.000000
97.620000,1.754847,-0.036189,0.065871,-0.002088,0.000110,-0.000138,GROUND,GROUND,DONE,GROUND_DRIVE,True,True,False,True,True,True,32,41,recent_reverse_path,verified_current_epoch,True,takeoff_reposition_succeeded,0.000000
97.720000,1.754763,-0.036190,0.065871,-0.002088,0.000110,-0.000138,GROUND,GROUND,DONE,GROUND_DRIVE,True,True,False,True,True,True,32,41,recent_reverse_path,verified_current_epoch,True,takeoff_reposition_succeeded,0.000000
97.819000,1.754678,-0.036191,0.065871,0.000390,-0.000048,0.000138,GROUND,GROUND,DONE,GROUND_DRIVE,True,True,False,True,True,True,32,41,recent_reverse_path,verified_current_epoch,True,takeoff_reposition_succeeded,0.000000
97.918000,1.754594,-0.036191,0.065871,-0.002088,0.000108,-0.000138,GROUND,GROUND,DONE,GROUND_DRIVE,True,True,False,True,True,True,32,41,recent_reverse_path,verified_current_epoch,True,takeoff_reposition_succeeded,0.000000
98.018000,1.754510,-0.036192,0.065871,-0.002088,0.000108,-0.000138,GROUND,GROUND,DONE,GROUND_DRIVE,True,True,False,True,True,True,32,41,recent_reverse_path,verified_current_epoch,True,takeoff_reposition_succeeded,0.000000
98.117000,1.754425,-0.036192,0.065871,0.000390,-0.000047,0.000138,GROUND,GROUND,DONE,GROUND_DRIVE,True,True,False,True,True,True,32,41,recent_reverse_path,verified_current_epoch,True,takeoff_reposition_succeeded,0.000000
98.217000,1.754340,-0.036193,0.065871,0.000390,-0.000047,0.000138,GROUND,GROUND,DONE,GROUND_DRIVE,True,True,False,True,True,True,32,41,recent_reverse_path,verified_current_epoch,True,takeoff_reposition_succeeded,0.000000
98.316000,1.754256,-0.036193,0.065871,-0.002088,0.000106,-0.000138,GROUND,GROUND,DONE,GROUND_DRIVE,True,True,False,True,True,True,32,41,recent_reverse_path,verified_current_epoch,True,takeoff_reposition_succeeded,0.000000
98.415000,1.754172,-0.036194,0.065871,0.000390,-0.000047,0.000138,GROUND,GROUND,DONE,GROUND_DRIVE,True,True,False,True,True,True,32,41,recent_reverse_path,verified_current_epoch,True,takeoff_reposition_succeeded,0.000000
98.515000,1.754087,-0.036194,0.065871,0.000391,-0.000046,0.000138,GROUND,GROUND,DONE,GROUND_DRIVE,True,True,False,True,True,True,32,41,recent_reverse_path,verified_current_epoch,True,takeoff_reposition_succeeded,0.000000
98.614000,1.754003,-0.036195,0.065871,-0.002088,0.000104,-0.000138,GROUND,GROUND,DONE,GROUND_DRIVE,True,True,False,True,True,True,32,41,recent_reverse_path,verified_current_epoch,True,takeoff_reposition_succeeded,0.000000
98.714000,1.753919,-0.036196,0.065871,-0.002088,0.000104,-0.000138,GROUND,GROUND,DONE,GROUND_DRIVE,True,True,False,True,True,True,32,41,recent_reverse_path,verified_current_epoch,True,takeoff_reposition_succeeded,0.000000
98.813000,1.753834,-0.036196,0.065871,0.000391,-0.000046,0.000138,GROUND,GROUND,DONE,GROUND_DRIVE,True,True,False,True,True,True,32,41,recent_reverse_path,verified_current_epoch,True,takeoff_reposition_succeeded,0.000000
98.912000,1.753750,-0.036197,0.065871,-0.002088,0.000103,-0.000138,GROUND,GROUND,DONE,GROUND_DRIVE,True,True,False,True,True,True,32,41,recent_reverse_path,verified_current_epoch,True,takeoff_reposition_succeeded,0.000000
99.012000,1.753666,-0.036197,0.065871,-0.002088,0.000102,-0.000138,GROUND,GROUND,DONE,GROUND_DRIVE,True,True,False,True,True,True,32,41,recent_reverse_path,verified_current_epoch,True,takeoff_reposition_succeeded,0.000000
99.111000,1.753581,-0.036198,0.065871,0.000391,-0.000045,0.000138,GROUND,GROUND,DONE,GROUND_DRIVE,True,True,False,True,True,True,32,41,recent_reverse_path,verified_current_epoch,True,takeoff_reposition_succeeded,0.000000
99.211000,1.753496,-0.036198,0.065871,0.000391,-0.000045,0.000138,GROUND,GROUND,DONE,GROUND_DRIVE,True,True,False,True,True,True,32,41,recent_reverse_path,verified_current_epoch,True,takeoff_reposition_succeeded,0.000000
99.310000,1.753413,-0.036199,0.065871,-0.002088,0.000100,-0.000138,GROUND,GROUND,DONE,GROUND_DRIVE,True,True,False,True,True,True,32,41,recent_reverse_path,verified_current_epoch,True,takeoff_reposition_succeeded,0.000000
99.409000,1.753328,-0.036199,0.065871,0.000391,-0.000044,0.000138,GROUND,GROUND,DONE,GROUND_DRIVE,True,True,False,True,True,True,32,41,recent_reverse_path,verified_current_epoch,True,takeoff_reposition_succeeded,0.000000
99.509000,1.753243,-0.036200,0.065871,0.000391,-0.000044,0.000138,GROUND,GROUND,DONE,GROUND_DRIVE,True,True,False,True,True,True,32,41,recent_reverse_path,verified_current_epoch,True,takeoff_reposition_succeeded,0.000000
99.608000,1.753159,-0.036201,0.065871,-0.002089,0.000099,-0.000138,GROUND,GROUND,DONE,GROUND_DRIVE,True,True,False,True,True,True,32,41,recent_reverse_path,verified_current_epoch,True,takeoff_reposition_succeeded,0.000000
99.708000,1.753075,-0.036201,0.065871,-0.002089,0.000098,-0.000138,GROUND,GROUND,DONE,GROUND_DRIVE,True,True,False,True,True,True,32,41,recent_reverse_path,verified_current_epoch,True,takeoff_reposition_succeeded,0.000000
99.807000,1.752990,-0.036202,0.065871,0.000391,-0.000043,0.000138,GROUND,GROUND,DONE,GROUND_DRIVE,True,True,False,True,True,True,32,41,recent_reverse_path,verified_current_epoch,True,takeoff_reposition_succeeded,0.000000
99.906000,1.752906,-0.036202,0.065871,-0.002089,0.000097,-0.000138,GROUND,GROUND,DONE,GROUND_DRIVE,True,True,False,True,True,True,32,41,recent_reverse_path,verified_current_epoch,True,takeoff_reposition_succeeded,0.000000
100.006000,1.752822,-0.036203,0.065871,-0.002089,0.000097,-0.000138,GROUND,GROUND,DONE,GROUND_DRIVE,True,True,False,True,True,True,32,41,recent_reverse_path,verified_current_epoch,True,takeoff_reposition_succeeded,0.000000
100.105000,1.752737,-0.036203,0.065871,0.000391,-0.000042,0.000138,GROUND,GROUND,DONE,GROUND_DRIVE,True,True,False,True,True,True,32,41,recent_reverse_path,verified_current_epoch,True,takeoff_reposition_succeeded,0.000000
100.205000,1.752652,-0.036204,0.065871,0.000391,-0.000042,0.000138,GROUND,GROUND,DONE,GROUND_DRIVE,True,True,False,True,True,True,32,41,recent_reverse_path,verified_current_epoch,True,takeoff_reposition_succeeded,0.000000
100.304000,1.754056,-0.036140,0.065870,0.042736,0.000124,-0.000560,GROUND,GROUND,DONE,GROUND_DRIVE,True,True,False,True,True,True,32,41,recent_reverse_path,verified_current_epoch,True,takeoff_reposition_succeeded,0.000000
100.403000,1.754823,-0.036137,0.065871,0.000974,-0.000062,0.000262,GROUND,GROUND,DONE,GROUND_DRIVE,True,True,False,True,True,True,32,41,recent_reverse_path,verified_current_epoch,True,takeoff_reposition_succeeded,0.000000
100.503000,1.754755,-0.036137,0.065871,0.000418,-0.000045,0.000198,GROUND,GROUND,DONE,GROUND_DRIVE,True,True,False,True,True,True,32,41,recent_reverse_path,verified_current_epoch,True,takeoff_reposition_succeeded,0.000000
100.602000,1.754672,-0.036138,0.065871,-0.002090,0.000100,-0.000163,GROUND,GROUND,DONE,GROUND_DRIVE,True,True,False,True,True,True,32,41,recent_reverse_path,verified_current_epoch,True,takeoff_reposition_succeeded,0.000000
100.702000,1.754587,-0.036138,0.065871,-0.002087,0.000099,-0.000149,GROUND,GROUND,DONE,GROUND_DRIVE,True,True,False,True,True,True,32,41,recent_reverse_path,verified_current_epoch,True,takeoff_reposition_succeeded,0.000000
100.801000,1.754503,-0.036139,0.065871,0.000391,-0.000043,0.000143,GROUND,GROUND,DONE,GROUND_DRIVE,True,True,False,True,True,True,32,41,recent_reverse_path,verified_current_epoch,True,takeoff_reposition_succeeded,0.000000
100.900000,1.754419,-0.036139,0.065871,-0.002089,0.000098,-0.000140,GROUND,GROUND,DONE,GROUND_DRIVE,True,True,False,True,True,True,32,41,recent_reverse_path,verified_current_epoch,True,takeoff_reposition_succeeded,0.000000
101.000000,1.754334,-0.036140,0.065871,-0.002089,0.000097,-0.000139,GROUND,GROUND,DONE,GROUND_DRIVE,True,True,False,True,True,True,32,41,recent_reverse_path,verified_current_epoch,True,takeoff_reposition_succeeded,0.000000
101.099000,1.754250,-0.036141,0.065871,0.000391,-0.000043,0.000139,GROUND,GROUND,DONE,GROUND_DRIVE,True,True,False,True,True,True,32,41,recent_reverse_path,verified_current_epoch,True,takeoff_reposition_succeeded,0.000000
101.199000,1.754165,-0.036141,0.065871,0.000391,-0.000042,0.000138,GROUND,GROUND,DONE,GROUND_DRIVE,True,True,False,True,True,True,32,41,recent_reverse_path,verified_current_epoch,True,takeoff_reposition_succeeded,0.000000
101.298000,1.754081,-0.036142,0.065871,-0.002089,0.000096,-0.000138,GROUND,GROUND,DONE,GROUND_DRIVE,True,True,False,True,True,True,32,41,recent_reverse_path,verified_current_epoch,True,takeoff_reposition_succeeded,0.000000
101.397000,1.753997,-0.036142,0.065871,0.000391,-0.000042,0.000138,GROUND,GROUND,DONE,GROUND_DRIVE,True,True,False,True,True,True,32,41,recent_reverse_path,verified_current_epoch,True,takeoff_reposition_succeeded,0.000000
101.497000,1.753912,-0.036143,0.065871,0.000391,-0.000042,0.000138,GROUND,GROUND,DONE,GROUND_DRIVE,True,True,False,True,True,True,32,41,recent_reverse_path,verified_current_epoch,True,takeoff_reposition_succeeded,0.000000
101.596000,1.753828,-0.036143,0.065871,-0.002089,0.000094,-0.000138,GROUND,GROUND,DONE,GROUND_DRIVE,True,True,False,True,True,True,32,41,recent_reverse_path,verified_current_epoch,True,takeoff_reposition_succeeded,0.000000
101.696000,1.753743,-0.036144,0.065871,-0.002089,0.000094,-0.000138,GROUND,GROUND,DONE,GROUND_DRIVE,True,True,False,True,True,True,32,41,recent_reverse_path,verified_current_epoch,True,takeoff_reposition_succeeded,0.000000
101.795000,1.753659,-0.036144,0.065871,0.000391,-0.000041,0.000138,GROUND,GROUND,DONE,GROUND_DRIVE,True,True,False,True,True,True,32,41,recent_reverse_path,verified_current_epoch,True,takeoff_reposition_succeeded,0.000000
101.894000,1.753575,-0.036145,0.065871,-0.002089,0.000093,-0.000138,GROUND,GROUND,DONE,GROUND_DRIVE,True,True,False,True,True,True,32,41,recent_reverse_path,verified_current_epoch,True,takeoff_reposition_succeeded,0.000000
101.994000,1.753490,-0.036145,0.065871,-0.002089,0.000092,-0.000138,GROUND,GROUND,DONE,GROUND_DRIVE,True,True,False,True,True,True,32,41,recent_reverse_path,verified_current_epoch,True,takeoff_reposition_succeeded,0.000000
102.093000,1.753406,-0.036146,0.065871,0.000391,-0.000040,0.000138,GROUND,GROUND,DONE,GROUND_DRIVE,True,True,False,True,True,True,32,41,recent_reverse_path,verified_current_epoch,True,takeoff_reposition_succeeded,0.000000
102.193000,1.753321,-0.036146,0.065871,0.000391,-0.000040,0.000138,GROUND,GROUND,DONE,GROUND_DRIVE,True,True,False,True,True,True,32,41,recent_reverse_path,verified_current_epoch,True,takeoff_reposition_succeeded,0.000000
102.292000,1.753237,-0.036147,0.065871,-0.002089,0.000091,-0.000138,GROUND,GROUND,DONE,GROUND_DRIVE,True,True,False,True,True,True,32,41,recent_reverse_path,verified_current_epoch,True,takeoff_reposition_succeeded,0.000000
102.391000,1.753153,-0.036148,0.065871,0.000392,-0.000040,0.000138,GROUND,GROUND,DONE,GROUND_DRIVE,True,True,False,True,True,True,32,41,recent_reverse_path,verified_current_epoch,True,takeoff_reposition_succeeded,0.000000
102.491000,1.753068,-0.036148,0.065871,0.000392,-0.000039,0.000138,GROUND,GROUND,DONE,GROUND_DRIVE,True,True,False,True,True,True,32,41,recent_reverse_path,verified_current_epoch,True,takeoff_reposition_succeeded,0.000000
102.590000,1.752984,-0.036148,0.065871,-0.002089,0.000089,-0.000138,GROUND,GROUND,DONE,GROUND_DRIVE,True,True,False,True,True,True,32,41,recent_reverse_path,verified_current_epoch,True,takeoff_reposition_succeeded,0.000000
102.690000,1.752899,-0.036149,0.065871,-0.002089,0.000089,-0.000138,GROUND,GROUND,DONE,GROUND_DRIVE,True,True,False,True,True,True,32,41,recent_reverse_path,verified_current_epoch,True,takeoff_reposition_succeeded,0.000000
102.789000,1.752815,-0.036150,0.065871,0.000392,-0.000039,0.000138,GROUND,GROUND,DONE,GROUND_DRIVE,True,True,False,True,True,True,32,41,recent_reverse_path,verified_current_epoch,True,takeoff_reposition_succeeded,0.000000
102.888000,1.752731,-0.036150,0.065871,-0.002089,0.000088,-0.000138,GROUND,GROUND,DONE,GROUND_DRIVE,True,True,False,True,True,True,32,41,recent_reverse_path,verified_current_epoch,True,takeoff_reposition_succeeded,0.000000
102.988000,1.752646,-0.036151,0.065871,-0.002089,0.000087,-0.000138,GROUND,GROUND,DONE,GROUND_DRIVE,True,True,False,True,True,True,32,41,recent_reverse_path,verified_current_epoch,True,takeoff_reposition_succeeded,0.000000
103.087000,1.753282,-0.036121,0.065871,0.038242,0.000202,0.000498,GROUND,GROUND,DONE,GROUND_DRIVE,True,True,False,True,True,True,32,41,recent_reverse_path,verified_current_epoch,True,takeoff_reposition_succeeded,0.000000
103.186000,1.754804,-0.036083,0.065871,-0.001035,0.000056,0.000027,GROUND,GROUND,DONE,GROUND_DRIVE,True,True,False,True,True,True,32,41,recent_reverse_path,verified_current_epoch,True,takeoff_reposition_succeeded,0.000000
103.286000,1.754749,-0.036084,0.065871,-0.002066,0.000091,-0.000085,GROUND,GROUND,DONE,GROUND_DRIVE,True,True,False,True,True,True,32,41,recent_reverse_path,verified_current_epoch,True,takeoff_reposition_succeeded,0.000000
103.385000,1.754666,-0.036084,0.065871,0.000391,-0.000040,0.000108,GROUND,GROUND,DONE,GROUND_DRIVE,True,True,False,True,True,True,32,41,recent_reverse_path,verified_current_epoch,True,takeoff_reposition_succeeded,0.000000
103.485000,1.754581,-0.036085,0.065871,0.000388,-0.000039,0.000131,GROUND,GROUND,DONE,GROUND_DRIVE,True,True,False,True,True,True,32,41,recent_reverse_path,verified_current_epoch,True,takeoff_reposition_succeeded,0.000000
103.584000,1.754498,-0.036085,0.065871,-0.002090,0.000090,-0.000133,GROUND,GROUND,DONE,GROUND_DRIVE,True,True,False,True,True,True,32,41,recent_reverse_path,verified_current_epoch,True,takeoff_reposition_succeeded,0.000000
103.683000,1.754413,-0.036086,0.065871,0.000392,-0.000039,0.000136,GROUND,GROUND,DONE,GROUND_DRIVE,True,True,False,True,True,True,32,41,recent_reverse_path,verified_current_epoch,True,takeoff_reposition_succeeded,0.000000
103.783000,1.754328,-0.036087,0.065871,0.000391,-0.000039,0.000137,GROUND,GROUND,DONE,GROUND_DRIVE,True,True,False,True,True,True,32,41,recent_reverse_path,verified_current_epoch,True,takeoff_reposition_succeeded,0.000000
103.882000,1.754245,-0.036087,0.065871,-0.002089,0.000088,-0.000138,GROUND,GROUND,DONE,GROUND_DRIVE,True,True,False,True,True,True,32,41,recent_reverse_path,verified_current_epoch,True,takeoff_reposition_succeeded,0.000000
103.982000,1.754160,-0.036088,0.065871,-0.002089,0.000088,-0.000138,GROUND,GROUND,DONE,GROUND_DRIVE,True,True,False,True,True,True,32,41,recent_reverse_path,verified_current_epoch,True,takeoff_reposition_succeeded,0.000000
104.081000,1.754075,-0.036088,0.065871,0.000392,-0.000038,0.000138,GROUND,GROUND,DONE,GROUND_DRIVE,True,True,False,True,True,True,32,41,recent_reverse_path,verified_current_epoch,True,takeoff_reposition_succeeded,0.000000
104.180000,1.753992,-0.036089,0.065871,-0.002090,0.000087,-0.000138,GROUND,GROUND,DONE,GROUND_DRIVE,True,True,False,True,True,True,32,41,recent_reverse_path,verified_current_epoch,True,takeoff_reposition_succeeded,0.000000
104.280000,1.753907,-0.036089,0.065871,-0.002090,0.000087,-0.000138,GROUND,GROUND,DONE,GROUND_DRIVE,True,True,False,True,True,True,32,41,recent_reverse_path,verified_current_epoch,True,takeoff_reposition_succeeded,0.000000
104.379000,1.753822,-0.036090,0.065871,0.000392,-0.000038,0.000138,GROUND,GROUND,DONE,GROUND_DRIVE,True,True,False,True,True,True,32,41,recent_reverse_path,verified_current_epoch,True,takeoff_reposition_succeeded,0.000000
104.479000,1.753737,-0.036090,0.065871,0.000392,-0.000038,0.000138,GROUND,GROUND,DONE,GROUND_DRIVE,True,True,False,True,True,True,32,41,recent_reverse_path,verified_current_epoch,True,takeoff_reposition_succeeded,0.000000
104.578000,1.753654,-0.036091,0.065871,-0.002090,0.000085,-0.000138,GROUND,GROUND,DONE,GROUND_DRIVE,True,True,False,True,True,True,32,41,recent_reverse_path,verified_current_epoch,True,takeoff_reposition_succeeded,0.000000
104.677000,1.753569,-0.036091,0.065871,0.000392,-0.000037,0.000138,GROUND,GROUND,DONE,GROUND_DRIVE,True,True,False,True,True,True,32,41,recent_reverse_path,verified_current_epoch,True,takeoff_reposition_succeeded,0.000000
104.777000,1.753484,-0.036092,0.065871,0.000392,-0.000037,0.000138,GROUND,GROUND,DONE,GROUND_DRIVE,True,True,False,True,True,True,32,41,recent_reverse_path,verified_current_epoch,True,takeoff_reposition_succeeded,0.000000
104.876000,1.753401,-0.036092,0.065871,-0.002090,0.000084,-0.000138,GROUND,GROUND,DONE,GROUND_DRIVE,True,True,False,True,True,True,32,41,recent_reverse_path,verified_current_epoch,True,takeoff_reposition_succeeded,0.000000
104.976000,1.753316,-0.036093,0.065871,-0.002090,0.000083,-0.000138,GROUND,GROUND,DONE,GROUND_DRIVE,True,True,False,True,True,True,32,41,recent_reverse_path,verified_current_epoch,True,takeoff_reposition_succeeded,0.000000
105.075000,1.753231,-0.036093,0.065871,0.000392,-0.000036,0.000138,GROUND,GROUND,DONE,GROUND_DRIVE,True,True,False,True,True,True,32,41,recent_reverse_path,verified_current_epoch,True,takeoff_reposition_succeeded,0.000000
105.174000,1.753148,-0.036094,0.065871,-0.002090,0.000083,-0.000138,GROUND,GROUND,DONE,GROUND_DRIVE,True,True,False,True,True,True,32,41,recent_reverse_path,verified_current_epoch,True,takeoff_reposition_succeeded,0.000000
105.274000,1.753063,-0.036094,0.065871,-0.002090,0.000082,-0.000138,GROUND,GROUND,DONE,GROUND_DRIVE,True,True,False,True,True,True,32,41,recent_reverse_path,verified_current_epoch,True,takeoff_reposition_succeeded,0.000000
105.373000,1.752978,-0.036095,0.065871,0.000392,-0.000036,0.000138,GROUND,GROUND,DONE,GROUND_DRIVE,True,True,False,True,True,True,32,41,recent_reverse_path,verified_current_epoch,True,takeoff_reposition_succeeded,0.000000
105.473000,1.752893,-0.036095,0.065871,0.000392,-0.000036,0.000138,GROUND,GROUND,DONE,GROUND_DRIVE,True,True,False,True,True,True,32,41,recent_reverse_path,verified_current_epoch,True,takeoff_reposition_succeeded,0.000000
105.572000,1.752810,-0.036096,0.065871,-0.002090,0.000081,-0.000138,GROUND,GROUND,DONE,GROUND_DRIVE,True,True,False,True,True,True,32,41,recent_reverse_path,verified_current_epoch,True,takeoff_reposition_succeeded,0.000000
105.671000,1.752725,-0.036096,0.065871,0.000392,-0.000035,0.000138,GROUND,GROUND,DONE,GROUND_DRIVE,True,True,False,True,True,True,32,41,recent_reverse_path,verified_current_epoch,True,takeoff_reposition_succeeded,0.000000
105.771000,1.752640,-0.036097,0.065871,0.000392,-0.000035,0.000138,GROUND,GROUND,DONE,GROUND_DRIVE,True,True,False,True,True,True,32,41,recent_reverse_path,verified_current_epoch,True,takeoff_reposition_succeeded,0.000000
105.870000,1.754546,-0.036029,0.065870,0.018686,-0.000553,-0.000720,GROUND,GROUND,DONE,GROUND_DRIVE,True,True,False,True,True,True,32,41,recent_reverse_path,verified_current_epoch,True,takeoff_reposition_succeeded,0.000000
105.970000,1.754819,-0.036029,0.065871,-0.001707,0.000071,-0.000079,GROUND,GROUND,DONE,GROUND_DRIVE,True,True,False,True,True,True,32,41,recent_reverse_path,verified_current_epoch,True,takeoff_reposition_succeeded,0.000000
106.069000,1.754745,-0.036030,0.065871,0.000423,-0.000039,0.000138,GROUND,GROUND,DONE,GROUND_DRIVE,True,True,False,True,True,True,32,41,recent_reverse_path,verified_current_epoch,True,takeoff_reposition_succeeded,0.000000
106.168000,1.754661,-0.036030,0.065871,-0.002083,0.000083,-0.000149,GROUND,GROUND,DONE,GROUND_DRIVE,True,True,False,True,True,True,32,41,recent_reverse_path,verified_current_epoch,True,takeoff_reposition_succeeded,0.000000
106.268000,1.754576,-0.036031,0.065871,-0.002087,0.000083,-0.000137,GROUND,GROUND,DONE,GROUND_DRIVE,True,True,False,True,True,True,32,41,recent_reverse_path,verified_current_epoch,True,takeoff_reposition_succeeded,0.000000
106.367000,1.754492,-0.036031,0.065871,0.000393,-0.000036,0.000139,GROUND,GROUND,DONE,GROUND_DRIVE,True,True,False,True,True,True,32,41,recent_reverse_path,verified_current_epoch,True,takeoff_reposition_succeeded,0.000000
106.467000,1.754407,-0.036032,0.065871,0.000392,-0.000036,0.000138,GROUND,GROUND,DONE,GROUND_DRIVE,True,True,False,True,True,True,32,41,recent_reverse_path,verified_current_epoch,True,takeoff_reposition_succeeded,0.000000
106.566000,1.754323,-0.036032,0.065871,-0.002090,0.000082,-0.000138,GROUND,GROUND,DONE,GROUND_DRIVE,True,True,False,True,True,True,32,41,recent_reverse_path,verified_current_epoch,True,takeoff_reposition_succeeded,0.000000
106.665000,1.754239,-0.036033,0.065871,0.000392,-0.000036,0.000138,GROUND,GROUND,DONE,GROUND_DRIVE,True,True,False,True,True,True,32,41,recent_reverse_path,verified_current_epoch,True,takeoff_reposition_succeeded,0.000000
106.765000,1.754154,-0.036033,0.065871,0.000392,-0.000035,0.000138,GROUND,GROUND,DONE,GROUND_DRIVE,True,True,False,True,True,True,32,41,recent_reverse_path,verified_current_epoch,True,takeoff_reposition_succeeded,0.000000
106.864000,1.754070,-0.036034,0.065871,-0.002090,0.000081,-0.000138,GROUND,GROUND,DONE,GROUND_DRIVE,True,True,False,True,True,True,32,41,recent_reverse_path,verified_current_epoch,True,takeoff_reposition_succeeded,0.000000
106.964000,1.753985,-0.036034,0.065871,-0.002090,0.000080,-0.000138,GROUND,GROUND,DONE,GROUND_DRIVE,True,True,False,True,True,True,32,41,recent_reverse_path,verified_current_epoch,True,takeoff_reposition_succeeded,0.000000
107.063000,1.753901,-0.036035,0.065871,0.000392,-0.000035,0.000138,GROUND,GROUND,DONE,GROUND_DRIVE,True,True,False,True,True,True,32,41,recent_reverse_path,verified_current_epoch,True,takeoff_reposition_succeeded,0.000000
107.162000,1.753817,-0.036035,0.065871,-0.002090,0.000079,-0.000138,GROUND,GROUND,DONE,GROUND_DRIVE,True,True,False,True,True,True,32,41,recent_reverse_path,verified_current_epoch,True,takeoff_reposition_succeeded,0.000000
107.262000,1.753732,-0.036036,0.065871,-0.002090,0.000079,-0.000138,GROUND,GROUND,DONE,GROUND_DRIVE,True,True,False,True,True,True,32,41,recent_reverse_path,verified_current_epoch,True,takeoff_reposition_succeeded,0.000000
107.362000,1.753648,-0.036036,0.065871,0.000392,-0.000034,0.000138,GROUND,GROUND,DONE,GROUND_DRIVE,True,True,False,True,True,True,32,41,recent_reverse_path,verified_current_epoch,True,takeoff_reposition_succeeded,0.000000
107.461000,1.753563,-0.036037,0.065871,0.000392,-0.000034,0.000138,GROUND,GROUND,DONE,GROUND_DRIVE,True,True,False,True,True,True,32,41,recent_reverse_path,verified_current_epoch,True,takeoff_reposition_succeeded,0.000000
107.560000,1.753479,-0.036037,0.065871,-0.002090,0.000078,-0.000138,GROUND,GROUND,DONE,GROUND_DRIVE,True,True,False,True,True,True,32,41,recent_reverse_path,verified_current_epoch,True,takeoff_reposition_succeeded,0.000000
107.659000,1.753395,-0.036038,0.065871,0.000392,-0.000034,0.000138,GROUND,GROUND,DONE,GROUND_DRIVE,True,True,False,True,True,True,32,41,recent_reverse_path,verified_current_epoch,True,takeoff_reposition_succeeded,0.000000
107.759000,1.753310,-0.036038,0.065871,0.000392,-0.000034,0.000138,GROUND,GROUND,DONE,GROUND_DRIVE,True,True,False,True,True,True,32,41,recent_reverse_path,verified_current_epoch,True,takeoff_reposition_succeeded,0.000000
107.858000,1.753226,-0.036039,0.065871,-0.002090,0.000076,-0.000138,GROUND,GROUND,DONE,GROUND_DRIVE,True,True,False,True,True,True,32,41,recent_reverse_path,verified_current_epoch,True,takeoff_reposition_succeeded,0.000000
107.959000,1.753141,-0.036039,0.065871,-0.002090,0.000076,-0.000138,GROUND,GROUND,DONE,GROUND_DRIVE,True,True,False,True,True,True,32,41,recent_reverse_path,verified_current_epoch,True,takeoff_reposition_succeeded,0.000000
108.058000,1.753056,-0.036040,0.065871,-0.002090,0.000076,-0.000138,GROUND,GROUND,DONE,GROUND_DRIVE,True,True,False,True,True,True,32,41,recent_reverse_path,verified_current_epoch,True,takeoff_reposition_succeeded,0.000000
108.158000,1.752972,-0.036040,0.065871,-0.002090,0.000075,-0.000138,GROUND,GROUND,DONE,GROUND_DRIVE,True,True,False,True,True,True,32,41,recent_reverse_path,verified_current_epoch,True,takeoff_reposition_succeeded,0.000000
108.257000,1.752887,-0.036041,0.065871,0.000392,-0.000033,0.000138,GROUND,GROUND,DONE,GROUND_DRIVE,True,True,False,True,True,True,32,41,recent_reverse_path,verified_current_epoch,True,takeoff_reposition_succeeded,0.000000
108.357000,1.752802,-0.036041,0.065871,0.000392,-0.000033,0.000138,GROUND,GROUND,DONE,GROUND_DRIVE,True,True,False,True,True,True,32,41,recent_reverse_path,verified_current_epoch,True,takeoff_reposition_succeeded,0.000000
108.456000,1.752718,-0.036042,0.065871,-0.002090,0.000074,-0.000138,GROUND,GROUND,DONE,GROUND_DRIVE,True,True,False,True,True,True,32,41,recent_reverse_path,verified_current_epoch,True,takeoff_reposition_succeeded,0.000000
108.555000,1.752634,-0.036042,0.065871,0.000392,-0.000033,0.000138,GROUND,GROUND,DONE,GROUND_DRIVE,True,True,False,True,True,True,32,41,recent_reverse_path,verified_current_epoch,True,takeoff_reposition_succeeded,0.000000
108.655000,1.754081,-0.035977,0.065871,0.044049,-0.000075,0.000801,GROUND,GROUND,DONE,GROUND_DRIVE,True,True,False,True,True,True,32,41,recent_reverse_path,verified_current_epoch,True,takeoff_reposition_succeeded,0.000000
108.754000,1.754806,-0.035975,0.065871,-0.001469,0.000060,-0.000238,GROUND,GROUND,DONE,GROUND_DRIVE,True,True,False,True,True,True,32,41,recent_reverse_path,verified_current_epoch,True,takeoff_reposition_succeeded,0.000000
108.854000,1.754738,-0.035975,0.065871,-0.002052,0.000076,-0.000150,GROUND,GROUND,DONE,GROUND_DRIVE,True,True,False,True,True,True,32,41,recent_reverse_path,verified_current_epoch,True,takeoff_reposition_succeeded,0.000000
108.953000,1.754655,-0.035976,0.065871,0.000396,-0.000034,0.000150,GROUND,GROUND,DONE,GROUND_DRIVE,True,True,False,True,True,True,32,41,recent_reverse_path,verified_current_epoch,True,takeoff_reposition_succeeded,0.000000
109.052000,1.754571,-0.035976,0.065871,-0.002090,0.000077,-0.000143,GROUND,GROUND,DONE,GROUND_DRIVE,True,True,False,True,True,True,32,41,recent_reverse_path,verified_current_epoch,True,takeoff_reposition_succeeded,0.000000
109.152000,1.754486,-0.035977,0.065871,-0.002090,0.000076,-0.000140,GROUND,GROUND,DONE,GROUND_DRIVE,True,True,False,True,True,True,32,41,recent_reverse_path,verified_current_epoch,True,takeoff_reposition_succeeded,0.000000
109.251000,1.754402,-0.035977,0.065871,0.000392,-0.000033,0.000139,GROUND,GROUND,DONE,GROUND_DRIVE,True,True,False,True,True,True,32,41,recent_reverse_path,verified_current_epoch,True,takeoff_reposition_succeeded,0.000000
109.351000,1.754317,-0.035978,0.065871,0.000392,-0.000033,0.000139,GROUND,GROUND,DONE,GROUND_DRIVE,True,True,False,True,True,True,32,41,recent_reverse_path,verified_current_epoch,True,takeoff_reposition_succeeded,0.000000
109.450000,1.754233,-0.035978,0.065871,-0.002090,0.000075,-0.000138,GROUND,GROUND,DONE,GROUND_DRIVE,True,True,False,True,True,True,32,41,recent_reverse_path,verified_current_epoch,True,takeoff_reposition_succeeded,0.000000
109.549000,1.754148,-0.035979,0.065871,0.000392,-0.000033,0.000138,GROUND,GROUND,DONE,GROUND_DRIVE,True,True,False,True,True,True,32,41,recent_reverse_path,verified_current_epoch,True,takeoff_reposition_succeeded,0.000000
109.649000,1.754064,-0.035979,0.065871,0.000392,-0.000033,0.000138,GROUND,GROUND,DONE,GROUND_DRIVE,True,True,False,True,True,True,32,41,recent_reverse_path,verified_current_epoch,True,takeoff_reposition_succeeded,0.000000
109.748000,1.753980,-0.035980,0.065871,-0.002090,0.000074,-0.000138,GROUND,GROUND,DONE,GROUND_DRIVE,True,True,False,True,True,True,32,41,recent_reverse_path,verified_current_epoch,True,takeoff_reposition_succeeded,0.000000
109.848000,1.753895,-0.035980,0.065871,-0.002090,0.000073,-0.000138,GROUND,GROUND,DONE,GROUND_DRIVE,True,True,False,True,True,True,32,41,recent_reverse_path,verified_current_epoch,True,takeoff_reposition_succeeded,0.000000
109.947000,1.753810,-0.035981,0.065871,0.000392,-0.000033,0.000138,GROUND,GROUND,DONE,GROUND_DRIVE,True,True,False,True,True,True,32,41,recent_reverse_path,verified_current_epoch,True,takeoff_reposition_succeeded,0.000000
110.046000,1.753727,-0.035981,0.065871,-0.002091,0.000072,-0.000138,GROUND,GROUND,DONE,GROUND_DRIVE,True,True,False,True,True,True,32,41,recent_reverse_path,verified_current_epoch,True,takeoff_reposition_succeeded,0.000000
110.146000,1.753642,-0.035982,0.065871,-0.002091,0.000072,-0.000138,GROUND,GROUND,DONE,GROUND_DRIVE,True,True,False,True,True,True,32,41,recent_reverse_path,verified_current_epoch,True,takeoff_reposition_succeeded,0.000000
110.245000,1.753557,-0.035982,0.065871,0.000393,-0.000032,0.000138,GROUND,GROUND,DONE,GROUND_DRIVE,True,True,False,True,True,True,32,41,recent_reverse_path,verified_current_epoch,True,takeoff_reposition_succeeded,0.000000
110.345000,1.753472,-0.035983,0.065871,0.000393,-0.000032,0.000138,GROUND,GROUND,DONE,GROUND_DRIVE,True,True,False,True,True,True,32,41,recent_reverse_path,verified_current_epoch,True,takeoff_reposition_succeeded,0.000000
110.444000,1.753389,-0.035983,0.065871,-0.002091,0.000071,-0.000138,GROUND,GROUND,DONE,GROUND_DRIVE,True,True,False,True,True,True,32,41,recent_reverse_path,verified_current_epoch,True,takeoff_reposition_succeeded,0.000000
110.543000,1.753304,-0.035984,0.065871,0.000393,-0.000032,0.000138,GROUND,GROUND,DONE,GROUND_DRIVE,True,True,False,True,True,True,32,41,recent_reverse_path,verified_current_epoch,True,takeoff_reposition_succeeded,0.000000
110.643000,1.753219,-0.035984,0.065871,0.000393,-0.000031,0.000138,GROUND,GROUND,DONE,GROUND_DRIVE,True,True,False,True,True,True,32,41,recent_reverse_path,verified_current_epoch,True,takeoff_reposition_succeeded,0.000000
110.742000,1.753136,-0.035984,0.065871,-0.002091,0.000070,-0.000138,GROUND,GROUND,DONE,GROUND_DRIVE,True,True,False,True,True,True,32,41,recent_reverse_path,verified_current_epoch,True,takeoff_reposition_succeeded,0.000000
110.842000,1.753051,-0.035985,0.065871,-0.002091,0.000069,-0.000138,GROUND,GROUND,DONE,GROUND_DRIVE,True,True,False,True,True,True,32,41,recent_reverse_path,verified_current_epoch,True,takeoff_reposition_succeeded,0.000000
110.941000,1.752966,-0.035985,0.065871,0.000393,-0.000031,0.000138,GROUND,GROUND,DONE,GROUND_DRIVE,True,True,False,True,True,True,32,41,recent_reverse_path,verified_current_epoch,True,takeoff_reposition_succeeded,0.000000
111.040000,1.752883,-0.035986,0.065871,-0.002091,0.000068,-0.000138,GROUND,GROUND,DONE,GROUND_DRIVE,True,True,False,True,True,True,32,41,recent_reverse_path,verified_current_epoch,True,takeoff_reposition_succeeded,0.000000
111.140000,1.752798,-0.035986,0.065871,-0.002091,0.000068,-0.000138,GROUND,GROUND,DONE,GROUND_DRIVE,True,True,False,True,True,True,32,41,recent_reverse_path,verified_current_epoch,True,takeoff_reposition_succeeded,0.000000
111.239000,1.752713,-0.035987,0.065871,0.000393,-0.000030,0.000138,GROUND,GROUND,DONE,GROUND_DRIVE,True,True,False,True,True,True,32,41,recent_reverse_path,verified_current_epoch,True,takeoff_reposition_succeeded,0.000000
111.339000,1.752628,-0.035987,0.065871,0.000393,-0.000030,0.000138,GROUND,GROUND,DONE,GROUND_DRIVE,True,True,False,True,True,True,32,41,recent_reverse_path,verified_current_epoch,True,takeoff_reposition_succeeded,0.000000
111.438000,1.753303,-0.035957,0.065871,0.036037,0.000845,-0.000207,GROUND,GROUND,DONE,GROUND_DRIVE,True,True,False,True,True,True,32,41,recent_reverse_path,verified_current_epoch,True,takeoff_reposition_succeeded,0.000000
111.537000,1.754788,-0.035920,0.065871,0.001366,-0.000054,0.000089,GROUND,GROUND,DONE,GROUND_DRIVE,True,True,False,True,True,True,32,41,recent_reverse_path,verified_current_epoch,True,takeoff_reposition_succeeded,0.000000
111.637000,1.754733,-0.035920,0.065871,0.000413,-0.000032,0.000160,GROUND,GROUND,DONE,GROUND_DRIVE,True,True,False,True,True,True,32,41,recent_reverse_path,verified_current_epoch,True,takeoff_reposition_succeeded,0.000000
111.736000,1.754650,-0.035921,0.065871,-0.002097,0.000072,-0.000133,GROUND,GROUND,DONE,GROUND_DRIVE,True,True,False,True,True,True,32,41,recent_reverse_path,verified_current_epoch,True,takeoff_reposition_succeeded,0.000000
111.836000,1.754566,-0.035921,0.065871,-0.002093,0.000071,-0.000143,GROUND,GROUND,DONE,GROUND_DRIVE,True,True,False,True,True,True,32,41,recent_reverse_path,verified_current_epoch,True,takeoff_reposition_succeeded,0.000000
111.935000,1.754481,-0.035922,0.065871,0.000391,-0.000031,0.000138,GROUND,GROUND,DONE,GROUND_DRIVE,True,True,False,True,True,True,32,41,recent_reverse_path,verified_current_epoch,True,takeoff_reposition_succeeded,0.000000
112.034000,1.754397,-0.035922,0.065871,-0.002091,0.000070,-0.000137,GROUND,GROUND,DONE,GROUND_DRIVE,True,True,False,True,True,True,32,41,recent_reverse_path,verified_current_epoch,True,takeoff_reposition_succeeded,0.000000
112.134000,1.754312,-0.035923,0.065871,-0.002091,0.000070,-0.000138,GROUND,GROUND,DONE,GROUND_DRIVE,True,True,False,True,True,True,32,41,recent_reverse_path,verified_current_epoch,True,takeoff_reposition_succeeded,0.000000
112.233000,1.754228,-0.035923,0.065871,0.000393,-0.000031,0.000138,GROUND,GROUND,DONE,GROUND_DRIVE,True,True,False,True,True,True,32,41,recent_reverse_path,verified_current_epoch,True,takeoff_reposition_succeeded,0.000000
112.333000,1.754143,-0.035924,0.065871,0.000393,-0.000031,0.000138,GROUND,GROUND,DONE,GROUND_DRIVE,True,True,False,True,True,True,32,41,recent_reverse_path,verified_current_epoch,True,takeoff_reposition_succeeded,0.000000
112.432000,1.754059,-0.035924,0.065871,-0.002091,0.000068,-0.000138,GROUND,GROUND,DONE,GROUND_DRIVE,True,True,False,True,True,True,32,41,recent_reverse_path,verified_current_epoch,True,takeoff_reposition_succeeded,0.000000
112.531000,1.753975,-0.035925,0.065871,0.000393,-0.000031,0.000138,GROUND,GROUND,DONE,GROUND_DRIVE,True,True,False,True,True,True,32,41,recent_reverse_path,verified_current_epoch,True,takeoff_reposition_succeeded,0.000000
112.631000,1.753890,-0.035925,0.065871,0.000393,-0.000030,0.000138,GROUND,GROUND,DONE,GROUND_DRIVE,True,True,False,True,True,True,32,41,recent_reverse_path,verified_current_epoch,True,takeoff_reposition_succeeded,0.000000
112.730000,1.753806,-0.035926,0.065871,-0.002091,0.000067,-0.000138,GROUND,GROUND,DONE,GROUND_DRIVE,True,True,False,True,True,True,32,41,recent_reverse_path,verified_current_epoch,True,takeoff_reposition_succeeded,0.000000
112.830000,1.753721,-0.035926,0.065871,-0.002091,0.000067,-0.000138,GROUND,GROUND,DONE,GROUND_DRIVE,True,True,False,True,True,True,32,41,recent_reverse_path,verified_current_epoch,True,takeoff_reposition_succeeded,0.000000
112.929000,1.753637,-0.035927,0.065871,0.000393,-0.000030,0.000138,GROUND,GROUND,DONE,GROUND_DRIVE,True,True,False,True,True,True,32,41,recent_reverse_path,verified_current_epoch,True,takeoff_reposition_succeeded,0.000000
113.028000,1.753553,-0.035927,0.065871,-0.002091,0.000066,-0.000138,GROUND,GROUND,DONE,GROUND_DRIVE,True,True,False,True,True,True,32,41,recent_reverse_path,verified_current_epoch,True,takeoff_reposition_succeeded,0.000000
113.128000,1.753468,-0.035927,0.065871,-0.002091,0.000066,-0.000138,GROUND,GROUND,DONE,GROUND_DRIVE,True,True,False,True,True,True,32,41,recent_reverse_path,verified_current_epoch,True,takeoff_reposition_succeeded,0.000000
113.227000,1.753384,-0.035928,0.065871,0.000393,-0.000029,0.000138,GROUND,GROUND,DONE,GROUND_DRIVE,True,True,False,True,True,True,32,41,recent_reverse_path,verified_current_epoch,True,takeoff_reposition_succeeded,0.000000
113.327000,1.753299,-0.035928,0.065871,0.000393,-0.000029,0.000138,GROUND,GROUND,DONE,GROUND_DRIVE,True,True,False,True,True,True,32,41,recent_reverse_path,verified_current_epoch,True,takeoff_reposition_succeeded,0.000000
113.426000,1.753215,-0.035929,0.065871,-0.002091,0.000065,-0.000138,GROUND,GROUND,DONE,GROUND_DRIVE,True,True,False,True,True,True,32,41,recent_reverse_path,verified_current_epoch,True,takeoff_reposition_succeeded,0.000000
113.525000,1.753131,-0.035929,0.065871,0.000393,-0.000029,0.000138,GROUND,GROUND,DONE,GROUND_DRIVE,True,True,False,True,True,True,32,41,recent_reverse_path,verified_current_epoch,True,takeoff_reposition_succeeded,0.000000
113.625000,1.753046,-0.035930,0.065871,0.000393,-0.000029,0.000138,GROUND,GROUND,DONE,GROUND_DRIVE,True,True,False,True,True,True,32,41,recent_reverse_path,verified_current_epoch,True,takeoff_reposition_succeeded,0.000000
113.724000,1.752962,-0.035930,0.065871,-0.002091,0.000064,-0.000138,GROUND,GROUND,DONE,GROUND_DRIVE,True,True,False,True,True,True,32,41,recent_reverse_path,verified_current_epoch,True,takeoff_reposition_succeeded,0.000000
113.824000,1.752877,-0.035931,0.065871,-0.002091,0.000063,-0.000138,GROUND,GROUND,DONE,GROUND_DRIVE,True,True,False,True,True,True,32,41,recent_reverse_path,verified_current_epoch,True,takeoff_reposition_succeeded,0.000000
113.923000,1.752793,-0.035931,0.065871,0.000393,-0.000028,0.000138,GROUND,GROUND,DONE,GROUND_DRIVE,True,True,False,True,True,True,32,41,recent_reverse_path,verified_current_epoch,True,takeoff_reposition_succeeded,0.000000
114.022000,1.752709,-0.035932,0.065871,-0.002091,0.000062,-0.000138,GROUND,GROUND,DONE,GROUND_DRIVE,True,True,False,True,True,True,32,41,recent_reverse_path,verified_current_epoch,True,takeoff_reposition_succeeded,0.000000
114.122000,1.752624,-0.035932,0.065871,-0.002091,0.000062,-0.000138,GROUND,GROUND,DONE,GROUND_DRIVE,True,True,False,True,True,True,32,41,recent_reverse_path,verified_current_epoch,True,takeoff_reposition_succeeded,0.000000
114.221000,1.752781,-0.035924,0.065871,0.022166,0.000164,0.000850,GROUND,GROUND,DONE,GROUND_DRIVE,True,True,False,True,True,True,32,41,recent_reverse_path,verified_current_epoch,True,takeoff_reposition_succeeded,0.000000
114.321000,1.754762,-0.035865,0.065871,0.002123,-0.000073,-0.000046,GROUND,GROUND,DONE,GROUND_DRIVE,True,True,False,True,True,True,32,41,recent_reverse_path,verified_current_epoch,True,takeoff_reposition_succeeded,0.000000
114.420000,1.754729,-0.035865,0.065871,-0.002008,0.000063,-0.000078,GROUND,GROUND,DONE,GROUND_DRIVE,True,True,False,True,True,True,32,41,recent_reverse_path,verified_current_epoch,True,takeoff_reposition_succeeded,0.000000
114.519000,1.754646,-0.035866,0.065871,0.000406,-0.000031,0.000125,GROUND,GROUND,DONE,GROUND_DRIVE,True,True,False,True,True,True,32,41,recent_reverse_path,verified_current_epoch,True,takeoff_reposition_succeeded,0.000000
114.619000,1.754561,-0.035866,0.065871,0.000395,-0.000030,0.000126,GROUND,GROUND,DONE,GROUND_DRIVE,True,True,False,True,True,True,32,41,recent_reverse_path,verified_current_epoch,True,takeoff_reposition_succeeded,0.000000
114.718000,1.754478,-0.035867,0.065871,-0.002090,0.000065,-0.000135,GROUND,GROUND,DONE,GROUND_DRIVE,True,True,False,True,True,True,32,41,recent_reverse_path,verified_current_epoch,True,takeoff_reposition_succeeded,0.000000
114.818000,1.754393,-0.035867,0.065871,-0.002091,0.000065,-0.000136,GROUND,GROUND,DONE,GROUND_DRIVE,True,True,False,True,True,True,32,41,recent_reverse_path,verified_current_epoch,True,takeoff_reposition_succeeded,0.000000
114.917000,1.754308,-0.035868,0.065871,0.000393,-0.000029,0.000138,GROUND,GROUND,DONE,GROUND_DRIVE,True,True,False,True,True,True,32,41,recent_reverse_path,verified_current_epoch,True,takeoff_reposition_succeeded,0.000000
115.016000,1.754225,-0.035868,0.065871,-0.002091,0.000064,-0.000138,GROUND,GROUND,DONE,GROUND_DRIVE,True,True,False,True,True,True,32,41,recent_reverse_path,verified_current_epoch,True,takeoff_reposition_succeeded,0.000000
115.116000,1.754140,-0.035868,0.065871,-0.002091,0.000064,-0.000138,GROUND,GROUND,DONE,GROUND_DRIVE,True,True,False,True,True,True,32,41,recent_reverse_path,verified_current_epoch,True,takeoff_reposition_succeeded,0.000000
115.215000,1.754055,-0.035869,0.065871,0.000393,-0.000029,0.000138,GROUND,GROUND,DONE,GROUND_DRIVE,True,True,False,True,True,True,32,41,recent_reverse_path,verified_current_epoch,True,takeoff_reposition_succeeded,0.000000
115.315000,1.753970,-0.035869,0.065871,0.000393,-0.000029,0.000138,GROUND,GROUND,DONE,GROUND_DRIVE,True,True,False,True,True,True,32,41,recent_reverse_path,verified_current_epoch,True,takeoff_reposition_succeeded,0.000000
115.414000,1.753887,-0.035870,0.065871,-0.002091,0.000063,-0.000138,GROUND,GROUND,DONE,GROUND_DRIVE,True,True,False,True,True,True,32,41,recent_reverse_path,verified_current_epoch,True,takeoff_reposition_succeeded,0.000000
115.513000,1.753802,-0.035870,0.065871,0.000393,-0.000028,0.000138,GROUND,GROUND,DONE,GROUND_DRIVE,True,True,False,True,True,True,32,41,recent_reverse_path,verified_current_epoch,True,takeoff_reposition_succeeded,0.000000
115.613000,1.753717,-0.035871,0.065871,0.000393,-0.000028,0.000138,GROUND,GROUND,DONE,GROUND_DRIVE,True,True,False,True,True,True,32,41,recent_reverse_path,verified_current_epoch,True,takeoff_reposition_succeeded,0.000000
115.712000,1.753633,-0.035871,0.065871,-0.002091,0.000062,-0.000138,GROUND,GROUND,DONE,GROUND_DRIVE,True,True,False,True,True,True,32,41,recent_reverse_path,verified_current_epoch,True,takeoff_reposition_succeeded,0.000000
115.811000,1.753549,-0.035872,0.065871,0.000393,-0.000028,0.000138,GROUND,GROUND,DONE,GROUND_DRIVE,True,True,False,True,True,True,32,41,recent_reverse_path,verified_current_epoch,True,takeoff_reposition_succeeded,0.000000
115.911000,1.753464,-0.035872,0.065871,0.000393,-0.000028,0.000138,GROUND,GROUND,DONE,GROUND_DRIVE,True,True,False,True,True,True,32,41,recent_reverse_path,verified_current_epoch,True,takeoff_reposition_succeeded,0.000000
116.010000,1.753380,-0.035873,0.065871,-0.002091,0.000061,-0.000138,GROUND,GROUND,DONE,GROUND_DRIVE,True,True,False,True,True,True,32,41,recent_reverse_path,verified_current_epoch,True,takeoff_reposition_succeeded,0.000000
116.110000,1.753296,-0.035873,0.065871,-0.002091,0.000060,-0.000138,GROUND,GROUND,DONE,GROUND_DRIVE,True,True,False,True,True,True,32,41,recent_reverse_path,verified_current_epoch,True,takeoff_reposition_succeeded,0.000000
116.209000,1.753211,-0.035873,0.065871,0.000393,-0.000027,0.000138,GROUND,GROUND,DONE,GROUND_DRIVE,True,True,False,True,True,True,32,41,recent_reverse_path,verified_current_epoch,True,takeoff_reposition_succeeded,0.000000
116.308000,1.753127,-0.035874,0.065871,-0.002091,0.000060,-0.000138,GROUND,GROUND,DONE,GROUND_DRIVE,True,True,False,True,True,True,32,41,recent_reverse_path,verified_current_epoch,True,takeoff_reposition_succeeded,0.000000
116.408000,1.753042,-0.035874,0.065871,-0.002091,0.000059,-0.000138,GROUND,GROUND,DONE,GROUND_DRIVE,True,True,False,True,True,True,32,41,recent_reverse_path,verified_current_epoch,True,takeoff_reposition_succeeded,0.000000
116.507000,1.752958,-0.035875,0.065871,0.000393,-0.000027,0.000138,GROUND,GROUND,DONE,GROUND_DRIVE,True,True,False,True,True,True,32,41,recent_reverse_path,verified_current_epoch,True,takeoff_reposition_succeeded,0.000000
116.607000,1.752873,-0.035875,0.065871,0.000393,-0.000027,0.000138,GROUND,GROUND,DONE,GROUND_DRIVE,True,True,False,True,True,True,32,41,recent_reverse_path,verified_current_epoch,True,takeoff_reposition_succeeded,0.000000
116.706000,1.752789,-0.035876,0.065871,-0.002091,0.000058,-0.000138,GROUND,GROUND,DONE,GROUND_DRIVE,True,True,False,True,True,True,32,41,recent_reverse_path,verified_current_epoch,True,takeoff_reposition_succeeded,0.000000
116.805000,1.752705,-0.035876,0.065871,0.000393,-0.000026,0.000138,GROUND,GROUND,DONE,GROUND_DRIVE,True,True,False,True,True,True,32,41,recent_reverse_path,verified_current_epoch,True,takeoff_reposition_succeeded,0.000000
116.905000,1.752620,-0.035877,0.065871,0.000393,-0.000026,0.000138,GROUND,GROUND,DONE,GROUND_DRIVE,True,True,False,True,True,True,32,41,recent_reverse_path,verified_current_epoch,True,takeoff_reposition_succeeded,0.000000
117.004000,1.754026,-0.035813,0.065870,0.042784,0.000721,-0.000556,GROUND,GROUND,DONE,GROUND_DRIVE,True,True,False,True,True,True,32,41,recent_reverse_path,verified_current_epoch,True,takeoff_reposition_succeeded,0.000000
117.104000,1.754793,-0.035809,0.065871,-0.001466,0.000047,-0.000240,GROUND,GROUND,DONE,GROUND_DRIVE,True,True,False,True,True,True,32,41,recent_reverse_path,verified_current_epoch,True,takeoff_reposition_succeeded,0.000000
117.203000,1.754726,-0.035810,0.065871,0.000421,-0.000029,0.000194,GROUND,GROUND,DONE,GROUND_DRIVE,True,True,False,True,True,True,32,41,recent_reverse_path,verified_current_epoch,True,takeoff_reposition_succeeded,0.000000
117.302000,1.754643,-0.035810,0.065871,-0.002092,0.000062,-0.000161,GROUND,GROUND,DONE,GROUND_DRIVE,True,True,False,True,True,True,32,41,recent_reverse_path,verified_current_epoch,True,takeoff_reposition_succeeded,0.000000
117.402000,1.754558,-0.035811,0.065871,-0.002089,0.000061,-0.000147,GROUND,GROUND,DONE,GROUND_DRIVE,True,True,False,True,True,True,32,41,recent_reverse_path,verified_current_epoch,True,takeoff_reposition_succeeded,0.000000
117.501000,1.754474,-0.035811,0.065871,0.000393,-0.000028,0.000142,GROUND,GROUND,DONE,GROUND_DRIVE,True,True,False,True,True,True,32,41,recent_reverse_path,verified_current_epoch,True,takeoff_reposition_succeeded,0.000000
117.601000,1.754389,-0.035811,0.065871,0.000393,-0.000028,0.000139,GROUND,GROUND,DONE,GROUND_DRIVE,True,True,False,True,True,True,32,41,recent_reverse_path,verified_current_epoch,True,takeoff_reposition_succeeded,0.000000
117.700000,1.754305,-0.035812,0.065871,-0.002091,0.000060,-0.000139,GROUND,GROUND,DONE,GROUND_DRIVE,True,True,False,True,True,True,32,41,recent_reverse_path,verified_current_epoch,True,takeoff_reposition_succeeded,0.000000
117.799000,1.754221,-0.035812,0.065871,0.000393,-0.000027,0.000138,GROUND,GROUND,DONE,GROUND_DRIVE,True,True,False,True,True,True,32,41,recent_reverse_path,verified_current_epoch,True,takeoff_reposition_succeeded,0.000000
117.899000,1.754136,-0.035813,0.065871,0.000393,-0.000027,0.000138,GROUND,GROUND,DONE,GROUND_DRIVE,True,True,False,True,True,True,32,41,recent_reverse_path,verified_current_epoch,True,takeoff_reposition_succeeded,0.000000
117.998000,1.754052,-0.035813,0.065871,-0.002091,0.000059,-0.000138,GROUND,GROUND,DONE,GROUND_DRIVE,True,True,False,True,True,True,32,41,recent_reverse_path,verified_current_epoch,True,takeoff_reposition_succeeded,0.000000
118.098000,1.753967,-0.035814,0.065871,-0.002091,0.000059,-0.000138,GROUND,GROUND,DONE,GROUND_DRIVE,True,True,False,True,True,True,32,41,recent_reverse_path,verified_current_epoch,True,takeoff_reposition_succeeded,0.000000
118.197000,1.753883,-0.035814,0.065871,0.000393,-0.000027,0.000138,GROUND,GROUND,DONE,GROUND_DRIVE,True,True,False,True,True,True,32,41,recent_reverse_path,verified_current_epoch,True,takeoff_reposition_succeeded,0.000000
118.296000,1.753799,-0.035815,0.065871,-0.002091,0.000058,-0.000138,GROUND,GROUND,DONE,GROUND_DRIVE,True,True,False,True,True,True,32,41,recent_reverse_path,verified_current_epoch,True,takeoff_reposition_succeeded,0.000000
118.396000,1.753714,-0.035815,0.065871,-0.002091,0.000058,-0.000138,GROUND,GROUND,DONE,GROUND_DRIVE,True,True,False,True,True,True,32,41,recent_reverse_path,verified_current_epoch,True,takeoff_reposition_succeeded,0.000000
118.495000,1.753630,-0.035816,0.065871,0.000393,-0.000026,0.000138,GROUND,GROUND,DONE,GROUND_DRIVE,True,True,False,True,True,True,32,41,recent_reverse_path,verified_current_epoch,True,takeoff_reposition_succeeded,0.000000
118.595000,1.753545,-0.035816,0.065871,0.000393,-0.000026,0.000138,GROUND,GROUND,DONE,GROUND_DRIVE,True,True,False,True,True,True,32,41,recent_reverse_path,verified_current_epoch,True,takeoff_reposition_succeeded,0.000000
118.694000,1.753461,-0.035816,0.065871,-0.002091,0.000057,-0.000138,GROUND,GROUND,DONE,GROUND_DRIVE,True,True,False,True,True,True,32,41,recent_reverse_path,verified_current_epoch,True,takeoff_reposition_succeeded,0.000000
118.793000,1.753377,-0.035817,0.065871,0.000393,-0.000026,0.000138,GROUND,GROUND,DONE,GROUND_DRIVE,True,True,False,True,True,True,32,41,recent_reverse_path,verified_current_epoch,True,takeoff_reposition_succeeded,0.000000
118.893000,1.753292,-0.035817,0.065871,0.000393,-0.000026,0.000138,GROUND,GROUND,DONE,GROUND_DRIVE,True,True,False,True,True,True,32,41,recent_reverse_path,verified_current_epoch,True,takeoff_reposition_succeeded,0.000000
118.992000,1.753208,-0.035818,0.065871,-0.002092,0.000056,-0.000138,GROUND,GROUND,DONE,GROUND_DRIVE,True,True,False,True,True,True,32,41,recent_reverse_path,verified_current_epoch,True,takeoff_reposition_succeeded,0.000000
119.092000,1.753123,-0.035818,0.065871,-0.002092,0.000056,-0.000138,GROUND,GROUND,DONE,GROUND_DRIVE,True,True,False,True,True,True,32,41,recent_reverse_path,verified_current_epoch,True,takeoff_reposition_succeeded,0.000000
119.191000,1.753039,-0.035819,0.065871,0.000393,-0.000025,0.000138,GROUND,GROUND,DONE,GROUND_DRIVE,True,True,False,True,True,True,32,41,recent_reverse_path,verified_current_epoch,True,takeoff_reposition_succeeded,0.000000
119.290000,1.752955,-0.035819,0.065871,-0.002092,0.000055,-0.000138,GROUND,GROUND,DONE,GROUND_DRIVE,True,True,False,True,True,True,32,41,recent_reverse_path,verified_current_epoch,True,takeoff_reposition_succeeded,0.000000
119.390000,1.752870,-0.035819,0.065871,-0.002092,0.000055,-0.000138,GROUND,GROUND,DONE,GROUND_DRIVE,True,True,False,True,True,True,32,41,recent_reverse_path,verified_current_epoch,True,takeoff_reposition_succeeded,0.000000
119.489000,1.752786,-0.035820,0.065871,0.000393,-0.000025,0.000138,GROUND,GROUND,DONE,GROUND_DRIVE,True,True,False,True,True,True,32,41,recent_reverse_path,verified_current_epoch,True,takeoff_reposition_succeeded,0.000000
119.589000,1.752701,-0.035820,0.065871,0.000393,-0.000025,0.000138,GROUND,GROUND,DONE,GROUND_DRIVE,True,True,False,True,True,True,32,41,recent_reverse_path,verified_current_epoch,True,takeoff_reposition_succeeded,0.000000
119.688000,1.752617,-0.035821,0.065871,-0.002092,0.000054,-0.000138,GROUND,GROUND,DONE,GROUND_DRIVE,True,True,False,True,True,True,32,41,recent_reverse_path,verified_current_epoch,True,takeoff_reposition_succeeded,0.000000
119.787000,1.753253,-0.035792,0.065871,0.038267,0.000634,0.000505,GROUND,GROUND,DONE,GROUND_DRIVE,True,True,False,True,True,True,32,41,recent_reverse_path,verified_current_epoch,True,takeoff_reposition_succeeded,0.000000
119.887000,1.754777,-0.035753,0.065871,0.001364,-0.000045,0.000093,GROUND,GROUND,DONE,GROUND_DRIVE,True,True,False,True,True,True,32,41,recent_reverse_path,verified_current_epoch,True,takeoff_reposition_succeeded,0.000000
119.986000,1.754723,-0.035754,0.065871,-0.002068,0.000058,-0.000089,GROUND,GROUND,DONE,GROUND_DRIVE,True,True,False,True,True,True,32,41,recent_reverse_path,verified_current_epoch,True,takeoff_reposition_succeeded,0.000000
120.086000,1.754639,-0.035754,0.065871,-0.002099,0.000058,-0.000136,GROUND,GROUND,DONE,GROUND_DRIVE,True,True,False,True,True,True,32,41,recent_reverse_path,verified_current_epoch,True,takeoff_reposition_succeeded,0.000000
120.185000,1.754555,-0.035755,0.065871,0.000390,-0.000026,0.000132,GROUND,GROUND,DONE,GROUND_DRIVE,True,True,False,True,True,True,32,41,recent_reverse_path,verified_current_epoch,True,takeoff_reposition_succeeded,0.000000
120.284000,1.754471,-0.035755,0.065871,-0.002092,0.000057,-0.000134,GROUND,GROUND,DONE,GROUND_DRIVE,True,True,False,True,True,True,32,41,recent_reverse_path,verified_current_epoch,True,takeoff_reposition_succeeded,0.000000
120.384000,1.754386,-0.035756,0.065871,-0.002092,0.000057,-0.000137,GROUND,GROUND,DONE,GROUND_DRIVE,True,True,False,True,True,True,32,41,recent_reverse_path,verified_current_epoch,True,takeoff_reposition_succeeded,0.000000
120.483000,1.754302,-0.035756,0.065871,0.000393,-0.000026,0.000138,GROUND,GROUND,DONE,GROUND_DRIVE,True,True,False,True,True,True,32,41,recent_reverse_path,verified_current_epoch,True,takeoff_reposition_succeeded,0.000000
120.583000,1.754217,-0.035756,0.065871,0.000393,-0.000026,0.000138,GROUND,GROUND,DONE,GROUND_DRIVE,True,True,False,True,True,True,32,41,recent_reverse_path,verified_current_epoch,True,takeoff_reposition_succeeded,0.000000
120.682000,1.754133,-0.035757,0.065871,-0.002092,0.000056,-0.000138,GROUND,GROUND,DONE,GROUND_DRIVE,True,True,False,True,True,True,32,41,recent_reverse_path,verified_current_epoch,True,takeoff_reposition_succeeded,0.000000
120.781000,1.754049,-0.035757,0.065871,0.000393,-0.000025,0.000138,GROUND,GROUND,DONE,GROUND_DRIVE,True,True,False,True,True,True,32,41,recent_reverse_path,verified_current_epoch,True,takeoff_reposition_succeeded,0.000000
120.881000,1.753964,-0.035758,0.065871,0.000393,-0.000025,0.000138,GROUND,GROUND,DONE,GROUND_DRIVE,True,True,False,True,True,True,32,41,recent_reverse_path,verified_current_epoch,True,takeoff_reposition_succeeded,0.000000
120.980000,1.753880,-0.035758,0.065871,-0.002092,0.000055,-0.000138,GROUND,GROUND,DONE,GROUND_DRIVE,True,True,False,True,True,True,32,41,recent_reverse_path,verified_current_epoch,True,takeoff_reposition_succeeded,0.000000
121.080000,1.753795,-0.035759,0.065871,-0.002092,0.000055,-0.000138,GROUND,GROUND,DONE,GROUND_DRIVE,True,True,False,True,True,True,32,41,recent_reverse_path,verified_current_epoch,True,takeoff_reposition_succeeded,0.000000
121.179000,1.753711,-0.035759,0.065871,0.000393,-0.000025,0.000138,GROUND,GROUND,DONE,GROUND_DRIVE,True,True,False,True,True,True,32,41,recent_reverse_path,verified_current_epoch,True,takeoff_reposition_succeeded,0.000000
121.278000,1.753627,-0.035759,0.065871,-0.002092,0.000054,-0.000138,GROUND,GROUND,DONE,GROUND_DRIVE,True,True,False,True,True,True,32,41,recent_reverse_path,verified_current_epoch,True,takeoff_reposition_succeeded,0.000000
121.378000,1.753542,-0.035760,0.065871,-0.002092,0.000054,-0.000138,GROUND,GROUND,DONE,GROUND_DRIVE,True,True,False,True,True,True,32,41,recent_reverse_path,verified_current_epoch,True,takeoff_reposition_succeeded,0.000000
121.477000,1.753458,-0.035760,0.065871,0.000393,-0.000025,0.000138,GROUND,GROUND,DONE,GROUND_DRIVE,True,True,False,True,True,True,32,41,recent_reverse_path,verified_current_epoch,True,takeoff_reposition_succeeded,0.000000
121.577000,1.753373,-0.035761,0.065871,0.000393,-0.000024,0.000138,GROUND,GROUND,DONE,GROUND_DRIVE,True,True,False,True,True,True,32,41,recent_reverse_path,verified_current_epoch,True,takeoff_reposition_succeeded,0.000000
121.676000,1.753289,-0.035761,0.065871,-0.002092,0.000053,-0.000138,GROUND,GROUND,DONE,GROUND_DRIVE,True,True,False,True,True,True,32,41,recent_reverse_path,verified_current_epoch,True,takeoff_reposition_succeeded,0.000000
121.775000,1.753205,-0.035762,0.065871,0.000393,-0.000024,0.000138,GROUND,GROUND,DONE,GROUND_DRIVE,True,True,False,True,True,True,32,41,recent_reverse_path,verified_current_epoch,True,takeoff_reposition_succeeded,0.000000
121.875000,1.753120,-0.035762,0.065871,0.000393,-0.000024,0.000138,GROUND,GROUND,DONE,GROUND_DRIVE,True,True,False,True,True,True,32,41,recent_reverse_path,verified_current_epoch,True,takeoff_reposition_succeeded,0.000000
121.974000,1.753036,-0.035762,0.065871,-0.002092,0.000052,-0.000138,GROUND,GROUND,DONE,GROUND_DRIVE,True,True,False,True,True,True,32,41,recent_reverse_path,verified_current_epoch,True,takeoff_reposition_succeeded,0.000000
122.074000,1.752951,-0.035763,0.065871,-0.002092,0.000052,-0.000138,GROUND,GROUND,DONE,GROUND_DRIVE,True,True,False,True,True,True,32,41,recent_reverse_path,verified_current_epoch,True,takeoff_reposition_succeeded,0.000000
122.173000,1.752867,-0.035763,0.065871,0.000393,-0.000024,0.000138,GROUND,GROUND,DONE,GROUND_DRIVE,True,True,False,True,True,True,32,41,recent_reverse_path,verified_current_epoch,True,takeoff_reposition_succeeded,0.000000
122.272000,1.752783,-0.035764,0.065871,-0.002092,0.000051,-0.000138,GROUND,GROUND,DONE,GROUND_DRIVE,True,True,False,True,True,True,32,41,recent_reverse_path,verified_current_epoch,True,takeoff_reposition_succeeded,0.000000
122.372000,1.752698,-0.035764,0.065871,-0.002092,0.000051,-0.000138,GROUND,GROUND,DONE,GROUND_DRIVE,True,True,False,True,True,True,32,41,recent_reverse_path,verified_current_epoch,True,takeoff_reposition_succeeded,0.000000
122.471000,1.752614,-0.035765,0.065871,0.000393,-0.000023,0.000138,GROUND,GROUND,DONE,GROUND_DRIVE,True,True,False,True,True,True,32,41,recent_reverse_path,verified_current_epoch,True,takeoff_reposition_succeeded,0.000000
122.571000,1.752770,-0.035756,0.065871,0.022177,0.000236,0.000837,GROUND,GROUND,DONE,GROUND_DRIVE,True,True,False,True,True,True,32,41,recent_reverse_path,verified_current_epoch,True,takeoff_reposition_succeeded,0.000000
122.670000,1.754751,-0.035697,0.065871,-0.000248,0.000016,-0.000103,GROUND,GROUND,DONE,GROUND_DRIVE,True,True,False,True,True,True,32,41,recent_reverse_path,verified_current_epoch,True,takeoff_reposition_succeeded,0.000000
122.769000,1.754719,-0.035698,0.065871,0.000490,-0.000028,0.000161,GROUND,GROUND,DONE,GROUND_DRIVE,True,True,False,True,True,True,32,41,recent_reverse_path,verified_current_epoch,True,takeoff_reposition_succeeded,0.000000
122.869000,1.754636,-0.035698,0.065871,0.000406,-0.000026,0.000124,GROUND,GROUND,DONE,GROUND_DRIVE,True,True,False,True,True,True,32,41,recent_reverse_path,verified_current_epoch,True,takeoff_reposition_succeeded,0.000000
122.968000,1.754552,-0.035699,0.065871,-0.002087,0.000054,-0.000139,GROUND,GROUND,DONE,GROUND_DRIVE,True,True,False,True,True,True,32,41,recent_reverse_path,verified_current_epoch,True,takeoff_reposition_succeeded,0.000000
123.068000,1.754467,-0.035699,0.065871,-0.002090,0.000054,-0.000135,GROUND,GROUND,DONE,GROUND_DRIVE,True,True,False,True,True,True,32,41,recent_reverse_path,verified_current_epoch,True,takeoff_reposition_succeeded,0.000000
123.167000,1.754383,-0.035699,0.065871,0.000394,-0.000025,0.000138,GROUND,GROUND,DONE,GROUND_DRIVE,True,True,False,True,True,True,32,41,recent_reverse_path,verified_current_epoch,True,takeoff_reposition_succeeded,0.000000
123.266000,1.754299,-0.035700,0.065871,-0.002091,0.000053,-0.000139,GROUND,GROUND,DONE,GROUND_DRIVE,True,True,False,True,True,True,32,41,recent_reverse_path,verified_current_epoch,True,takeoff_reposition_succeeded,0.000000
123.366000,1.754214,-0.035700,0.065871,-0.002092,0.000053,-0.000138,GROUND,GROUND,DONE,GROUND_DRIVE,True,True,False,True,True,True,32,41,recent_reverse_path,verified_current_epoch,True,takeoff_reposition_succeeded,0.000000
123.465000,1.754130,-0.035701,0.065871,0.000393,-0.000024,0.000138,GROUND,GROUND,DONE,GROUND_DRIVE,True,True,False,True,True,True,32,41,recent_reverse_path,verified_current_epoch,True,takeoff_reposition_succeeded,0.000000
123.565000,1.754045,-0.035701,0.065871,0.000393,-0.000024,0.000138,GROUND,GROUND,DONE,GROUND_DRIVE,True,True,False,True,True,True,32,41,recent_reverse_path,verified_current_epoch,True,takeoff_reposition_succeeded,0.000000
123.664000,1.753961,-0.035702,0.065871,-0.002092,0.000052,-0.000138,GROUND,GROUND,DONE,GROUND_DRIVE,True,True,False,True,True,True,32,41,recent_reverse_path,verified_current_epoch,True,takeoff_reposition_succeeded,0.000000
123.763000,1.753877,-0.035702,0.065871,0.000393,-0.000024,0.000138,GROUND,GROUND,DONE,GROUND_DRIVE,True,True,False,True,True,True,32,41,recent_reverse_path,verified_current_epoch,True,takeoff_reposition_succeeded,0.000000
123.863000,1.753792,-0.035702,0.065871,0.000393,-0.000024,0.000138,GROUND,GROUND,DONE,GROUND_DRIVE,True,True,False,True,True,True,32,41,recent_reverse_path,verified_current_epoch,True,takeoff_reposition_succeeded,0.000000
123.962000,1.753708,-0.035703,0.065871,-0.002092,0.000051,-0.000138,GROUND,GROUND,DONE,GROUND_DRIVE,True,True,False,True,True,True,32,41,recent_reverse_path,verified_current_epoch,True,takeoff_reposition_succeeded,0.000000
124.061000,1.753624,-0.035703,0.065871,0.000393,-0.000024,0.000138,GROUND,GROUND,DONE,GROUND_DRIVE,True,True,False,True,True,True,32,41,recent_reverse_path,verified_current_epoch,True,takeoff_reposition_succeeded,0.000000
124.161000,1.753539,-0.035704,0.065871,0.000393,-0.000023,0.000138,GROUND,GROUND,DONE,GROUND_DRIVE,True,True,False,True,True,True,32,41,recent_reverse_path,verified_current_epoch,True,takeoff_reposition_succeeded,0.000000
124.260000,1.753455,-0.035704,0.065871,-0.002092,0.000050,-0.000138,GROUND,GROUND,DONE,GROUND_DRIVE,True,True,False,True,True,True,32,41,recent_reverse_path,verified_current_epoch,True,takeoff_reposition_succeeded,0.000000
124.360000,1.753370,-0.035705,0.065871,-0.002092,0.000050,-0.000138,GROUND,GROUND,DONE,GROUND_DRIVE,True,True,False,True,True,True,32,41,recent_reverse_path,verified_current_epoch,True,takeoff_reposition_succeeded,0.000000
124.459000,1.753286,-0.035705,0.065871,0.000393,-0.000023,0.000138,GROUND,GROUND,DONE,GROUND_DRIVE,True,True,False,True,True,True,32,41,recent_reverse_path,verified_current_epoch,True,takeoff_reposition_succeeded,0.000000
124.558000,1.753202,-0.035705,0.065871,-0.002092,0.000049,-0.000138,GROUND,GROUND,DONE,GROUND_DRIVE,True,True,False,True,True,True,32,41,recent_reverse_path,verified_current_epoch,True,takeoff_reposition_succeeded,0.000000
124.658000,1.753117,-0.035706,0.065871,-0.002092,0.000049,-0.000138,GROUND,GROUND,DONE,GROUND_DRIVE,True,True,False,True,True,True,32,41,recent_reverse_path,verified_current_epoch,True,takeoff_reposition_succeeded,0.000000
124.757000,1.753033,-0.035706,0.065871,0.000393,-0.000023,0.000138,GROUND,GROUND,DONE,GROUND_DRIVE,True,True,False,True,True,True,32,41,recent_reverse_path,verified_current_epoch,True,takeoff_reposition_succeeded,0.000000
124.857000,1.752948,-0.035707,0.065871,0.000393,-0.000023,0.000138,GROUND,GROUND,DONE,GROUND_DRIVE,True,True,False,True,True,True,32,41,recent_reverse_path,verified_current_epoch,True,takeoff_reposition_succeeded,0.000000
124.956000,1.752864,-0.035707,0.065871,-0.002092,0.000048,-0.000138,GROUND,GROUND,DONE,GROUND_DRIVE,True,True,False,True,True,True,32,41,recent_reverse_path,verified_current_epoch,True,takeoff_reposition_succeeded,0.000000
125.055000,1.752780,-0.035707,0.065871,0.000394,-0.000022,0.000138,GROUND,GROUND,DONE,GROUND_DRIVE,True,True,False,True,True,True,32,41,recent_reverse_path,verified_current_epoch,True,takeoff_reposition_succeeded,0.000000
125.155000,1.752695,-0.035708,0.065871,0.000394,-0.000022,0.000138,GROUND,GROUND,DONE,GROUND_DRIVE,True,True,False,True,True,True,32,41,recent_reverse_path,verified_current_epoch,True,takeoff_reposition_succeeded,0.000000
125.254000,1.752611,-0.035708,0.065871,-0.002092,0.000047,-0.000138,GROUND,GROUND,DONE,GROUND_DRIVE,True,True,False,True,True,True,32,41,recent_reverse_path,verified_current_epoch,True,takeoff_reposition_succeeded,0.000000
125.354000,1.752535,-0.035708,0.065871,0.002323,0.000228,-0.000141,GROUND,GROUND,DONE,GROUND_DRIVE,True,True,False,True,True,True,32,41,recent_reverse_path,verified_current_epoch,True,takeoff_reposition_succeeded,0.000000
125.453000,1.754709,-0.035641,0.065871,0.003432,-0.000079,0.000284,GROUND,GROUND,DONE,GROUND_DRIVE,True,True,False,True,True,True,32,41,recent_reverse_path,verified_current_epoch,True,takeoff_reposition_succeeded,0.000000
125.552000,1.754715,-0.035641,0.065871,-0.001998,0.000051,-0.000155,GROUND,GROUND,DONE,GROUND_DRIVE,True,True,False,True,True,True,32,41,recent_reverse_path,verified_current_epoch,True,takeoff_reposition_succeeded,0.000000
125.652000,1.754633,-0.035642,0.065871,-0.002094,0.000052,-0.000169,GROUND,GROUND,DONE,GROUND_DRIVE,True,True,False,True,True,True,32,41,recent_reverse_path,verified_current_epoch,True,takeoff_reposition_succeeded,0.000000
125.751000,1.754549,-0.035642,0.065871,0.000389,-0.000023,0.000145,GROUND,GROUND,DONE,GROUND_DRIVE,True,True,False,True,True,True,32,41,recent_reverse_path,verified_current_epoch,True,takeoff_reposition_succeeded,0.000000
125.851000,1.754464,-0.035643,0.065871,0.000393,-0.000024,0.000144,GROUND,GROUND,DONE,GROUND_DRIVE,True,True,False,True,True,True,32,41,recent_reverse_path,verified_current_epoch,True,takeoff_reposition_succeeded,0.000000
125.950000,1.754380,-0.035643,0.065871,-0.002092,0.000051,-0.000140,GROUND,GROUND,DONE,GROUND_DRIVE,True,True,False,True,True,True,32,41,recent_reverse_path,verified_current_epoch,True,takeoff_reposition_succeeded,0.000000
126.049000,1.754296,-0.035644,0.065871,0.000393,-0.000023,0.000138,GROUND,GROUND,DONE,GROUND_DRIVE,True,True,False,True,True,True,32,41,recent_reverse_path,verified_current_epoch,True,takeoff_reposition_succeeded,0.000000
126.149000,1.754211,-0.035644,0.065871,0.000393,-0.000023,0.000139,GROUND,GROUND,DONE,GROUND_DRIVE,True,True,False,True,True,True,32,41,recent_reverse_path,verified_current_epoch,True,takeoff_reposition_succeeded,0.000000
126.248000,1.754127,-0.035644,0.065871,-0.002092,0.000050,-0.000138,GROUND,GROUND,DONE,GROUND_DRIVE,True,True,False,True,True,True,32,41,recent_reverse_path,verified_current_epoch,True,takeoff_reposition_succeeded,0.000000
126.348000,1.754042,-0.035645,0.065871,-0.002092,0.000050,-0.000138,GROUND,GROUND,DONE,GROUND_DRIVE,True,True,False,True,True,True,32,41,recent_reverse_path,verified_current_epoch,True,takeoff_reposition_succeeded,0.000000
126.447000,1.753958,-0.035645,0.065871,0.000393,-0.000023,0.000138,GROUND,GROUND,DONE,GROUND_DRIVE,True,True,False,True,True,True,32,41,recent_reverse_path,verified_current_epoch,True,takeoff_reposition_succeeded,0.000000
126.546000,1.753874,-0.035646,0.065871,-0.002092,0.000049,-0.000138,GROUND,GROUND,DONE,GROUND_DRIVE,True,True,False,True,True,True,32,41,recent_reverse_path,verified_current_epoch,True,takeoff_reposition_succeeded,0.000000
126.646000,1.753789,-0.035646,0.065871,-0.002092,0.000049,-0.000138,GROUND,GROUND,DONE,GROUND_DRIVE,True,True,False,True,True,True,32,41,recent_reverse_path,verified_current_epoch,True,takeoff_reposition_succeeded,0.000000
126.745000,1.753705,-0.035647,0.065871,0.000393,-0.000023,0.000138,GROUND,GROUND,DONE,GROUND_DRIVE,True,True,False,True,True,True,32,41,recent_reverse_path,verified_current_epoch,True,takeoff_reposition_succeeded,0.000000
126.845000,1.753620,-0.035647,0.065871,0.000394,-0.000022,0.000138,GROUND,GROUND,DONE,GROUND_DRIVE,True,True,False,True,True,True,32,41,recent_reverse_path,verified_current_epoch,True,takeoff_reposition_succeeded,0.000000
126.944000,1.753536,-0.035647,0.065871,-0.002092,0.000048,-0.000138,GROUND,GROUND,DONE,GROUND_DRIVE,True,True,False,True,True,True,32,41,recent_reverse_path,verified_current_epoch,True,takeoff_reposition_succeeded,0.000000
127.043000,1.753452,-0.035648,0.065871,0.000394,-0.000022,0.000138,GROUND,GROUND,DONE,GROUND_DRIVE,True,True,False,True,True,True,32,41,recent_reverse_path,verified_current_epoch,True,takeoff_reposition_succeeded,0.000000
127.143000,1.753367,-0.035648,0.065871,0.000394,-0.000022,0.000138,GROUND,GROUND,DONE,GROUND_DRIVE,True,True,False,True,True,True,32,41,recent_reverse_path,verified_current_epoch,True,takeoff_reposition_succeeded,0.000000
127.242000,1.753283,-0.035649,0.065871,-0.002092,0.000047,-0.000138,GROUND,GROUND,DONE,GROUND_DRIVE,True,True,False,True,True,True,32,41,recent_reverse_path,verified_current_epoch,True,takeoff_reposition_succeeded,0.000000
127.342000,1.753198,-0.035649,0.065871,-0.002092,0.000047,-0.000138,GROUND,GROUND,DONE,GROUND_DRIVE,True,True,False,True,True,True,32,41,recent_reverse_path,verified_current_epoch,True,takeoff_reposition_succeeded,0.000000
127.441000,1.753114,-0.035649,0.065871,0.000394,-0.000022,0.000138,GROUND,GROUND,DONE,GROUND_DRIVE,True,True,False,True,True,True,32,41,recent_reverse_path,verified_current_epoch,True,takeoff_reposition_succeeded,0.000000
127.540000,1.753030,-0.035650,0.065871,-0.002092,0.000046,-0.000138,GROUND,GROUND,DONE,GROUND_DRIVE,True,True,False,True,True,True,32,41,recent_reverse_path,verified_current_epoch,True,takeoff_reposition_succeeded,0.000000
127.640000,1.752945,-0.035650,0.065871,-0.002092,0.000046,-0.000138,GROUND,GROUND,DONE,GROUND_DRIVE,True,True,False,True,True,True,32,41,recent_reverse_path,verified_current_epoch,True,takeoff_reposition_succeeded,0.000000
127.739000,1.752861,-0.035651,0.065871,0.000394,-0.000021,0.000138,GROUND,GROUND,DONE,GROUND_DRIVE,True,True,False,True,True,True,32,41,recent_reverse_path,verified_current_epoch,True,takeoff_reposition_succeeded,0.000000
127.839000,1.752776,-0.035651,0.065871,0.000394,-0.000021,0.000138,GROUND,GROUND,DONE,GROUND_DRIVE,True,True,False,True,True,True,32,41,recent_reverse_path,verified_current_epoch,True,takeoff_reposition_succeeded,0.000000
127.938000,1.752692,-0.035651,0.065871,-0.002092,0.000045,-0.000138,GROUND,GROUND,DONE,GROUND_DRIVE,True,True,False,True,True,True,32,41,recent_reverse_path,verified_current_epoch,True,takeoff_reposition_succeeded,0.000000
128.037000,1.752608,-0.035652,0.065871,0.000394,-0.000021,0.000138,GROUND,GROUND,DONE,GROUND_DRIVE,True,True,False,True,True,True,32,41,recent_reverse_path,verified_current_epoch,True,takeoff_reposition_succeeded,0.000000
128.137000,1.752523,-0.035652,0.065871,0.000394,-0.000021,0.000138,GROUND,GROUND,DONE,GROUND_DRIVE,True,True,False,True,True,True,32,41,recent_reverse_path,verified_current_epoch,True,takeoff_reposition_succeeded,0.000000
128.237000,1.754641,-0.035585,0.065871,0.006633,-0.000136,0.000397,GROUND,GROUND,DONE,GROUND_DRIVE,True,True,False,True,True,True,32,41,recent_reverse_path,verified_current_epoch,True,takeoff_reposition_succeeded,0.000000
128.336000,1.754709,-0.035585,0.065871,-0.001900,0.000046,-0.000040,GROUND,GROUND,DONE,GROUND_DRIVE,True,True,False,True,True,True,32,41,recent_reverse_path,verified_current_epoch,True,takeoff_reposition_succeeded,0.000000
128.436000,1.754630,-0.035585,0.065871,-0.002098,0.000050,-0.000120,GROUND,GROUND,DONE,GROUND_DRIVE,True,True,False,True,True,True,32,41,recent_reverse_path,verified_current_epoch,True,takeoff_reposition_succeeded,0.000000
128.536000,1.754545,-0.035586,0.065871,-0.002097,0.000049,-0.000144,GROUND,GROUND,DONE,GROUND_DRIVE,True,True,False,True,True,True,32,41,recent_reverse_path,verified_current_epoch,True,takeoff_reposition_succeeded,0.000000
128.636000,1.754460,-0.035586,0.065871,-0.002093,0.000049,-0.000145,GROUND,GROUND,DONE,GROUND_DRIVE,True,True,False,True,True,True,32,41,recent_reverse_path,verified_current_epoch,True,takeoff_reposition_succeeded,0.000000
128.735000,1.754376,-0.035587,0.065871,0.000393,-0.000022,0.000140,GROUND,GROUND,DONE,GROUND_DRIVE,True,True,False,True,True,True,32,41,recent_reverse_path,verified_current_epoch,True,takeoff_reposition_succeeded,0.000000
128.835000,1.754291,-0.035587,0.065871,0.000393,-0.000022,0.000139,GROUND,GROUND,DONE,GROUND_DRIVE,True,True,False,True,True,True,32,41,recent_reverse_path,verified_current_epoch,True,takeoff_reposition_succeeded,0.000000
128.935000,1.754206,-0.035588,0.065871,0.000394,-0.000022,0.000139,GROUND,GROUND,DONE,GROUND_DRIVE,True,True,False,True,True,True,32,41,recent_reverse_path,verified_current_epoch,True,takeoff_reposition_succeeded,0.000000
129.035000,1.754121,-0.035588,0.065871,0.000394,-0.000022,0.000138,GROUND,GROUND,DONE,GROUND_DRIVE,True,True,False,True,True,True,32,41,recent_reverse_path,verified_current_epoch,True,takeoff_reposition_succeeded,0.000000
129.135000,1.754036,-0.035588,0.065871,0.000394,-0.000022,0.000138,GROUND,GROUND,DONE,GROUND_DRIVE,True,True,False,True,True,True,32,41,recent_reverse_path,verified_current_epoch,True,takeoff_reposition_succeeded,0.000000
129.234000,1.753952,-0.035589,0.065871,-0.002092,0.000047,-0.000138,GROUND,GROUND,DONE,GROUND_DRIVE,True,True,False,True,True,True,32,41,recent_reverse_path,verified_current_epoch,True,takeoff_reposition_succeeded,0.000000
129.334000,1.753867,-0.035589,0.065871,-0.002092,0.000047,-0.000138,GROUND,GROUND,DONE,GROUND_DRIVE,True,True,False,True,True,True,32,41,recent_reverse_path,verified_current_epoch,True,takeoff_reposition_succeeded,0.000000
129.434000,1.753782,-0.035590,0.065871,-0.002092,0.000046,-0.000138,GROUND,GROUND,DONE,GROUND_DRIVE,True,True,False,True,True,True,32,41,recent_reverse_path,verified_current_epoch,True,takeoff_reposition_succeeded,0.000000
129.534000,1.753697,-0.035590,0.065871,-0.002092,0.000046,-0.000138,GROUND,GROUND,DONE,GROUND_DRIVE,True,True,False,True,True,True,32,41,recent_reverse_path,verified_current_epoch,True,takeoff_reposition_succeeded,0.000000
129.633000,1.753613,-0.035590,0.065871,0.000394,-0.000021,0.000138,GROUND,GROUND,DONE,GROUND_DRIVE,True,True,False,True,True,True,32,41,recent_reverse_path,verified_current_epoch,True,takeoff_reposition_succeeded,0.000000
129.733000,1.753528,-0.035591,0.065871,0.000394,-0.000021,0.000138,GROUND,GROUND,DONE,GROUND_DRIVE,True,True,False,True,True,True,32,41,recent_reverse_path,verified_current_epoch,True,takeoff_reposition_succeeded,0.000000
129.833000,1.753443,-0.035591,0.065871,0.000394,-0.000021,0.000138,GROUND,GROUND,DONE,GROUND_DRIVE,True,True,False,True,True,True,32,41,recent_reverse_path,verified_current_epoch,True,takeoff_reposition_succeeded,0.000000
129.933000,1.753358,-0.035592,0.065871,0.000394,-0.000021,0.000138,GROUND,GROUND,DONE,GROUND_DRIVE,True,True,False,True,True,True,32,41,recent_reverse_path,verified_current_epoch,True,takeoff_reposition_succeeded,0.000000
130.032000,1.753275,-0.035592,0.065871,-0.002092,0.000045,-0.000138,GROUND,GROUND,DONE,GROUND_DRIVE,True,True,False,True,True,True,32,41,recent_reverse_path,verified_current_epoch,True,takeoff_reposition_succeeded,0.000000
130.132000,1.753190,-0.035592,0.065871,-0.002092,0.000045,-0.000138,GROUND,GROUND,DONE,GROUND_DRIVE,True,True,False,True,True,True,32,41,recent_reverse_path,verified_current_epoch,True,takeoff_reposition_succeeded,0.000000
130.232000,1.753105,-0.035593,0.065871,-0.002092,0.000044,-0.000138,GROUND,GROUND,DONE,GROUND_DRIVE,True,True,False,True,True,True,32,41,recent_reverse_path,verified_current_epoch,True,takeoff_reposition_succeeded,0.000000
130.332000,1.753020,-0.035593,0.065871,-0.002092,0.000044,-0.000138,GROUND,GROUND,DONE,GROUND_DRIVE,True,True,False,True,True,True,32,41,recent_reverse_path,verified_current_epoch,True,takeoff_reposition_succeeded,0.000000
130.431000,1.752935,-0.035594,0.065871,0.000394,-0.000021,0.000138,GROUND,GROUND,DONE,GROUND_DRIVE,True,True,False,True,True,True,32,41,recent_reverse_path,verified_current_epoch,True,takeoff_reposition_succeeded,0.000000
130.531000,1.752851,-0.035594,0.065871,0.000394,-0.000021,0.000138,GROUND,GROUND,DONE,GROUND_DRIVE,True,True,False,True,True,True,32,41,recent_reverse_path,verified_current_epoch,True,takeoff_reposition_succeeded,0.000000
130.631000,1.752766,-0.035594,0.065871,0.000394,-0.000020,0.000138,GROUND,GROUND,DONE,GROUND_DRIVE,True,True,False,True,True,True,32,41,recent_reverse_path,verified_current_epoch,True,takeoff_reposition_succeeded,0.000000
130.731000,1.752681,-0.035595,0.065871,0.000394,-0.000020,0.000138,GROUND,GROUND,DONE,GROUND_DRIVE,True,True,False,True,True,True,32,41,recent_reverse_path,verified_current_epoch,True,takeoff_reposition_succeeded,0.000000
130.830000,1.752597,-0.035595,0.065871,-0.002092,0.000043,-0.000138,GROUND,GROUND,DONE,GROUND_DRIVE,True,True,False,True,True,True,32,41,recent_reverse_path,verified_current_epoch,True,takeoff_reposition_succeeded,0.000000
130.930000,1.752991,-0.035577,0.065870,0.027998,0.000927,-0.000563,GROUND,GROUND,DONE,GROUND_DRIVE,True,True,False,True,True,True,32,41,recent_reverse_path,verified_current_epoch,True,takeoff_reposition_succeeded,0.000000
131.030000,1.754749,-0.035528,0.065871,-0.000750,0.000022,-0.000092,GROUND,GROUND,DONE,GROUND_DRIVE,True,True,False,True,True,True,32,41,recent_reverse_path,verified_current_epoch,True,takeoff_reposition_succeeded,0.000000
131.130000,1.754701,-0.035529,0.065871,-0.002031,0.000046,-0.000077,GROUND,GROUND,DONE,GROUND_DRIVE,True,True,False,True,True,True,32,41,recent_reverse_path,verified_current_epoch,True,takeoff_reposition_succeeded,0.000000
131.229000,1.754619,-0.035529,0.065871,0.000404,-0.000023,0.000122,GROUND,GROUND,DONE,GROUND_DRIVE,True,True,False,True,True,True,32,41,recent_reverse_path,verified_current_epoch,True,takeoff_reposition_succeeded,0.000000
131.329000,1.754534,-0.035530,0.065871,0.000395,-0.000022,0.000126,GROUND,GROUND,DONE,GROUND_DRIVE,True,True,False,True,True,True,32,41,recent_reverse_path,verified_current_epoch,True,takeoff_reposition_succeeded,0.000000
131.429000,1.754449,-0.035530,0.065871,0.000393,-0.000022,0.000134,GROUND,GROUND,DONE,GROUND_DRIVE,True,True,False,True,True,True,32,41,recent_reverse_path,verified_current_epoch,True,takeoff_reposition_succeeded,0.000000
131.529000,1.754364,-0.035530,0.065871,0.000393,-0.000022,0.000138,GROUND,GROUND,DONE,GROUND_DRIVE,True,True,False,True,True,True,32,41,recent_reverse_path,verified_current_epoch,True,takeoff_reposition_succeeded,0.000000
131.629000,1.754279,-0.035531,0.065871,0.000393,-0.000022,0.000139,GROUND,GROUND,DONE,GROUND_DRIVE,True,True,False,True,True,True,32,41,recent_reverse_path,verified_current_epoch,True,takeoff_reposition_succeeded,0.000000
131.728000,1.754195,-0.035531,0.065871,-0.002092,0.000046,-0.000138,GROUND,GROUND,DONE,GROUND_DRIVE,True,True,False,True,True,True,32,41,recent_reverse_path,verified_current_epoch,True,takeoff_reposition_succeeded,0.000000
131.828000,1.754110,-0.035532,0.065871,-0.002092,0.000045,-0.000138,GROUND,GROUND,DONE,GROUND_DRIVE,True,True,False,True,True,True,32,41,recent_reverse_path,verified_current_epoch,True,takeoff_reposition_succeeded,0.000000
131.928000,1.754025,-0.035532,0.065871,-0.002092,0.000045,-0.000138,GROUND,GROUND,DONE,GROUND_DRIVE,True,True,False,True,True,True,32,41,recent_reverse_path,verified_current_epoch,True,takeoff_reposition_succeeded,0.000000
132.028000,1.753940,-0.035532,0.065871,-0.002092,0.000045,-0.000138,GROUND,GROUND,DONE,GROUND_DRIVE,True,True,False,True,True,True,32,41,recent_reverse_path,verified_current_epoch,True,takeoff_reposition_succeeded,0.000000
132.127000,1.753856,-0.035533,0.065871,0.000394,-0.000021,0.000138,GROUND,GROUND,DONE,GROUND_DRIVE,True,True,False,True,True,True,32,41,recent_reverse_path,verified_current_epoch,True,takeoff_reposition_succeeded,0.000000
132.227000,1.753771,-0.035533,0.065871,0.000394,-0.000021,0.000138,GROUND,GROUND,DONE,GROUND_DRIVE,True,True,False,True,True,True,32,41,recent_reverse_path,verified_current_epoch,True,takeoff_reposition_succeeded,0.000000
132.327000,1.753686,-0.035534,0.065871,0.000394,-0.000021,0.000138,GROUND,GROUND,DONE,GROUND_DRIVE,True,True,False,True,True,True,32,41,recent_reverse_path,verified_current_epoch,True,takeoff_reposition_succeeded,0.000000
132.427000,1.753601,-0.035534,0.065871,0.000394,-0.000021,0.000138,GROUND,GROUND,DONE,GROUND_DRIVE,True,True,False,True,True,True,32,41,recent_reverse_path,verified_current_epoch,True,takeoff_reposition_succeeded,0.000000
132.526000,1.753517,-0.035534,0.065871,-0.002092,0.000044,-0.000138,GROUND,GROUND,DONE,GROUND_DRIVE,True,True,False,True,True,True,32,41,recent_reverse_path,verified_current_epoch,True,takeoff_reposition_succeeded,0.000000
132.626000,1.753432,-0.035535,0.065871,-0.002092,0.000043,-0.000138,GROUND,GROUND,DONE,GROUND_DRIVE,True,True,False,True,True,True,32,41,recent_reverse_path,verified_current_epoch,True,takeoff_reposition_succeeded,0.000000
132.726000,1.753347,-0.035535,0.065871,-0.002092,0.000043,-0.000138,GROUND,GROUND,DONE,GROUND_DRIVE,True,True,False,True,True,True,32,41,recent_reverse_path,verified_current_epoch,True,takeoff_reposition_succeeded,0.000000
132.826000,1.753263,-0.035536,0.065871,-0.002092,0.000043,-0.000138,GROUND,GROUND,DONE,GROUND_DRIVE,True,True,False,True,True,True,32,41,recent_reverse_path,verified_current_epoch,True,takeoff_reposition_succeeded,0.000000
132.925000,1.753178,-0.035536,0.065871,0.000394,-0.000020,0.000138,GROUND,GROUND,DONE,GROUND_DRIVE,True,True,False,True,True,True,32,41,recent_reverse_path,verified_current_epoch,True,takeoff_reposition_succeeded,0.000000
133.025000,1.753093,-0.035536,0.065871,0.000394,-0.000020,0.000138,GROUND,GROUND,DONE,GROUND_DRIVE,True,True,False,True,True,True,32,41,recent_reverse_path,verified_current_epoch,True,takeoff_reposition_succeeded,0.000000
133.125000,1.753008,-0.035537,0.065871,0.000394,-0.000020,0.000138,GROUND,GROUND,DONE,GROUND_DRIVE,True,True,False,True,True,True,32,41,recent_reverse_path,verified_current_epoch,True,takeoff_reposition_succeeded,0.000000
133.225000,1.752923,-0.035537,0.065871,0.000394,-0.000020,0.000138,GROUND,GROUND,DONE,GROUND_DRIVE,True,True,False,True,True,True,32,41,recent_reverse_path,verified_current_epoch,True,takeoff_reposition_succeeded,0.000000
133.324000,1.752840,-0.035537,0.065871,-0.002092,0.000042,-0.000138,GROUND,GROUND,DONE,GROUND_DRIVE,True,True,False,True,True,True,32,41,recent_reverse_path,verified_current_epoch,True,takeoff_reposition_succeeded,0.000000
